Date,Adj Close,Close,High,Low,Open,Volume,MA_10,MA_20,MA_50,RSI,MACD,MACD_Signal,MACD_Hist,BB_Upper,BB_Middle,BB_Lower,ATR,Volume_MA,Daily_Return,Log_Return,Price_Range,Close_Above_MA,Target
2020-03-13,67.1029281616211,69.49250030517578,69.9800033569336,63.23749923706055,66.22250366210938,370732000,70.64900016784668,73.15837421417237,76.45169975280761,45.20879568118975,-2.7609965925066007,-2.1254624302577745,-0.6355341622488262,83.20250861671127,73.15837421417237,63.11423981163346,3.9880882329989396,291064040.0,0.11980826654731591,0.11315748006946919,6.742504119873047,0,60.5525016784668
2020-03-16,58.470340728759766,60.5525016784668,64.7699966430664,60.0,60.48749923706055,322423600,69.23400039672852,72.1241241455078,76.16099975585938,36.82638949187659,-3.3396462774677076,-2.368299199699761,-0.9713470777679465,82.86344828627966,72.1241241455078,61.38480000473596,4.381260523868714,289166680.0,-0.12864695596573805,-0.137708052412532,4.769996643066406,0,63.21500015258789
2020-03-17,61.04129409790039,63.21500015258789,64.40249633789062,59.599998474121094,61.877498626708984,324056000,68.32250022888184,71.29737415313721,75.93814979553223,40.37232042009911,-3.5425526050433263,-2.6031498807684743,-0.9394027242748519,82.10675537296865,71.29737415313721,60.487992933305776,4.411348905290201,289624720.0,0.04397008216537346,0.04303083212011041,4.802497863769531,0,61.66749954223633
2020-03-18,59.54700469970703,61.66749954223633,62.5,59.279998779296875,59.942501068115234,300233600,66.92075042724609,70.33549919128419,75.67249984741211,39.00204430021745,-3.7846011712910865,-2.839440138872997,-0.9451610324180897,80.97634104705772,70.33549919128419,59.694657335510655,4.377324081575973,297730240.0,-0.024479958975183402,-0.02478457476832596,3.220001220703125,0,61.19499969482422
2020-03-19,59.090755462646484,61.19499969482422,63.209999084472656,60.65250015258789,61.84749984741211,271857200,65.71725006103516,69.39149932861328,75.4044497680664,38.5715700072141,-3.96880329881391,-3.0653127708611794,-0.9034905279527305,79.75495219597799,69.39149932861328,59.028046461248564,4.2473365708837445,306158680.0,-0.007662056203340817,-0.0076915605619655705,2.5574989318847656,0,57.310001373291016
2020-03-20,55.33934020996094,57.310001373291016,62.95750045776367,57.0,61.79499816894531,401693200,64.22250022888184,68.34387454986572,75.0346997833252,35.13753305846595,-4.377807073390684,-3.3278116313670805,-1.049995442023604,79.13575499033136,68.34387454986572,57.55199410940007,4.369491134232311,323710320.0,-0.06348555177559367,-0.06559032932121368,5.957500457763672,0,56.092498779296875
2020-03-23,54.16371536254883,56.092498779296875,57.125,53.15250015258789,57.02000045776367,336752800,63.177499771118164,67.4212495803833,74.60839973449707,34.11255254752233,-4.745484800874692,-3.6113462652686033,-1.134138535606089,79.0568927053064,67.4212495803833,55.78560645546021,4.3543489975516545,328711120.0,-0.02124415572883842,-0.02147306053667657,3.9724998474121094,0,61.720001220703125
2020-03-24,59.597694396972656,61.720001220703125,61.92250061035156,58.57500076293945,59.09000015258789,287531200,62.21599998474121,66.90624980926513,74.2911498260498,42.46656511127042,-4.530554223938026,-3.795187857002488,-0.7353663669355379,78.5937834899014,66.90624980926513,55.21871612862888,4.4597527713733,328935240.0,0.10032540114763622,0.09560595528356876,3.3474998474121094,0,61.380001068115234
2020-03-25,59.26939010620117,61.380001068115234,64.5625,61.07500076293945,62.6875,303602000,61.4682502746582,66.31712493896484,73.93394989013672,42.11909331597693,-4.337653593508186,-3.903681004303628,-0.4339725892045583,77.87090902225509,66.31712493896484,54.763340855674585,4.39030609035096,333735560.0,-0.0055087515531973,-0.005523980679768436,3.487499237060547,0,64.61000061035156
2020-03-26,62.38832473754883,64.61000061035156,64.66999816894531,61.59000015258789,61.630001068115234,252087200,61.723500442504886,66.12862510681153,73.66274993896485,46.590070564116154,-3.879424890018555,-3.8988297814466133,0.019404891428058235,77.66463672928856,66.12862510681153,54.5926134843345,4.311712591099469,317096880.0,0.052622995862315225,0.05128514042350652,3.079998016357422,0,61.935001373291016
2020-03-27,59.80531311035156,61.935001373291016,63.967498779296875,61.76250076293945,63.1875,204216800,60.967750549316406,65.80837535858154,73.34474998474121,43.587229899210556,-3.689594079813361,-3.856982641119963,0.16738856130660196,77.43629813129981,65.80837535858154,54.18045258586328,4.207125966550372,300445360.0,-0.04140224751262378,-0.04228373683751426,2.204998016357422,0,63.70249938964844
2020-03-30,61.512027740478516,63.70249938964844,63.880001068115234,62.349998474121094,62.685001373291016,167976400,61.28275032043457,65.25837535858155,73.0426000213623,46.06101323846372,-3.357822588121927,-3.757150630520356,0.39932804239842934,76.17004078012035,65.25837535858155,54.34670993704274,4.0455455185699325,285000640.0,0.028537950709074167,0.028138328515267774,1.5300025939941406,0,63.5724983215332
2020-03-31,61.38650131225586,63.5724983215332,65.62249755859375,63.0,63.900001525878906,197002000,61.3185001373291,64.82050018310547,72.72039993286133,45.901577925558655,-3.0699923298301854,-3.619718970382322,0.5497266405521364,75.25430867655528,64.82050018310547,54.38669168965565,3.9438992357144906,272295240.0,-0.002040753021636643,-0.002042838195450451,2.62249755859375,0,60.227500915527344
2020-04-01,58.15652084350586,60.227500915527344,62.18000030517578,59.782501220703125,61.625,176218400,61.1745002746582,64.04762535095215,72.34209991455079,41.88426655366886,-3.0763360250399145,-3.5110423813138403,0.43470635627392573,73.37965007569852,64.04762535095215,54.71560062620577,3.93290622607989,259893720.0,-0.05261705130869221,-0.05405188665813775,2.3974990844726562,0,61.23249816894531
2020-04-02,59.1269645690918,61.23249816894531,61.287498474121094,59.224998474121094,60.084999084472656,165934000,61.17825012207031,63.447750091552734,71.97824981689453,43.484664415874725,-2.966077475144786,-3.4020494000800294,0.4359719249352434,71.83637686815615,63.447750091552734,55.05912331494932,3.799305781359898,249301400.0,0.016686683626928822,0.016548990570761035,2.0625,0,60.352500915527344
2020-04-03,58.277217864990234,60.352500915527344,61.42499923706055,59.74250030517578,60.70000076293945,129880000,61.482500076293945,62.85250015258789,71.58914978027343,42.38404352589841,-2.916090329771464,-3.3048575860183163,0.38876725624685227,70.29195881002164,62.85250015258789,55.41304149515415,3.648105292111674,222120080.0,-0.014371408643005013,-0.014475677535776998,1.6824989318847656,0,65.61750030517578
2020-04-06,63.36118698120117,65.61750030517578,65.77749633789062,62.345001220703125,62.724998474121094,201820400,62.43500022888183,62.80625,71.30994979858399,50.46264420429563,-2.4236948619455276,-3.128625041203759,0.7049301792582314,70.16442975102228,62.80625,55.44807024897772,3.775026015701074,208626840.0,0.08723746836966395,0.08364004644129358,3.4324951171875,1,64.85749816894531
2020-04-07,62.62730026245117,64.85749816894531,67.92500305175781,64.75,67.69999694824219,202887200,62.74874992370606,62.48237495422363,71.06234970092774,49.386179080335424,-2.0709214337818196,-2.9170843197193714,0.8461628859375518,68.80826150775819,62.48237495422363,56.15648840068907,3.7321672325622695,200162440.0,-0.011582308571582711,-0.011649905970384159,3.1750030517578125,1,66.51750183105469
2020-04-08,64.23023986816406,66.51750183105469,66.84249877929688,65.30750274658203,65.68499755859375,168895200,63.2625,62.3653751373291,70.80424972534179,51.804507604995514,-1.638509806946459,-2.661369417164789,1.02285961021833,68.28906448109318,62.3653751373291,56.44168579356503,3.607369616690076,186691760.0,0.02559462990362782,0.025272571117155352,1.5349960327148438,1,66.99749755859375
2020-04-09,64.69371795654297,66.99749755859375,67.51750183105469,66.17500305175781,67.17500305175781,161834800,63.50124969482422,62.61237506866455,70.52249969482422,52.51107168030092,-1.2427630349276484,-2.3776481407173606,1.1348851057897122,68.8668465611766,62.61237506866455,56.35790357615249,3.4455931283048473,177666520.0,0.0072160816976889475,0.00719017035771461,1.342498779296875,1,68.3125
2020-04-13,65.96349334716797,68.3125,68.42500305175781,66.4574966430664,67.07749938964844,131022800,64.13899955749511,62.55337505340576,70.26939971923828,54.47996240694007,-0.813642001297282,-2.064846912833345,1.251204911536063,68.56466026008115,62.55337505340576,56.542089846730356,3.3400155054753156,170347120.0,0.01962763520019828,0.01943749711505021,1.9675064086914062,1,71.76249694824219
2020-04-14,69.29487609863281,71.76249694824219,72.0625,69.51249694824219,70.0,194994800,64.94499931335449,63.11387481689453,70.157099609375,59.2530675279714,-0.1929503579801377,-1.6904676018627036,1.497517243882566,70.25808899753007,63.11387481689453,55.969660636258986,3.3693001122270787,173048960.0,0.050503157522300945,0.04926924703119566,2.5500030517578125,1,71.10749816894531
2020-04-15,68.66239929199219,71.10749816894531,71.5824966430664,70.15750122070312,70.5999984741211,131154400,65.6984992980957,63.508499717712404,70.03594955444336,58.00940300357676,0.24329476317036836,-1.3037151288560893,1.5470098920264577,71.4579926953556,63.508499717712404,55.55900674006921,3.243278370463649,166464200.0,-0.009127313111321755,-0.009169222240380774,1.4249954223632812,1,71.67250061035156
2020-04-16,69.20796966552734,71.67250061035156,72.05000305175781,70.5875015258789,71.84500122070312,157125200,66.84299926757812,64.00874977111816,69.87514953613281,58.81247162317108,0.6273810811848364,-0.9174958868479043,1.5448769680327405,72.66009440207876,64.00874977111816,55.35740514015757,3.116080024421882,164554880.0,0.007945750532016405,0.007914349284236623,1.4625015258789062,1,70.69999694824219
2020-04-17,68.26893615722656,70.69999694824219,71.73750305175781,69.21499633789062,71.17250061035156,215250000,67.78974914550781,64.48399963378907,69.6818994140625,56.79890423646534,0.8435751284503112,-0.5652816837882613,1.4088568122385725,73.50139582418024,64.48399963378907,55.466603443397894,3.0736819308108325,169486480.0,-0.01356871399529369,-0.013661610274173992,2.5225067138671875,1,69.23249816894531
2020-04-20,66.85187530517578,69.23249816894531,70.41999816894531,69.2125015258789,69.48750305175781,130015200,68.67774887084961,65.08012447357177,69.44049942016602,53.80530916581682,0.8862791075497114,-0.2749695255206667,1.1612486330703782,73.6887464431676,65.08012447357177,56.47150250397594,2.9603828944931503,169500000.0,-0.02075670215900005,-0.02097515063526252,1.2074966430664062,1,67.09249877929688
2020-04-21,64.78546905517578,67.09249877929688,69.3125,66.35749816894531,69.06999969482422,180991600,68.82524871826172,65.63012447357178,69.18219940185547,49.69227285953928,0.7389243921992374,-0.0721907419766859,0.8111151341759233,73.21648191048435,65.63012447357178,58.04376703665922,2.9599985328189744,167417120.0,-0.03091033035419699,-0.031398133038616306,2.9550018310546875,1,69.0250015258789
2020-04-22,66.6515121459961,69.0250015258789,69.4749984741211,68.05000305175781,68.40249633789062,116862400,69.24199905395508,65.99537448883056,68.95494949340821,53.1734097435754,0.7692145136069684,0.09609030914004495,0.6731242044669234,73.49646868471585,65.99537448883056,58.49428029294528,2.918748615819349,158814640.0,0.028803558993071077,0.028396533858639317,1.4249954223632812,1,68.75749969482422
2020-04-23,66.39320373535156,68.75749969482422,70.4375,68.71749877929688,68.96749877929688,124814400,69.46599884033203,66.36424942016602,68.73204956054687,52.63051535920713,0.7628409354393568,0.22944043439990733,0.5334005010394495,73.64351257270152,66.36424942016602,59.08498626763052,2.833123801882476,154406560.0,-0.0038754339028068685,-0.0038829628550406266,1.720001220703125,1,70.74250030517578
2020-04-24,68.30994415283203,70.74250030517578,70.75250244140625,69.25,69.30000305175781,126161200,69.84049911499024,66.67087440490722,68.51089950561523,56.2038625743604,0.9075016743339148,0.36505268238670885,0.542448991947206,74.14281758615945,66.67087440490722,59.198931223655,2.7732580122181583,150839200.0,0.028869586869241237,0.02846071108360393,1.50250244140625,1,70.7925033569336
2020-04-27,68.35822296142578,70.7925033569336,71.13500213623047,69.98750305175781,70.44999694824219,117087600,70.0884994506836,67.11374950408936,68.30239959716796,56.293305309581534,1.0144868080885914,0.4949395075270854,0.519547300561506,74.45930924173207,67.11374950408936,59.76818976644664,2.657132374522051,149445680.0,0.0007068318414262809,0.0007065821534516,1.1474990844726562,1,69.6449966430664
2020-04-28,67.25018310546875,69.6449966430664,71.4574966430664,69.55000305175781,71.2699966430664,112004800,69.87674942016602,67.41087436676025,68.07054946899414,53.58856960148583,0.9952069692336067,0.5949929998683897,0.400213969365217,74.66058002080375,67.41087436676025,60.16116871271676,2.6035867471496608,141146680.0,-0.016209438280229915,-0.016342248365057214,1.9074935913085938,1,71.93250274658203
2020-04-29,69.45903778076172,71.93250274658203,72.4175033569336,70.97250366210938,71.18250274658203,137280800,69.9592498779297,67.8288745880127,67.91419952392579,57.92818320206439,1.151239411787401,0.706242282252192,0.444997129535209,75.10910355683842,67.8288745880127,60.54864561918697,2.6156524590580554,141759320.0,0.0328452324470514,0.03231735553149393,1.4449996948242188,1,73.44999694824219
2020-04-30,70.92433166503906,73.44999694824219,73.63249969482422,72.0875015258789,72.48999786376953,183064000,70.13699951171876,68.48999938964843,67.76509948730468,60.562596353314255,1.3814211830171104,0.8412780624051757,0.5401431206119347,75.27355426899905,68.48999938964843,61.70644451029782,2.550248493999779,144353200.0,0.021096085131450115,0.020876643600259502,1.5449981689453125,1,72.26750183105469
2020-05-01,69.78250122070312,72.26750183105469,74.75,71.4625015258789,71.5625,240616800,70.29375,69.0417495727539,67.60894958496094,57.53907861138087,1.451690240210425,0.9633604979662256,0.48832974224419945,75.13424855824404,69.0417495727539,62.94925058726376,2.6029092068655872,146889880.0,-0.01609932152918625,-0.01623032353771697,3.2874984741210938,1,73.29000091552734
2020-05-04,70.76985168457031,73.29000091552734,73.42250061035156,71.58000183105469,72.2925033569336,133568000,70.6995002746582,69.68862457275391,67.50949966430665,59.42537862129609,1.5717677448615746,1.0850419473452955,0.4867257975162791,74.58287367497081,69.68862457275391,64.794375470537,2.548594176324965,147245160.0,0.014148809057535017,0.014049648896214476,1.842498779296875,1,74.38999938964844
2020-05-05,71.83203125,74.38999938964844,75.25,73.61499786376953,73.76499938964844,147751200,71.42925033569335,70.12724952697754,67.5063996887207,61.41144477372816,1.7356828447903752,1.2151701268343114,0.5205127179560638,75.05572610154431,70.12724952697754,65.19877295241076,2.506551669764086,143921120.0,0.015008847869833364,0.014897329568893164,1.6350021362304688,1,75.15750122070312
2020-05-06,72.57315063476562,75.15750122070312,75.80999755859375,74.71749877929688,75.11499786376953,142333600,72.04250030517578,70.64224967956542,67.56914978027343,62.7803808836657,1.9055517119436303,1.3532464438561753,0.552305268087455,75.41043709856865,70.64224967956542,65.8740622605622,2.4289407054198877,146468240.0,0.010317271640702286,0.010264411861892801,1.092498779296875,1,75.93499755859375
2020-05-07,73.32389831542969,75.93499755859375,76.2925033569336,75.49250030517578,75.80500030517578,115215200,72.76025009155273,71.11312446594238,67.62459976196288,64.16716680468735,2.0789466665883793,1.4983864884026161,0.5805601781857632,76.01706635633947,71.11312446594238,66.20918257554528,2.3365165219063577,145508320.0,0.010344893394040211,0.010291751170578447,0.8000030517578125,1,77.53250122070312
2020-05-08,75.06912994384766,77.53250122070312,77.5875015258789,76.07250213623047,76.41000366210938,133838400,73.43925018310547,71.63987464904785,67.80764984130859,66.89640158984737,2.318541904195257,1.6624175715611444,0.6561243326341126,76.9117609963242,71.63987464904785,66.3679883017715,2.2876584822905577,146276040.0,0.02103777854047717,0.02081954000678209,1.5149993896484375,1,78.75250244140625
2020-05-11,76.25035858154297,78.75250244140625,79.26249694824219,76.80999755859375,77.0250015258789,145946400,74.23525009155273,72.16187477111816,68.0158999633789,68.84782372883873,2.5771588754340087,1.8453658323357174,0.7317930430982913,78.04460029253539,72.16187477111816,66.27914924970094,2.2994328328161204,149161920.0,0.015735352290909388,0.015612835196842671,2.4524993896484375,1,77.85250091552734
2020-05-12,75.37897491455078,77.85250091552734,79.92250061035156,77.72750091552734,79.4574966430664,162301200,75.05600051879883,72.46637496948242,68.07889999389648,65.76778008877821,2.6786146841642307,2.01201560270142,0.6665990814628104,78.84448775706494,72.46637496948242,66.08826218189989,2.291973322959556,154191560.0,-0.011428227649636025,-0.011494031672537217,2.1949996948242188,1,76.9124984741211
2020-05-13,74.46882629394531,76.9124984741211,78.98750305175781,75.80249786376953,78.0374984741211,200622400,75.55400009155274,72.75662498474121,68.17054992675781,62.616922383876584,2.652591380189236,2.1401307581989832,0.5124606219902526,79.3844176834898,72.75662498474121,66.12883228599262,2.3557613133187507,160525720.0,-0.012074145728808161,-0.012147630334601305,3.1850051879882812,1,77.38500213623047
2020-05-14,74.92631530761719,77.38500213623047,77.44750213623047,75.38249969482422,76.12750244140625,158929200,75.94750061035157,73.04225006103516,68.20455001831054,63.561922672839735,2.6396663899475925,2.2400378845487054,0.39962850539888706,79.94519285380187,73.04225006103516,66.13930726826845,2.3349928224678576,158112240.0,0.006143392445746132,0.006124598742494439,2.06500244140625,1,76.92749786376953
2020-05-15,74.48333740234375,76.92749786376953,76.9749984741211,75.05249786376953,75.0875015258789,166348400,76.41350021362305,73.35362510681152,68.27849990844726,61.92951280643733,2.5629622375112717,2.304622755141219,0.25833948237005266,80.36679854631333,73.35362510681152,66.34045166730971,2.334815068895935,150685400.0,-0.005912053496561764,-0.00592959887181035,1.9225006103515625,1,78.73999786376953
2020-05-18,76.23826599121094,78.73999786376953,79.125,77.58000183105469,78.2925033569336,135178400,76.95849990844727,73.82900009155273,68.40814987182617,65.6890350760175,2.6182457393060474,2.3673473519741846,0.25089838733186287,80.94844817661111,73.82900009155273,66.70955200649435,2.325007002276973,150846440.0,0.023561145888427948,0.023287866287270975,1.5449981689453125,1,78.28500366210938
2020-05-19,75.79773712158203,78.28500366210938,79.62999725341797,78.25250244140625,78.75749969482422,101729600,77.34800033569336,74.38862533569336,68.64299987792968,63.98095787780074,2.5954256321546296,2.4129630080102737,0.18246262414435588,81.04662225357198,74.38862533569336,67.73062841781474,2.2573275601151694,146244280.0,-0.005778438074729886,-0.005795197842728512,1.3774948120117188,1,79.80750274658203
2020-05-20,77.27184295654297,79.80750274658203,79.87999725341797,79.12999725341797,79.16999816894531,111504800,77.81300048828125,74.92775039672851,68.81244995117187,67.06686953299376,2.669422049163117,2.4642548162408424,0.20516723292227468,81.50691858404085,74.92775039672851,68.34858220941618,2.2100179909146997,143161400.0,0.01944815754296969,0.019261458874264042,0.75,1,79.2125015258789
2020-05-21,76.69574737548828,79.2125015258789,80.22250366210938,78.96749877929688,79.66500091552734,102688800,78.14075088500977,75.45050048828125,69.01955001831055,64.7327614446549,2.6495112010177877,2.5013060931962317,0.14820510782155605,81.63514300882761,75.45050048828125,69.26585796773489,2.1418027689073997,141908760.0,-0.007455454690675767,-0.007483385504202602,1.2550048828125,1,79.72250366210938
2020-05-22,77.1895523071289,79.72250366210938,79.80750274658203,78.8375015258789,78.94249725341797,81803200,78.3597511291504,75.89950065612793,69.37285011291505,65.83047907614767,2.6444016049221233,2.52992519554141,0.11447640938071313,81.95427956065119,75.89950065612793,69.84472175160467,2.05810265832138,136705240.0,0.006438404625611405,0.006417766635006958,0.970001220703125,1,79.18250274658203
2020-05-26,76.66670989990234,79.18250274658203,81.05999755859375,79.125,80.875,125522000,78.40275115966797,76.31900062561036,69.56665016174317,63.57412746717824,2.5671857331820576,2.53737730306954,0.02980843011251766,82.0544834254683,76.31900062561036,70.58351782575241,2.0493094369122633,134662800.0,-0.006773506735514134,-0.006796551051767431,1.93499755859375,1,79.52749633789062
2020-05-27,77.00074768066406,79.52749633789062,79.67749786376953,78.27249908447266,79.03500366210938,112945200,78.5702507019043,76.81312561035156,69.94615005493164,64.41333290973729,2.504954145989444,2.530892671653521,-0.025938525664076728,81.82007558619775,76.81312561035156,71.80617563450538,2.0032872470825924,129727200.0,0.0043569422453433315,0.004347478251902913,1.404998779296875,1,79.5625
2020-05-28,77.03463745117188,79.5625,80.86000061035156,78.90750122070312,79.19249725341797,133560800,78.83525085449219,77.19462547302246,70.27310005187988,64.50269244067178,2.4304430333886984,2.5108027440005567,-0.08035971061185831,81.80278079581436,77.19462547302246,72.58647015023055,1.9996595429801527,123021040.0,0.0004401454053155618,0.0004400485697400987,1.9524993896484375,1,79.48500061035156
2020-05-29,76.95960998535156,79.48500061035156,80.2874984741211,79.11750030517578,79.8125,153532400,79.0452507019043,77.49637565612792,70.62945007324218,64.11880099034809,2.3381857370669934,2.4762793426138443,-0.1380936055468509,81.86851447862408,77.49637565612792,73.12423683363177,1.9403980162633785,122481360.0,-0.0009740693121563782,-0.0009745440259632908,1.1699981689453125,1,80.4625015258789
2020-06-01,77.9060287475586,80.4625015258789,80.5875015258789,79.30249786376953,79.4375,80791200,79.39875106811523,77.90612564086913,71.01480010986329,66.8025328432405,2.317235669255112,2.444470607942098,-0.127234938686986,81.74479388943273,77.90612564086913,74.06745739230554,1.8935841338238066,113925640.0,0.012297929269941221,0.012222924050923517,1.285003662109375,1,80.83499908447266
2020-06-02,78.26670837402344,80.83499908447266,80.86000061035156,79.73249816894531,80.1875,87642800,79.60825119018554,78.2833755493164,71.48530006408691,67.79117250735828,2.3041294593272994,2.4164023782191384,-0.11227291889183899,81.6921938757432,78.2833755493164,74.8745572228896,1.8388640129368383,109172080.0,0.004629455355348977,0.004618772385106134,1.12750244140625,1,81.27999877929688
2020-06-03,78.69757843017578,81.27999877929688,81.55000305175781,80.57499694824219,81.16500091552734,104491200,79.90775070190429,78.62787551879883,71.98905006408691,68.97967577214271,2.303101726813395,2.3937422479379897,-0.09064052112459464,81.77582660467154,78.62787551879883,75.47992443292613,1.7771598765496088,109448240.0,0.005505037420229231,0.005489940083986764,0.975006103515625,1,80.58000183105469
2020-06-04,78.01981353759766,80.58000183105469,81.40499877929688,80.19499969482422,81.09750366210938,87560400,79.98500061035156,78.89900054931641,72.36625007629395,64.92146242606276,2.2202101373565313,2.359035825821698,-0.13882568846516685,81.72194595870324,78.89900054931641,76.07605513992958,1.7366483914012552,107053800.0,-0.008612167307518348,-0.008649466325038917,1.2099990844726562,1,82.875
2020-06-05,80.24188232421875,82.875,82.9375,80.80750274658203,80.8375015258789,137250400,80.35125045776367,79.24600067138672,72.79615005493164,70.95481555281799,2.313041821346289,2.3498370249266163,-0.036795203580327396,82.22795238562954,79.24600067138672,76.26404895714391,1.7809948040829735,110509960.0,0.02848098928760323,0.028082946019387024,2.1299972534179688,1,83.36499786376953
2020-06-08,80.7163314819336,83.36499786376953,83.4000015258789,81.83000183105469,82.5625,95654400,80.71549987792969,79.53762550354004,73.17125,72.05976851911133,2.3985018954127924,2.3595699990238517,0.03893189638894068,82.90776902508846,79.53762550354004,76.16748198199163,1.7659237248502053,111895080.0,0.005912493077158798,0.005895082881367225,1.5699996948242188,1,85.99749755859375
2020-06-09,83.26518249511719,85.99749755859375,86.40249633789062,83.00250244140625,83.03500366210938,147712400,81.39699935913086,79.89987525939941,73.65249992370606,77.10012821693172,2.6481244146199856,2.4172808821430785,0.23084353247690714,84.26515572717555,79.89987525939941,75.53459479162326,1.8826430228240747,114114120.0,0.03157799750833212,0.031089666286867896,3.399993896484375,1,88.20999908447266
2020-06-10,85.40740203857422,88.20999908447266,88.69249725341797,86.52249908447266,86.9749984741211,166651600,82.26524963378907,80.41775016784668,74.14264991760254,80.3143842449129,2.9900154056402215,2.5318277868425074,0.4581876187977141,85.98157790924662,80.41775016784668,74.85392242644673,1.9406684993955137,119484760.0,0.025727510551937005,0.025402127217461996,2.1699981689453125,1,83.9749984741211
2020-06-11,81.30694580078125,83.9749984741211,87.76499938964844,83.87000274658203,87.32749938964844,201662400,82.70649948120118,80.77087516784668,74.5506999206543,62.291290990671015,2.885969661532414,2.602656161780489,0.2833134997519249,86.29634666706708,80.77087516784668,75.24540366862628,2.1120490592880214,126294920.0,-0.0480104370741008,-0.049201207564000385,3.8949966430664062,1,84.69999694824219
2020-06-12,82.00892639160156,84.69999694824219,86.94999694824219,83.55500030517578,86.18000030517578,200146000,83.22799911499024,81.13662490844726,75.04014984130859,63.78938873640868,2.8293984336110896,2.6480046161466095,0.18139381746448002,86.68554517760683,81.13662490844726,75.5877046392877,2.203688172415049,130956280.0,0.008633503867755632,0.008596448300086336,3.3949966430664062,1,85.74749755859375
2020-06-15,83.02311706542969,85.74749755859375,86.41999816894531,83.1449966430664,83.3125,138808800,83.75649871826172,81.57762489318847,75.53044982910156,65.89746823165147,2.836393691950221,2.685682431307332,0.15071126064288887,87.1203021732445,81.57762489318847,76.03494761313245,2.2802105548053246,136758040.0,0.012367185927901092,0.012291337002247682,3.2750015258789062,1,88.0199966430664
2020-06-16,85.22341918945312,88.0199966430664,88.30000305175781,86.18000030517578,87.86499786376953,165428800,84.4749984741211,82.04162483215332,76.08379974365235,69.98054915027198,2.990832710869583,2.7467124872197823,0.24412022364980057,88.08732520336913,82.04162483215332,75.9959244609375,2.29966019325952,144536640.0,0.026502220463282766,0.026157120614582512,2.1200027465820312,1,87.89749908447266
2020-06-17,85.10480499267578,87.89749908447266,88.8499984741211,87.77249908447266,88.7874984741211,114406400,85.13674850463867,82.52224960327149,76.52939971923828,69.49751367007484,3.0679764935439806,2.810965288484622,0.2570112050593587,88.8200511581651,82.52224960327149,76.22444804837788,2.212362993001586,145528160.0,-0.0013917014685934648,-0.0013926707845189497,1.0774993896484375,1,87.93250274658203
2020-06-18,85.13870239257812,87.93250274658203,88.36250305175781,87.30500030517578,87.85250091552734,96820400,85.8719985961914,82.92849960327149,76.99089981079102,69.56216629452285,3.096246398958087,2.868021510579315,0.22822488837877186,89.51502720820716,82.92849960327149,76.34197199833582,2.1298729754001893,146454160.0,0.0003982327423870391,0.00039815346877401846,1.0575027465820312,1,87.43000030517578
2020-06-19,84.65216064453125,87.43000030517578,89.13999938964844,86.2874984741211,88.66000366210938,264476000,86.32749862670899,83.33937454223633,77.40914978027344,67.35502421415617,3.0430246611622636,2.9030221406959047,0.14000252046635886,89.97247686319551,83.33937454223633,76.70627222127715,2.181489256837843,159176720.0,-0.005714638224894375,-0.0057310292455795735,2.8525009155273438,1,89.71749877929688
2020-06-22,86.86699676513672,89.71749877929688,89.86499786376953,87.7874984741211,87.83499908447266,135445200,86.96274871826172,83.8391242980957,77.8635498046875,71.7493561832275,3.149126885483909,2.952243089653506,0.19688379583040305,90.80466734156057,83.8391242980957,76.87358125463082,2.199596992677551,163155800.0,0.0261637706294926,0.025827354507163287,2.0774993896484375,1,91.63249969482422
2020-06-23,88.72114562988281,91.63249969482422,93.09500122070312,90.56749725341797,91.0,212155600,87.52624893188477,84.46162414550781,78.32994979858398,74.80676369473514,3.349131528735427,3.0316207774698904,0.3175107512655364,91.86292678830738,84.46162414550781,77.06032150270825,2.2837330961581723,169600120.0,0.021344787155047618,0.021120177724748765,2.5275039672851562,1,90.01499938964844
2020-06-24,87.15503692626953,90.01499938964844,92.19750213623047,89.62999725341797,91.25,192623200,87.70674896240234,84.9859992980957,78.6949998474121,68.10254195808045,3.3386322188616333,3.0930230657482394,0.24560915311339393,92.40073297394488,84.9859992980957,77.57126562224653,2.304002509490624,172197280.0,-0.017652037329143666,-0.017809692586195552,2.5675048828125,1,91.20999908447266
2020-06-25,88.31208801269531,91.20999908447266,91.25,89.39250183105469,90.17500305175781,137522400,88.4302490234375,85.56837425231933,79.09704986572265,70.2255852189056,3.3876867840021987,3.1519558093990314,0.23573097460316728,93.0172935615493,85.56837425231933,78.11945494308937,2.272109342308816,165783280.0,0.013275561883319131,0.01318821382545862,1.8574981689453125,1,88.40750122070312
2020-06-26,85.59861755371094,88.40750122070312,91.33000183105469,88.25499725341797,91.10250091552734,205256800,88.80099945068359,86.01449928283691,79.43174987792969,60.11955274965037,3.163952647512474,3.15435517702172,0.009597470490753768,93.00741928230529,86.01449928283691,79.02157928336852,2.3294590019750947,166294360.0,-0.030725774497311842,-0.03120770867309365,3.0750045776367188,1,90.44499969482422
2020-06-29,87.5713882446289,90.44499969482422,90.5425033569336,87.81999969482422,88.3125,130646000,89.27074966430663,86.51362419128418,79.82664993286133,64.15799856626828,3.1151414200214873,3.146512425621674,-0.031371005600186574,93.27123903555471,86.51362419128418,79.75600934701365,2.3575336205561146,165478080.0,0.02304666963762081,0.022785106298042836,2.722503662109375,1,91.19999694824219
2020-06-30,88.3023681640625,91.19999694824219,91.49500274658203,90.0,90.0199966430664,140223200,89.58874969482422,87.03187408447266,80.26599990844727,65.55011259477679,3.1016265193251797,3.1375352443623754,-0.035908725037195666,93.5536903866262,87.03187408447266,80.51005778231912,2.295924272415109,162957520.0,0.008347584233129979,0.00831293583858871,1.4950027465820312,1,91.02749633789062
2020-07-01,88.1353530883789,91.02749633789062,91.83999633789062,90.97750091552734,91.27999877929688,110737200,89.90174942016601,87.51924896240234,80.74469985961915,64.92959344561412,3.04193101830343,3.1184143991505864,-0.07648338084715656,93.69663808124788,87.51924896240234,81.3418598435568,2.193536497411407,162590600.0,-0.0018914541241646932,-0.00189324518234253,0.8624954223632812,1,91.02749633789062
2020-07-02,88.1353530883789,91.02749633789062,92.61750030517578,90.91000366210938,91.9625015258789,114041600,90.21124877929688,88.04162368774413,81.18474975585937,64.92959344561412,2.960495158319972,3.0868305509844634,-0.12633539266449123,93.50967312885824,88.04162368774413,82.57357424663003,2.158819364958193,164312720.0,0.0,0.0,1.7074966430664062,1,93.4625015258789
2020-07-06,90.49301147460938,93.4625015258789,93.94499969482422,92.46749877929688,92.5,118655600,90.81449890136719,88.57099876403808,81.67884979248046,69.63534241606838,3.0571997256560053,3.080904385918772,-0.02370466026276663,93.98551592126529,88.57099876403808,83.15648160681087,2.2130110786707213,149730680.0,0.026750215989129744,0.026398684216456428,1.4775009155273438,1,93.17250061035156
2020-07-07,90.21220397949219,93.17250061035156,94.65499877929688,93.05750274658203,93.85250091552734,112424400,91.15999908447266,89.06137390136719,82.12744979858398,68.45721744972857,3.0749915532343977,3.0797218193818976,-0.00473026614749994,94.27380133187128,89.06137390136719,83.8489464708631,2.1690457182453016,147428600.0,-0.003102858481131565,-0.0031076823275681766,1.5974960327148438,1,95.34249877929688
2020-07-08,92.31326293945312,95.34249877929688,95.375,94.08999633789062,94.18000030517578,117092000,91.53099899291992,89.52862396240235,82.61844970703125,72.24164389560566,3.2269936475409082,3.1091761850136996,0.1178174625272086,95.21273757296557,89.52862396240235,83.84451035183913,2.1714352662026686,137922240.0,0.023290114086561564,0.023023038247490753,1.285003662109375,1,95.75250244140625
2020-07-09,92.7102279663086,95.75250244140625,96.31749725341797,94.67250061035156,96.26249694824219,125642800,92.1047492980957,89.90574913024902,83.14059982299804,72.90314712955019,3.342015595926071,3.1557440671961743,0.18627152872989683,96.16193265692397,89.90574913024902,83.64956560357408,2.133832507407221,131224200.0,0.004300324276778955,0.004291104305463159,1.6449966430664062,1,95.91999816894531
2020-07-10,92.87244415283203,95.91999816894531,95.9800033569336,94.70500183105469,95.33499908447266,90257200,92.57574920654297,90.50299911499023,83.62034973144532,73.18429072749188,3.407408341775948,3.2060769221121292,0.20133141966381896,96.6603101980203,90.50299911499023,84.34568803196017,2.0724874372980557,126497680.0,0.0017492569203771957,0.0017477287523365943,1.2750015258789062,1,95.47750091552734
2020-07-13,92.44398498535156,95.47750091552734,99.95500183105469,95.25749969482422,97.26499938964844,191649200,93.28274917602539,91.0418743133545,84.06089981079101,71.08590947012803,3.38451218407198,3.2417639745040994,0.14274820956788048,96.95500382815537,91.0418743133545,85.12874479855363,2.2599884872217997,125136920.0,-0.004613190803429701,-0.004623864407021364,4.697502136230469,1,97.05750274658203
2020-07-14,93.97377014160156,97.05750274658203,97.25499725341797,93.87750244140625,94.83999633789062,170989200,93.94399948120117,91.60737457275391,84.55669982910156,73.95725217525472,3.4540436916635855,3.2842199179359968,0.16982377372758872,97.55021989552202,91.60737457275391,85.6645292499858,2.339810367563937,129171240.0,0.016548420475024583,0.016412987457458082,3.3774948120117188,1,97.7249984741211
2020-07-15,94.62007141113281,97.7249984741211,99.24749755859375,96.48999786376953,98.98999786376953,153198000,94.59649963378907,92.09262466430664,85.04539978027344,75.08301416839161,3.522405145202427,3.331856963389283,0.1905481818131438,98.36053885345864,92.09262466430664,85.82471047515465,2.3696453195111,130468720.0,0.006877322295030686,0.006853781384709544,2.7574996948242188,1,96.52249908447266
2020-07-16,93.45578002929688,96.52249908447266,97.40499877929688,95.90499877929688,96.5625,110577600,95.14599990844727,92.52387466430665,85.48804977416992,69.27339941428303,3.4398974421603157,3.35346505914349,0.08643238301682565,98.76469061914344,92.52387466430665,86.28305870946986,2.330384917747751,130452760.0,-0.012304931270650021,-0.012381263761140567,1.5,1,96.32749938964844
2020-07-17,93.2669677734375,96.32749938964844,97.14749908447266,95.83999633789062,96.98750305175781,92186800,95.67600021362304,92.94362449645996,85.91144973754882,68.34981471869042,3.32049801321358,3.346871649957508,-0.026373636743927786,99.01984018458745,92.94362449645996,86.86740880833247,2.257321905521628,128267280.0,-0.0020202512022980956,-0.0020222946624239846,1.3075027465820312,1,98.35749816894531
2020-07-20,95.23246002197266,98.35749816894531,98.5,96.0625,96.4175033569336,90318000,96.16549987792969,93.48999938964843,86.35989974975585,72.46543233865324,3.3510482434332545,3.3477069686526573,0.003341274780597203,99.44888269751767,93.48999938964843,87.53111608177919,2.27019176941294,125433520.0,0.0210739279246257,0.0208549439311001,2.4375,1,97.0
2020-07-21,93.91810607910156,97.0,99.25,96.74250030517578,99.17250061035156,103433200,96.54824981689453,93.8541244506836,86.7492497253418,66.26044018184324,3.228504572795657,3.323866489481257,-0.0953619166855999,99.73592780700386,93.8541244506836,87.97232109436334,2.2871423355137455,124534400.0,-0.013801674444927303,-0.013897803069163439,2.5074996948242188,1,97.27249908447266
2020-07-22,94.18195343017578,97.27249908447266,97.9749984741211,96.60250091552734,96.69249725341797,89001600,96.7412498474121,94.13612442016601,87.11964965820313,66.87362964110565,3.117440318233605,3.282581255231727,-0.16514093699812182,100.10499772318434,94.13612442016601,88.16725111714769,2.2218105657337457,121725360.0,0.0028092689120893244,0.0028053302908855626,1.37249755859375,1,92.84500122070312
2020-07-23,89.89513397216797,92.84500122070312,97.07749938964844,92.01000213623047,96.99749755859375,197004400,96.4504997253418,94.27762451171876,87.41949966430664,50.73854427503045,2.6417070662021302,3.1544064174258075,-0.5126993512236773,99.97710035811495,94.27762451171876,88.57814866532256,2.4390024501986347,128861520.0,-0.04551643995416055,-0.04658485959395655,5.067497253417969,0,92.61499786376953
2020-07-24,89.67242431640625,92.61499786376953,92.97000122070312,89.1449966430664,90.98750305175781,185438800,96.11999969482422,94.34787445068359,87.73354965209961,50.062785214816536,2.2205288138727894,2.967630896715204,-0.7471020828424146,99.92775662055709,94.34787445068359,88.76799228081009,2.5380026021584974,138379680.0,-0.0024772831483609314,-0.0024803566913329305,3.8250045776367188,0,94.80999755859375
2020-07-27,91.79767608642578,94.80999755859375,94.90499877929688,93.4800033569336,93.70999908447266,121214000,96.05324935913086,94.66799926757812,88.08204956054688,56.07519641842511,2.0403403717332225,2.782172791718808,-0.7418324199855855,99.53731853901475,94.66799926757812,89.7986799961415,2.520288195970558,131336160.0,0.023700261787544585,0.023423770670374336,1.4249954223632812,1,93.25250244140625
2020-07-28,90.28966522216797,93.25250244140625,94.55000305175781,93.24749755859375,94.36750030517578,103625600,95.67274932861328,94.80837440490723,88.40854965209961,51.35077853741679,1.7516707239937261,2.5760723781737918,-0.8244016541800656,99.33224781440356,94.80837440490723,90.2845009954109,2.451874753401232,124599800.0,-0.0164275409481468,-0.016563969182728004,1.3025054931640625,0,95.04000091552734
2020-07-29,92.0203857421875,95.04000091552734,95.2300033569336,93.7125015258789,93.75,90329200,95.40424957275391,95.00037460327148,88.73454971313477,55.93891530016094,1.6481354569027218,2.390484993919578,-0.7423495370168562,99.21043718173644,95.00037460327148,90.79031202480652,2.4179909078388113,118312920.0,0.01916837004180394,0.01898697125078352,1.5175018310546875,1,96.19000244140625
2020-07-30,93.13383483886719,96.19000244140625,96.29750061035156,93.76750183105469,94.1875,158130000,95.37099990844726,95.25849990844726,89.0926496887207,58.641402721493435,1.6399739254126047,2.2403827802181837,-0.600408854805579,99.07745300559947,95.25849990844726,91.43954681129506,2.425991470085816,123068160.0,0.01210018428872961,0.012027562298196995,2.529998779296875,1,106.26000213623047
2020-07-31,102.88390350341797,106.26000213623047,106.41500091552734,100.82499694824219,102.88500213623047,374336800,96.36425018310547,96.02012519836425,89.62169967651367,73.7970482269169,2.4181952205511976,2.2759452682847865,0.14224995226641113,101.75514415561754,96.02012519836425,90.28510624111097,2.9830633989454785,151283160.0,0.10468863124271488,0.09956351358099783,5.590003967285156,1,108.9375
2020-08-03,105.47632598876953,108.9375,111.63749694824219,107.89250183105469,108.19999694824219,308151200,97.42225036621093,96.79387512207032,90.2161996459961,76.28538457158602,3.2139445523644667,2.4635451251007225,0.7503994272637442,104.70330703880677,96.79387512207032,88.88444320533387,3.1540942141644956,173066480.0,0.02519760784812375,0.024885382153636268,3.7449951171875,1,109.66500091552734
2020-08-04,106.18072509765625,109.66500091552734,110.79000091552734,108.38749694824219,109.13249969482422,173071600,98.68875045776367,97.61850013732911,90.81504959106445,76.92653620896596,3.858802995879998,2.742596699256578,1.11620629662342,107.12372989518875,97.61850013732911,88.11327037946947,3.1004091965302574,180030320.0,0.006678149540124689,0.006655949481549645,2.4025039672851562,1,110.0625
2020-08-05,106.56558990478516,110.0625,110.39250183105469,108.89749908447266,109.37750244140625,121776800,99.9677505493164,98.35450019836426,91.43264953613281,77.28785462747112,4.3517683359041825,3.064431026586099,1.2873373093180835,109.2226738476212,98.35450019836426,87.48632654910733,2.985737307248241,183307840.0,0.0036246667683779155,0.0036181134946353835,1.4950027465820312,1,113.90249633789062
2020-08-06,110.2835922241211,113.90249633789062,114.4124984741211,109.79750061035156,110.40499877929688,202428800,102.07350006103516,99.26199989318847,92.12014953613281,80.46961501087334,4.994726434547971,3.4504901081784736,1.5442363263694974,111.98272841051329,99.26199989318847,86.54127137586366,3.102113061285476,183850280.0,0.03488923418867129,0.034294400882708104,4.614997863769531,1,111.11250305175781
2020-08-07,107.77620697021484,111.11250305175781,113.67500305175781,110.2925033569336,113.20500183105469,198045600,103.92325057983399,100.0216251373291,92.75114959716797,72.52036224094238,5.218985008272,3.8041890881971794,1.4147959200748206,113.63639292391368,100.0216251373291,86.40685735074452,3.1383901984048728,185110960.0,-0.02449457541173039,-0.024799558105862936,3.3824996948242188,1,112.72750091552734
2020-08-10,109.34272766113281,112.72750091552734,113.7750015258789,110.0,112.5999984741211,212403600,105.71500091552734,100.88412513732911,93.41599960327149,74.1144259038212,5.464042295812064,4.136159729720156,1.3278825660919074,115.39427054501502,100.88412513732911,86.3739797296432,3.1838624360815895,194229920.0,0.014534798689731954,0.01443018101603903,3.7750015258789062,1,109.375
2020-08-11,106.09085845947266,109.375,112.48249816894531,109.10749816894531,111.97000122070312,187902400,107.32725067138672,101.5,93.9942495727539,65.60650927134421,5.326334487423196,4.374194681260764,0.9521398061624318,116.34983150640917,101.5,86.65016849359083,3.2150153154030496,202657600.0,-0.029739867275506704,-0.0301910653715305,3.375,1,113.01000213623047
2020-08-12,109.6167221069336,113.01000213623047,113.2750015258789,110.29750061035156,110.49749755859375,165598000,109.12425079345704,102.26425018310547,94.63774963378906,69.67176658127688,5.447716466220399,4.588899038252691,0.8588174279677077,117.8150406752433,102.26425018310547,86.71345969096765,3.2639429018656108,210184480.0,0.03323430524553572,0.0326939845973023,2.9775009155273438,1,115.01000213623047
2020-08-13,111.55667877197266,115.01000213623047,116.0425033569336,113.92749786376953,114.43000030517578,210082000,111.00625076293946,103.18862533569336,95.31234970092774,71.65681217570861,5.640278227771262,4.799174876156406,0.8411033516148558,119.44613143822531,103.18862533569336,86.93111923316141,3.2474113532111475,215379680.0,0.017697548554941767,0.017542770403711112,2.1150054931640625,1,114.90750122070312
2020-08-14,111.45724487304688,114.90750122070312,115.0,113.04499816894531,114.83000183105469,165565200,111.87100067138672,104.1176254272461,95.9988996887207,71.39888492202569,5.718692318599295,4.983078364644984,0.735613953954311,120.81809669441691,104.1176254272461,87.41715416007528,3.1558108256450055,194502520.0,-0.0008912347937002352,-0.0008916321795559309,1.9550018310546875,1,114.60749816894531
2020-08-17,111.166259765625,114.60749816894531,116.0875015258789,113.9625015258789,116.0625,119561600,112.43800048828125,104.9301254272461,96.6335496520996,70.59791859430521,5.691025709636605,5.124667833643309,0.5663578759932966,122.00750193438684,104.9301254272461,87.85274892010536,3.0821814809560766,175643560.0,-0.002610822170622251,-0.002614236310595146,2.125,1,115.5625
2020-08-18,112.09256744384766,115.5625,116.0,114.00749969482422,114.35250091552734,105633600,113.02775039672852,105.85825042724609,97.27749969482421,71.68678652756273,5.6806770799107795,5.235869682896803,0.4448073970139763,123.12739123554458,105.85825042724609,88.5891096189476,3.004347111257484,168899760.0,0.008332804103680092,0.008298277958702902,1.9925003051757812,1,115.7074966430664
2020-08-19,112.23320770263672,115.7074966430664,117.1624984741211,115.61000061035156,115.98249816894531,145538000,113.59225006103516,106.78000030517578,97.87169967651367,71.85719958564417,5.619398802166103,5.3125755067506635,0.3068232954154393,124.08558431401434,106.78000030517578,89.47441629633721,2.904036494319171,171275880.0,0.0012547032390819446,0.0012539167567720579,1.5524978637695312,1,118.2750015258789
2020-08-20,114.72364044189453,118.2750015258789,118.39250183105469,115.73249816894531,115.75,126907200,114.02950057983398,108.05150032043457,98.4729997253418,74.7547523660541,5.712165227038739,5.39249345080828,0.31967177623045906,124.80281547619768,108.05150032043457,91.30018516467146,2.8883914010098217,163723720.0,0.02218961568871136,0.021947008514207084,2.660003662109375,1,124.37000274658203
2020-08-21,120.63565063476562,124.37000274658203,124.86750030517578,119.25,119.26249694824219,338054800,115.35525054931641,109.63925056457519,99.28089981079101,80.01508830872135,6.205960498011692,5.555186860248963,0.6507736377627289,126.25624002609123,109.63925056457519,93.02226110305915,3.1529704994588967,177724640.0,0.05153245522782357,0.05024858133128606,5.617500305175781,1,125.85749816894531
2020-08-24,122.07846069335938,125.85749816894531,128.78500366210938,123.9375,128.69749450683594,345937600,116.6682502746582,111.19162559509277,100.10404983520507,81.05272909566276,6.640774541748698,5.77230439654891,0.8684701451997876,127.77806065362438,111.19162559509277,94.60519053656117,3.2740085825053593,191078040.0,0.011960242739515126,0.011889284263046699,4.847503662109375,1,124.82499694824219
2020-08-25,121.07695770263672,124.82499694824219,125.18000030517578,123.05249786376953,124.69750213623047,211495600,118.21324996948242,112.77025032043457,100.88559982299805,78.02445511843004,6.823397703233013,5.982523057885731,0.8408746453472817,128.19597360470854,112.77025032043457,97.3445270361606,3.240507991267532,193437360.0,-0.00820373228234006,-0.008237568074272974,2.12750244140625,1,126.52249908447266
2020-08-26,122.7234878540039,126.52249908447266,126.99250030517578,125.0824966430664,126.18000030517578,163022400,119.56449966430664,114.34437522888183,101.65564987182617,79.38794892972288,7.024132285596863,6.190844903427958,0.8332873821689057,128.59197089815075,114.34437522888183,100.09677955961293,3.163864803100822,193179800.0,0.01359905610039247,0.013507418789544586,1.910003662109375,1,125.01000213623047
2020-08-27,121.25639343261719,125.01000213623047,127.48500061035156,123.8324966430664,127.14250183105469,155552400,120.56449966430664,115.78537521362304,102.39789993286132,74.92706327823922,6.980700851001103,6.348816092942587,0.6318847580585158,128.09484017904285,115.78537521362304,103.47591024820322,3.1987676005425603,187726840.0,-0.011954371429482857,-0.012026399536978916,3.6525039672851562,1,124.80750274658203
2020-08-28,121.06001281738281,124.80750274658203,126.44249725341797,124.57749938964844,126.01249694824219,187630000,121.55449981689453,116.71275024414062,103.13539993286133,74.32489935319667,6.850967429838732,6.449246360321816,0.401721069516916,128.80473273409982,116.71275024414062,104.62076775418143,3.1034983336302013,189933320.0,-0.0016198655002642726,-0.0016211789009303247,1.8649978637695312,1,129.0399932861328
2020-08-31,125.1653823852539,129.0399932861328,131.0,126.0,127.58000183105469,225702700,122.99774932861328,117.71787490844727,103.96759979248047,78.25798017659227,7.008885306102016,6.561174149477856,0.44771115662415983,130.38579577596758,117.71787490844727,105.04995404092696,3.324141113615042,200547430.0,0.03391214827961697,0.03334980949758519,5.0,1,134.17999267578125
2020-09-01,130.1510772705078,134.17999267578125,134.8000030517578,130.52999877929688,132.75999450683594,151948100,124.8594985961914,118.94362449645996,104.85684967041016,81.8868156504698,7.462765242450018,6.741492368072289,0.7212728743777292,132.93279456704127,118.94362449645996,104.95445442587865,3.498131731615753,205178880.0,0.039832607385921204,0.03905974576211166,4.2700042724609375,1,131.39999389648438
2020-09-02,127.45455169677734,131.39999389648438,137.97999572753906,127.0,137.58999633789062,200119000,126.4287483215332,120.01049919128418,105.65219955444336,74.63150805449388,7.511557139047156,6.895505322267263,0.6160518167798932,134.377174035084,120.01049919128418,105.64382434748435,4.032550588467418,210636980.0,-0.02071842995262474,-0.02093606794909633,10.979995727539062,1,120.87999725341797
2020-09-03,117.25041198730469,120.87999725341797,128.83999633789062,120.5,126.91000366210938,257599600,126.6892478942871,120.35937423706055,106.26949951171875,54.832763235338966,6.624980606289768,6.841400379071764,-0.21641977278199676,134.4520729311293,120.35937423706055,106.2666755429918,4.523082253325772,223706220.0,-0.08006086097198728,-0.08344776435769347,8.339996337890625,1,120.95999908447266
2020-09-04,117.3280029296875,120.95999908447266,123.69999694824219,110.88999938964844,120.06999969482422,332607200,126.34824752807617,120.85174903869628,106.86449951171875,54.93068188987737,5.861252920637611,6.645370887384934,-0.7841179667473233,134.29070916954765,120.85174903869628,107.41278890784491,5.115004775130628,223161460.0,0.0006618285313737537,0.0006616096194540612,12.80999755859375,1,112.81999969482422
2020-09-08,109.43242645263672,112.81999969482422,118.98999786376953,112.68000030517578,113.94999694824219,231366600,125.04449768066407,120.85637397766114,107.35274948120117,44.3867147055417,4.546751188024928,6.225646947512933,-1.6788957594880056,134.2842063354755,120.85637397766114,107.42854161984678,5.341075775428217,211704360.0,-0.0672949690084228,-0.06966627925552847,6.30999755859375,0,117.31999969482422
2020-09-09,113.79729461669922,117.31999969482422,119.13999938964844,115.26000213623047,117.26000213623047,176940500,124.29399795532227,121.25362396240234,107.89024948120117,50.090287023403526,3.824030443806734,5.745323646771694,-1.9212932029649599,133.73610170356966,121.25362396240234,108.77114622123503,5.410998912527931,208248850.0,0.039886545046732946,0.03911161590117418,3.8799972534179688,0,113.48999786376953
2020-09-10,110.08232879638672,113.48999786376953,120.5,112.5,120.36000061035156,182274400,122.99074783325196,121.27762374877929,108.33604949951172,45.78626241813041,2.908690336385746,5.177996984694504,-2.269306648308758,133.69830265442047,121.27762374877929,108.85694484313811,5.595927561633078,210174050.0,-0.03264577089172682,-0.033190533018049626,8.0,0,112.0
2020-09-11,108.63703918457031,112.0,115.2300033569336,110.0,114.56999969482422,180860300,121.6897476196289,121.12712364196777,108.7554995727539,44.19526910128619,2.0395358319075285,4.550304754137109,-2.5107689222295804,133.9154350120277,121.12712364196777,108.33881227190786,5.569790118440258,212704840.0,-0.01312889146018037,-0.01321583719488062,5.230003356933594,0,115.36000061035156
2020-09-14,111.89617156982422,115.36000061035156,115.93000030517578,112.80000305175781,114.72000122070312,140150100,120.74499740600587,121.14974861145019,109.24214965820312,48.53795664059577,1.6033659886901432,3.960917001047716,-2.3575510123575727,133.8954953977459,121.14974861145019,108.40400182515448,5.452662274635652,207956850.0,0.03000000544956749,0.029558807532386613,3.1299972534179688,0,115.54000091552734
2020-09-15,112.0707778930664,115.54000091552734,118.83000183105469,113.61000061035156,118.33000183105469,184642000,119.3949981689453,121.1963737487793,109.6836996459961,48.76796717201237,1.2577245006712872,3.4202785009724304,-2.162554000301143,133.85255845028135,121.1963737487793,108.54018904727724,5.436043627926186,203850780.0,0.0015603355081781345,0.001559119449537733,5.220001220703125,0,112.12999725341797
2020-09-16,108.76313781738281,112.12999725341797,116.0,112.04000091552734,115.2300033569336,154679000,117.18999862670898,121.02474861145019,110.06284957885742,44.692635601691826,0.7005666381444229,2.876336128406829,-2.175769490262406,134.0690163300756,121.02474861145019,107.98048089282477,5.330611874822362,204123870.0,-0.029513619829399818,-0.029957910298852506,3.9599990844726562,0,110.33999633789062
2020-09-17,107.0268783569336,110.33999633789062,112.19999694824219,108.70999908447266,109.72000122070312,178011000,115.08399887084961,120.75637359619141,110.36279953002929,42.67658669236962,0.11327118406397574,2.3237231395382585,-2.2104519554742827,134.43273905819643,120.75637359619141,107.08000813418639,5.199139445461446,201913070.0,-0.01596362221861003,-0.016092413323200532,3.4899978637695312,0,106.83999633789062
2020-09-18,103.6319808959961,106.83999633789062,110.87999725341797,106.08999633789062,110.4000015258789,287104900,113.67999877929688,120.18462333679199,110.58454940795899,38.9745113668743,-0.6273537008601551,1.7335077714585758,-2.3608614723187307,135.1257427239944,120.18462333679199,105.24350394958957,5.169915264751867,204863600.0,-0.03172013880879665,-0.032234120689782396,4.790000915527344,0,110.08000183105469
2020-09-21,106.77471160888672,110.08000183105469,110.19000244140625,103.0999984741211,104.54000091552734,195713800,112.59199905395508,119.47012329101562,110.86774948120117,43.83194983180448,-0.9420040562507808,1.1984054059167044,-2.140409462167485,134.901007979686,119.47012329101562,104.03923860234525,5.307064457789958,191174260.0,0.030325773158183855,0.02987503685370419,7.090003967285156,0,111.80999755859375
2020-09-22,108.45275115966797,111.80999755859375,112.86000061035156,109.16000366210938,112.68000030517578,183055400,112.49099884033203,118.76774826049805,111.1943994140625,46.290240416918735,-1.0397845438186408,0.7507674159696354,-1.7905519597882762,134.25047002452018,118.76774826049805,103.28502649647592,5.1922739213936895,186343140.0,0.015715803949514662,0.015593589505076685,3.6999969482421875,0,107.12000274658203
2020-09-23,103.90357971191406,107.12000274658203,112.11000061035156,106.7699966430664,111.62000274658203,150718700,111.47099914550782,117.88249855041504,111.3956494140625,41.04552744096395,-1.478674431688205,0.3048790464380673,-1.7835534781262723,133.89424260918864,117.88249855041504,101.87075449164143,5.202826067528795,183720960.0,-0.0419461131778841,-0.04285125330081208,5.340003967285156,0,108.22000122070312
2020-09-24,104.97054290771484,108.22000122070312,110.25,105.0,105.16999816894531,167743300,110.94399948120117,116.96737365722656,111.60554946899414,42.6857372454233,-1.717933873745153,-0.09968353759857682,-1.6182503361465763,132.99138634465208,116.96737365722656,100.94336096980103,5.2061956341338815,182267850.0,0.010268842848365045,0.010216476471266047,5.25,0,112.27999877929688
2020-09-25,108.90863037109375,112.27999877929688,112.44000244140625,107.66999816894531,108.43000030517578,149981400,110.97199935913086,116.33087348937988,111.92069946289062,48.39278422694558,-1.5619358094433125,-0.39213399196752396,-1.1698018174757885,132.03456652099163,116.33087348937988,100.62718045776812,5.1750391083000995,179179960.0,0.03751614778042578,0.03682953712730816,4.7700042724609375,0,114.95999908447266
2020-09-28,111.50814819335938,114.95999908447266,115.31999969482422,112.77999877929688,115.01000213623047,137672400,110.93199920654297,115.83849830627442,112.29334945678711,51.80432494742489,-1.2081260673757725,-0.5553324070491737,-0.6527936603265988,131.05827005756342,115.83849830627442,100.61872655498541,5.022536380244903,178932190.0,0.023868902158110217,0.023588493185165465,2.5400009155273438,0,114.08999633789062
2020-09-29,110.66429138183594,114.08999633789062,115.30999755859375,113.56999969482422,114.55000305175781,99382200,110.7869987487793,115.0909984588623,112.60799942016601,50.6341412525448,-0.9865588125786928,-0.6415776881550777,-0.34498112442361517,129.06103732637635,115.0909984588623,101.12095959134824,4.788069343353805,170406210.0,-0.007567873638749334,-0.007596655297040167,1.7399978637695312,0,115.80999755859375
2020-09-30,112.33265686035156,115.80999755859375,117.26000213623047,113.62000274658203,113.79000091552734,142675200,111.15499877929688,114.17249870300293,112.9841993713379,52.89934755593757,-0.6645153239769854,-0.6461652153194593,-0.018350108657526176,125.08180072706337,114.17249870300293,103.26319667894249,4.706064346660564,169205830.0,0.01507582852057543,0.01496331760529908,3.6399993896484375,1,116.79000091552734
2020-10-01,113.2832260131836,116.79000091552734,117.72000122070312,115.83000183105469,117.63999938964844,116120400,111.79999923706055,113.44199905395507,113.37454940795898,54.18917805181764,-0.3264523192604116,-0.5822226361076498,0.25577031684723817,121.11606558620264,113.44199905395507,105.76793252170751,4.506345726335479,163016770.0,0.008462165422616241,0.008426562014413275,1.8899993896484375,1,113.0199966430664
2020-10-02,109.62641906738281,113.0199966430664,115.37000274658203,112.22000122070312,112.88999938964844,144712000,112.41799926757812,113.0489990234375,113.77804931640625,48.6678124417781,-0.35860896898921624,-0.5374999026839631,0.17889093369474685,119.92245192640641,113.0489990234375,106.1755461204686,4.510892438370389,148777480.0,-0.032280197302059555,-0.03281269362998732,3.1500015258789062,0,116.5
2020-10-05,113.00191497802734,116.5,116.6500015258789,113.55000305175781,113.91000366210938,106243800,113.05999908447265,112.82599906921386,114.25574935913086,53.38893695024414,-0.10210910803571949,-0.4504217437543144,0.3483126357185949,118.90140325707695,112.82599906921386,106.75059488135078,4.447971898687682,139830480.0,0.03079104105730912,0.03032650850617838,3.0999984741210938,1,113.16000366210938
2020-10-06,109.76223754882812,113.16000366210938,116.12000274658203,112.25,115.69999694824219,161498200,113.19499969482422,112.84299926757812,114.62274948120117,48.75426200964606,-0.16642249625958527,-0.3936218942553686,0.22719939799578331,118.92014371493521,112.84299926757812,106.76585482022104,4.433831048781419,137674760.0,-0.028669496462580435,-0.029088494210164358,3.8700027465820312,1,115.08000183105469
2020-10-07,111.62455749511719,115.08000183105469,115.55000305175781,114.12999725341797,114.62000274658203,96849000,113.99099960327149,112.73099937438965,115.05929946899414,51.36781491986226,-0.06175167872697784,-0.32724785114969046,0.2654961724227126,118.551105753008,112.73099937438965,106.9108929957713,4.287843073129063,132287790.0,0.016967109462795227,0.016824775798902278,1.4200057983398438,1,114.97000122070312
2020-10-08,111.51787567138672,114.97000122070312,116.4000015258789,114.58999633789062,116.25,83477200,114.66599960327149,112.80499954223633,115.45789947509766,51.206683898201824,0.01218411741697878,-0.25936145743635663,0.2715455748533354,118.69899176069501,112.80499954223633,106.91100732377765,4.110854652761865,123861180.0,-0.0009558620837792908,-0.0009563192112646635,1.8100051879882812,1,116.97000122070312
2020-10-09,113.45782470703125,116.97000122070312,117.0,114.91999816894531,115.27999877929688,100506900,115.1349998474121,113.05349960327149,115.8734994506836,54.03013873850893,0.22951633243098968,-0.16158589946288737,0.39110223189387705,119.2042701317207,113.05349960327149,106.90272907482228,3.9657937369256375,118913730.0,0.017395842208966172,0.017246266715423172,2.0800018310546875,1,124.4000015258789
2020-10-12,120.66468811035156,124.4000015258789,125.18000030517578,119.27999877929688,120.05999755859375,240226800,116.07900009155273,113.50549964904785,116.23629943847656,62.67186204605483,0.9898818661747271,0.06870765366463552,0.9211742125100916,121.36039581162863,113.50549964904785,105.65060348646706,4.268951261750424,129169170.0,0.0635205627736688,0.06158469047233511,5.900001525878906,1,121.0999984741211
2020-10-13,117.46381378173828,121.0999984741211,125.38999938964844,119.6500015258789,125.2699966430664,262330500,116.78000030517578,113.78349952697754,116.47954940795898,57.50154832156755,1.311081036732034,0.31718233027811527,0.9938987064539188,122.27453605949563,113.78349952697754,105.29246299445944,4.374026019037504,145464000.0,-0.026527355396143704,-0.026885554612096203,5.739997863769531,1,121.19000244140625
2020-10-14,117.55110168457031,121.19000244140625,123.02999877929688,119.62000274658203,121.0,150712000,117.31800079345703,114.23649978637695,116.71004943847656,57.60427856629431,1.5549715177585597,0.5647401677742042,0.9902313499843555,123.27537734872107,114.23649978637695,105.19762222403284,4.305166734300171,146267680.0,0.000743220218160312,0.0007429441667834792,3.4099960327148438,1,120.70999908447266
2020-10-15,117.08552551269531,120.70999908447266,121.19999694824219,118.1500015258789,118.72000122070312,112559200,117.71000061035156,114.75499992370605,116.92299942016602,56.81549238350102,1.6900424642460905,0.7898006270685816,0.9002418371775089,124.02703469634804,114.75499992370605,105.48296515106406,4.215511640590393,145911560.0,-0.00396075045188371,-0.003968614997157629,3.0499954223632812,1,119.0199966430664
2020-10-16,115.44625854492188,119.0199966430664,121.55000305175781,118.80999755859375,121.27999877929688,115393800,118.31000061035157,115.36399993896484,117.02534942626953,54.01124402928115,1.6417925271170617,0.9601990070782777,0.681593520038784,124.05857800815701,115.36399993896484,106.66942186977266,4.110118344345656,142979740.0,-0.014000517390639566,-0.014099449116596274,2.7400054931640625,1,115.9800033569336
2020-10-19,112.4975357055664,115.9800033569336,120.41999816894531,115.66000366210938,119.95999908447266,120639300,118.25800094604492,115.65900001525878,117.12269943237305,49.29771224274123,1.342773396545354,1.036713884971693,0.30605951157366107,124.01000908378062,115.65900001525878,107.30799094673695,4.156538070237819,144419290.0,-0.025541870037600223,-0.025873726619552777,4.7599945068359375,1,117.51000213623047
2020-10-20,113.9815902709961,117.51000213623047,118.9800033569336,115.62999725341797,116.19999694824219,124423700,118.69300079345703,115.94400024414062,117.21834945678711,51.5876393740227,1.2152480726904002,1.0724207225154345,0.14282735017496573,124.13770085673129,115.94400024414062,107.75029963154996,4.098928644043377,140711840.0,0.013191918736096486,0.013105663132619889,3.350006103515625,1,116.87000274658203
2020-10-21,113.3608169555664,116.87000274658203,118.70999908447266,116.44999694824219,116.66999816894531,89946000,118.87200088500977,116.43150024414062,117.36824951171874,50.55899397111778,1.0504320064196548,1.0680229792962788,-0.017590972876623923,123.5578607800867,116.43150024414062,109.30513970819455,3.967576750628169,140021540.0,-0.005446339698866431,-0.005461225078749214,2.2600021362304688,1,115.75
2020-10-22,112.27444458007812,115.75,118.04000091552734,114.58999633789062,117.44999694824219,101988000,118.95000076293945,116.80800018310546,117.42304946899414,48.72785404849691,0.8199869262075907,1.0184157686785411,-0.19842884247095038,122.87637318962848,116.80800018310546,110.73962717658245,3.9306073097002083,141872620.0,-0.009583320957137431,-0.009629536479894398,3.4500045776367188,0,115.04000091552734
2020-10-23,111.58578491210938,115.04000091552734,116.55000305175781,114.27999877929688,116.38999938964844,82572600,118.75700073242187,116.946000289917,117.42364944458008,47.55210076581912,0.5734561024800229,0.9294238354388374,-0.35596773295881456,122.71432585006266,116.946000289917,111.17767472977133,3.81199280704026,140079190.0,-0.006133901377733508,-0.006152791035267687,2.2700042724609375,0,115.05000305175781
2020-10-26,111.59546661376953,115.05000305175781,116.55000305175781,112.87999725341797,114.01000213623047,111850700,117.82200088500977,116.95050048828125,117.42649948120118,47.571293096630136,0.37456795113942576,0.8184526585789551,-0.44388470743952935,122.71275870086639,116.95050048828125,111.18824227569611,3.801850877847373,127241580.0,8.694485527538376e-05,8.694107579052392e-05,3.6700057983398438,0,116.5999984741211
2020-10-27,113.09891510009766,116.5999984741211,117.27999877929688,114.54000091552734,115.48999786376953,92276800,117.37200088500977,117.07600059509278,117.46634948730468,50.58879401351226,0.33812167878315336,0.7223864626197948,-0.3842647838366414,122.6910421919798,117.07600059509278,111.46095899820575,3.72600423398467,110236210.0,0.01347236315731326,0.013382417823085722,2.7399978637695312,0,111.19999694824219
2020-10-28,107.8610610961914,111.19999694824219,115.43000030517578,111.0999984741211,115.05000305175781,143937800,116.37300033569336,116.84550056457519,117.37909942626953,41.60479320489095,-0.125055684002362,0.5528980332953635,-0.6779537172977255,123.00188766354587,116.84550056457519,110.6891134656045,3.8527182172714793,109558790.0,-0.046312192080151804,-0.047418906457335465,4.3300018310546875,0,115.31999969482422
2020-10-29,111.85736846923828,115.31999969482422,116.93000030517578,112.19999694824219,112.37000274658203,146129200,115.83400039672851,116.77200050354004,117.37134948730468,49.040599571605924,-0.15785760743742117,0.4107469051488066,-0.5686045125862278,122.96427856698304,116.77200050354004,110.57972244009704,3.98681001296163,112915790.0,0.03705038542851469,0.036380515751246296,4.730003356933594,0,108.86000061035156
2020-10-30,105.59132385253906,108.86000061035156,111.98999786376953,107.72000122070312,111.05999755859375,190272600,114.81800079345703,116.56400070190429,117.18304946899414,40.362106362361075,-0.6970857353010445,0.18918037705883642,-0.8862661123598808,123.4832270902541,116.56400070190429,109.64477431355448,4.2448949030444485,120403670.0,-0.05601802897648289,-0.057648211511051844,4.269996643066406,0,108.7699966430664
2020-11-02,105.50404357910156,108.7699966430664,110.68000030517578,107.31999969482422,109.11000061035156,122866900,114.09700012207031,116.17750053405761,116.87104934692383,40.25521942459025,-1.1187937219257549,-0.07241444273808184,-1.046379279187673,123.88636847495025,116.17750053405761,108.46863259316498,4.1816881678521,120626430.0,-0.0008267863933540953,-0.000827128369731483,3.3600006103515625,0,110.44000244140625
2020-11-03,107.1239013671875,110.44000244140625,111.48999786376953,108.7300033569336,109.66000366210938,107624400,113.39000015258789,116.04150047302247,116.56269943237305,43.25782180851601,-1.303222095374693,-0.31857597326540404,-0.9846461221092888,124.04870849217048,116.04150047302247,108.03429245387446,4.080138620636659,118946500.0,0.01535355198934174,0.01523687892505159,2.7599945068359375,0,114.94999694824219
2020-11-04,111.49846649169922,114.94999694824219,115.58999633789062,112.3499984741211,114.13999938964844,138235500,113.1979995727539,116.03500022888184,116.36519943237305,50.493842369049744,-1.0730940843363896,-0.46947959547960116,-0.6036144888567885,124.04553025569236,116.03500022888184,108.02447020207133,4.156556854625782,123775450.0,0.04083660274481349,0.0400248154924919,3.2399978637695312,0,119.02999877929688
2020-11-05,115.45596313476562,119.02999877929688,119.62000274658203,116.87000274658203,117.94999694824219,126387100,113.5259994506836,116.23800010681153,116.21534942626953,55.964793715046845,-0.5550951366372061,-0.4866027037111222,-0.06849243292608392,124.33558704333701,116.23800010681153,108.14041317028604,4.193231779176786,126215360.0,0.03549370978140831,0.03487832726374134,2.75,1,118.69000244140625
2020-11-06,115.32479095458984,118.69000244140625,119.19999694824219,116.12999725341797,118.31999969482422,114457900,113.89099960327148,116.32400016784668,116.08894943237304,55.41521335216235,-0.17005184973437792,-0.42329253291577335,0.2532406831813954,124.48712629183986,116.32400016784668,108.1608740438535,4.113000916008746,129403890.0,-0.002856392013588449,-0.002860479286347097,3.0699996948242188,1,116.31999969482422
2020-11-09,113.02197265625,116.31999969482422,121.98999786376953,116.05000305175781,120.5,154515300,114.01799926757812,115.92000007629395,115.9191993713379,51.61056758503221,-0.055501894199011303,-0.34973440517242094,0.29423251097340963,123.19594726096281,115.92000007629395,108.64405289162508,4.243500480008958,133670350.0,-0.019968006553475526,-0.02017006147639615,5.939994812011719,1,115.97000122070312
2020-11-10,112.68192291259766,115.97000122070312,117.58999633789062,114.12999725341797,115.55000305175781,138023400,113.95499954223632,115.66350021362305,115.6577995300293,51.053113076139546,0.006957615982273069,-0.27839600094148215,0.2853536169237552,122.54174577906198,115.66350021362305,108.78525464818412,4.187536094613508,138245010.0,-0.003008927742772949,-0.0030134636669841776,3.4599990844726562,1,119.48999786376953
2020-11-11,116.10212707519531,119.48999786376953,119.62999725341797,116.44000244140625,117.19000244140625,112295000,114.78399963378907,115.57849998474121,115.36399963378906,56.179473848779594,0.3366112935941885,-0.15539454203434802,0.4920058356285365,122.21938346372332,115.57849998474121,108.93761650575911,4.149854661620746,135080730.0,0.03035264815051164,0.029901120489123873,3.1899948120117188,1,119.20999908447266
2020-11-12,115.83002471923828,119.20999908447266,120.52999877929688,118.56999969482422,119.62000274658203,103162300,115.17299957275391,115.50349998474121,115.12019973754883,55.67992118934322,0.5687148558408808,-0.01057266245930226,0.579287518300183,121.9416622940946,115.50349998474121,109.06533767538782,3.993436406110168,130784040.0,-0.0023432821516667923,-0.0023460319338047706,1.9599990844726562,1,119.26000213623047
2020-11-13,115.87862396240234,119.26000213623047,119.66999816894531,117.87000274658203,119.44000244140625,81581900,116.2129997253418,115.51550025939942,115.08779983520508,55.75558481066079,0.7480701425750453,0.14115589854756727,0.6069142440274781,121.98067387102326,115.51550025939942,109.05032664777558,3.8367620501282476,119914970.0,0.00041945350341277,0.00041936555738399453,1.7999954223632812,1,120.30000305175781
2020-11-16,116.88915252685547,120.30000305175781,120.98999786376953,118.1500015258789,118.91999816894531,91183000,117.36600036621094,115.73150024414062,115.07459991455079,57.385141755499575,0.9630286864963153,0.3055304561373169,0.6574982303589985,122.52465758246996,115.73150024414062,108.93834290581128,3.7655644992541317,116746580.0,0.008720450250699674,0.008682646741188231,2.839996337890625,1,119.38999938964844
2020-11-17,116.00493621826172,119.38999938964844,120.66999816894531,118.95999908447266,119.55000305175781,74271000,118.26100006103516,115.82550010681152,115.20599990844727,55.46033269343506,1.0478759294971667,0.4539995508092869,0.5938763786878798,122.7649490856622,115.82550010681152,108.88605112796084,3.6187383981983117,113411240.0,-0.0075644525272193786,-0.007593208103481565,1.7099990844726562,1,118.02999877929688
2020-11-18,114.6834945678711,118.02999877929688,119.81999969482422,118.0,118.61000061035156,76322100,118.56900024414062,115.88349990844726,115.22019989013671,52.61968678739839,0.9939200064698213,0.5619836419413938,0.43193636452842743,122.8760861216171,115.88349990844726,108.89091369527742,3.490257062243019,107219900.0,-0.011391243967704412,-0.01145662114638139,1.8199996948242188,1,118.63999938964844
2020-11-19,115.27619934082031,118.63999938964844,119.05999755859375,116.80999755859375,117.58999633789062,74113000,118.53000030517578,116.02799987792969,115.3231999206543,53.763603640378825,0.9889811410323546,0.647383141759586,0.34159799927276857,123.12228168913177,116.02799987792969,108.93371806672761,3.401667272082803,101992490.0,0.005168182806577715,0.005154873586443159,2.25,1,117.33999633789062
2020-11-20,114.01307678222656,117.33999633789062,118.7699966430664,117.29000091552734,118.63999938964844,73604300,118.39499969482422,116.14299964904785,115.4299998474121,50.94092064919388,0.8701372720618252,0.6919339678200338,0.17820330424179143,123.24405402002488,116.14299964904785,109.04194527807083,3.2644050189011073,97907130.0,-0.010957544322705348,-0.011018020396781323,1.4799957275390625,1,113.8499984741211
2020-11-23,110.62203216552734,113.8499984741211,117.62000274658203,113.75,117.18000030517578,127959300,118.1479995727539,116.08299942016602,115.3997998046875,44.22766454764146,0.48870549644732364,0.6512882735454918,-0.16258277709816815,123.2400390061271,116.08299942016602,108.92595983420493,3.3076619994497447,95251530.0,-0.02974261098253128,-0.03019389318111618,3.8700027465820312,0,115.16999816894531
2020-11-24,111.90460968017578,115.16999816894531,115.8499984741211,112.58999633789062,113.91000366210938,113874200,118.06799926757813,116.01149940490723,115.39239974975585,47.068921563853245,0.2895927647530101,0.5789491717869955,-0.28935640703398535,123.17501971819414,116.01149940490723,108.84797909162032,3.304257723505511,92836610.0,0.011594200373434838,0.011527502674892673,3.2600021362304688,0,116.02999877929688
2020-11-25,112.74019622802734,116.02999877929688,116.75,115.16999816894531,115.55000305175781,76499200,117.72199935913086,116.25299949645996,115.47039978027344,48.89558982392704,0.19889659613448885,0.5029386566564942,-0.30404206052200533,123.06862062510744,116.25299949645996,109.43737836781249,3.181096588330452,89257030.0,0.007467227785225905,0.007439486056768391,1.5800018310546875,0,116.58999633789062
2020-11-27,113.28433227539062,116.58999633789062,117.48999786376953,116.22000122070312,116.56999969482422,46691300,117.45999908447266,116.31649932861328,115.59539978027344,50.10311021484607,0.17024388640797383,0.4363997026067901,-0.2661558161988163,123.11982043692414,116.31649932861328,109.51317822030241,3.0581610523406093,83609930.0,0.0048263170256421795,0.004814707696177695,1.2699966430664062,1,119.05000305175781
2020-11-30,115.67457580566406,119.05000305175781,120.97000122070312,116.80999755859375,116.97000122070312,169410200,117.43899917602539,116.8259994506836,115.83959991455077,55.1198880262816,0.3420949327551597,0.41753874863646406,-0.07544381588130439,122.79436191446128,116.8259994506836,110.85763698690592,3.1525784688028873,92392760.0,0.021099637971836005,0.02088012303207468,4.160003662109375,1,122.72000122070312
2020-12-01,119.24053955078125,122.72000122070312,123.47000122070312,120.01000213623047,121.01000213623047,127728200,117.68099899291992,117.52349967956543,116.09239990234374,61.361365405259576,0.7656009348774404,0.48715118588465933,0.2784497489927811,122.78119302813573,117.52349967956543,112.26580633099513,3.2431084473844893,96047280.0,0.030827367281542672,0.030361748998880982,3.4599990844726562,1,123.08000183105469
2020-12-02,119.59032440185547,123.08000183105469,123.37000274658203,120.88999938964844,122.0199966430664,89004200,118.04999923706055,118.15549964904785,116.31779998779297,61.92079243209,1.117400832125199,0.6132011151327673,0.5041997169924316,122.86563766286399,118.15549964904785,113.44536163523172,3.188600940923711,97520600.0,0.0029335121151452537,0.0029292177647830945,2.4800033569335938,1,122.94000244140625
2020-12-03,119.45428466796875,122.94000244140625,123.77999877929688,122.20999908447266,123.5199966430664,78967600,118.54099960327149,118.55499992370605,116.63419998168945,61.54759354609201,1.3691255771521895,0.7643860075366518,0.6047395696155378,123.46114322699735,118.55499992370605,113.64885662041475,3.0729865662023186,97785150.0,-0.0011374665873064016,-0.0011381139934067894,1.5699996948242188,1,122.25
2020-12-04,118.78385162353516,122.25,122.86000061035156,121.5199966430664,122.5999984741211,78260400,118.90199966430664,118.71599998474122,116.91479995727539,59.6397242095094,1.4957003185038644,0.9106488697300943,0.5850514487737701,123.87856120607474,118.71599998474122,113.5534387634077,2.9549165113549987,98199890.0,-0.005612513646525374,-0.005628322982400211,1.3400039672851562,1,123.75
2020-12-07,120.2413330078125,123.75,124.56999969482422,122.25,122.30999755859375,86712000,119.54300003051758,118.9689998626709,117.14419998168945,62.370530893344124,1.6974816649360491,1.0680154287712853,0.6294662361647638,124.57828668608792,118.9689998626709,113.35971303925388,2.9095653101742287,99510660.0,0.012269938650306678,0.012195273093818206,2.3199996948242188,1,124.37999725341797
2020-12-08,120.85345458984375,124.37999725341797,124.9800033569336,123.08999633789062,124.37000274658203,82225500,120.59599990844727,119.37199974060059,117.33259994506835,63.48792263004093,1.8864841341805203,1.2317091698531324,0.6547749643273879,125.3105855348447,119.37199974060059,113.43341394635647,2.8367397179505676,94937280.0,0.005090886896306879,0.005077972144759473,1.8900070190429688,1,121.77999877929688
2020-12-09,118.32719421386719,121.77999877929688,125.94999694824219,121.0,124.52999877929688,115089200,121.25699996948242,119.66249961853028,117.48639999389648,56.08590347223296,1.805657311474306,1.346498798177367,0.4591585132969389,125.47405823971657,119.66249961853028,113.85094099734398,2.987686662971398,95058780.0,-0.020903670457748325,-0.021125245436970197,4.9499969482421875,1,123.23999786376953
2020-12-10,119.74579620361328,123.23999786376953,123.87000274658203,120.1500015258789,120.5,81312200,121.97799987792969,119.84999961853028,117.635,58.97816987954945,1.8382213253635484,1.4448433036146033,0.3933780217489451,125.86559069300861,119.84999961853028,113.83440854405194,3.039994845666521,95540080.0,0.011988824922872787,0.01191752823797298,3.720001220703125,1,122.41000366210938
2020-12-11,118.93932342529297,122.41000366210938,122.76000213623047,120.55000305175781,122.43000030517578,86939800,122.56000061035157,120.0099998474121,117.74740005493165,56.692228807193516,1.7765756868211184,1.5111897802559064,0.265385906565212,126.11849718196859,120.0099998474121,113.90150251285561,3.0149948432626066,99564930.0,-0.00673477942264844,-0.0067575603903911475,2.2099990844726562,1,121.77999877929688
2020-12-14,118.32719421386719,121.77999877929688,123.3499984741211,121.54000091552734,122.5999984741211,79184500,122.83300018310547,120.13599967956543,117.92260009765624,54.95120581725117,1.6577751453248055,1.5405068532696864,0.11726829205511913,126.28126743499254,120.13599967956543,113.99073192413832,2.9289236086434025,90542360.0,-0.005146678081568545,-0.005159967847581869,1.80999755859375,1,127.87999725341797
2020-12-15,124.25423431396484,127.87999725341797,127.9000015258789,124.12999725341797,124.33999633789062,157243700,123.34899978637695,120.51499938964844,118.1502000427246,65.87787012295745,2.0324153384376444,1.638888550303278,0.3935267881343665,127.52772160919118,120.51499938964844,113.5022771701057,3.1568578327818764,93493910.0,0.050090314791152,0.048876174557243975,3.7700042724609375,1,127.80999755859375
2020-12-16,124.18620300292969,127.80999755859375,128.3699951171875,126.55999755859375,127.41000366210938,98208600,123.82199935913086,120.93599929809571,118.4431999206543,65.68099300479511,2.297191407660449,1.7705491217747122,0.5266422858857369,128.60799929117448,120.93599929809571,113.26399930501694,3.0606535274827245,94414350.0,-0.0005473858017489563,-0.0005475356720506802,1.80999755859375,1,128.6999969482422
2020-12-17,125.05096435546875,128.6999969482422,129.5800018310547,128.0399932861328,128.89999389648438,94359800,124.39799880981445,121.46949920654296,118.71559982299804,67.03011544473762,2.549455328788028,1.9263303631773754,0.6231249656106526,129.72104811470507,121.46949920654296,113.21795029838084,2.9684642949811684,95953570.0,0.006963456745552543,0.006939323848116624,1.540008544921875,1,126.66000366210938
2020-12-18,123.06883239746094,126.66000366210938,129.10000610351562,126.12000274658203,128.9600067138672,192541500,124.8389991760254,121.87049942016601,118.94939987182617,61.10101521973553,2.5553098728997554,2.0521262651218515,0.5031836077779039,130.31039919186816,121.87049942016601,113.43059964846387,2.969288513692056,107381680.0,-0.015850764059871847,-0.015977730888703433,2.9800033569335938,1,128.22999572753906
2020-12-21,124.59429931640625,128.22999572753906,128.30999755859375,123.44999694824219,125.0199966430664,121251600,125.2869987487793,122.41499938964844,119.1745997619629,63.7579733036349,2.656017958287663,2.172904603755014,0.4831133545326489,131.01904113235918,122.41499938964844,113.81095764693771,3.1043393777391635,110835640.0,0.012395326227985448,0.012319133151096966,4.8600006103515625,1,131.8800048828125
2020-12-22,128.1408233642578,131.8800048828125,134.41000366210938,129.64999389648438,131.61000061035156,168904800,126.03699951171875,123.31649971008301,119.32419982910156,69.05068936280577,2.995821114971946,2.3374879059984,0.6583332089735459,131.92022801006212,123.31649971008301,114.71277141010388,3.3240299889413882,119503570.0,0.028464550236973585,0.028066962075899832,4.760009765625,1,130.9600067138672
2020-12-23,127.24694061279297,130.9600067138672,132.42999267578125,130.77999877929688,132.16000366210938,88223700,126.95500030517579,124.1060001373291,119.52139999389648,66.4178251408778,3.1545180804927924,2.500893940897279,0.6536241395955136,132.46915978860932,124.1060001373291,115.74284048604888,3.2044559823373158,116817020.0,-0.006976024680639181,-0.0070004708987655975,1.649993896484375,1,131.97000122070312
2020-12-24,128.22825622558594,131.97000122070312,133.4600067138672,131.10000610351562,131.32000732421875,54930100,127.82800064086913,124.90300025939942,119.73699996948243,67.86638600858541,3.323473748263922,2.665409902370608,0.6580638458933139,133.07158309826164,124.90300025939942,116.73441742053721,3.1541376978846505,114178810.0,0.007712236217600754,0.007682648949164508,2.3600006103515625,1,136.69000244140625
2020-12-28,132.81443786621094,136.69000244140625,137.33999633789062,133.50999450683594,133.99000549316406,124486200,129.25600051879883,125.90800056457519,120.05660003662109,73.59795234558842,3.7944963916362724,2.891227200223741,0.9032691914125315,134.66306312229926,125.90800056457519,117.1529380068511,3.312413227834854,117933450.0,0.035765713245766495,0.03514097274686896,3.8300018310546875,1,134.8699951171875
2020-12-29,131.04603576660156,134.8699951171875,138.7899932861328,134.33999633789062,138.0500030517578,121047300,130.56500015258788,126.69900016784668,120.37360000610352,68.52263161024368,3.97510333261269,3.108002426701531,0.8671009059111592,135.6881849025825,126.69900016784668,117.70981543311086,3.3936692078639488,122119730.0,-0.013314853257091142,-0.01340429070053911,4.4499969482421875,1,133.72000122070312
2020-12-30,129.92864990234375,133.72000122070312,135.99000549316406,133.39999389648438,135.5800018310547,96452100,131.1490005493164,127.24900016784667,120.7283999633789,65.45132423899543,3.979566769468832,3.282315295254991,0.6972514742138407,136.53812535958434,127.24900016784667,117.95987497610902,3.336265092779359,116040570.0,-0.008526684497060733,-0.008563244644223426,2.5900115966796875,1,132.69000244140625
2020-12-31,128.9278564453125,132.69000244140625,134.74000549316406,131.72000122070312,134.0800018310547,99116600,131.63700103759766,127.72950019836426,121.03199996948243,62.73893358765716,3.855547431113436,3.3969617224266804,0.45858570868675574,137.10015211977327,127.72950019836426,118.35884827695526,3.3136750341851857,116131370.0,-0.007702653080273847,-0.007732471733029185,3.0200042724609375,1,129.41000366210938
2021-01-04,125.74085998535156,129.41000366210938,133.61000061035156,126.76000213623047,133.52000427246094,143301900,131.70800170898437,128.05300025939943,121.28279998779297,54.93199397230726,3.4527910960920423,3.408127597159753,0.04466349893228916,137.1835790417,128.05300025939943,118.92242147709885,3.566269565609179,121025580.0,-0.024719260825586842,-0.02502991181558642,6.849998474121094,1,131.00999450683594
2021-01-05,127.29547119140625,131.00999450683594,131.74000549316406,128.42999267578125,128.88999938964844,97664900,132.14300079345702,128.49099998474122,121.58799987792969,57.69728251095945,3.2255278115823387,3.3716076400442705,-0.1460798284619318,137.30087481109123,128.49099998474122,119.68112515839121,3.5479655121644385,111537920.0,0.01236373386484213,0.012287927104146933,3.3100128173828125,1,126.5999984741211
2021-01-06,123.01050567626953,126.5999984741211,131.0500030517578,126.37999725341797,127.72000122070312,155088000,131.98000106811523,128.63349990844728,121.81919982910156,48.80796887389693,2.6589198246805807,3.229070076971533,-0.5701502522909521,137.22142344760974,128.63349990844728,120.0455763692848,3.6281112468912533,114921560.0,-0.0336615236823381,-0.03424111657890924,4.670005798339844,0,130.9199981689453
2021-01-07,127.2080307006836,130.9199981689453,131.6300048828125,127.86000061035156,128.36000061035156,109578200,131.8840003967285,128.96049995422362,122.13659973144532,55.96511576133257,2.52931046786685,3.0891181551505964,-0.5598076872837465,137.37191318188835,128.96049995422362,120.54908672655888,3.728246615591264,108988900.0,0.03412322074954277,0.033553937989602045,3.7700042724609375,1,132.0500030517578
2021-01-08,128.3059844970703,132.0500030517578,132.6300048828125,130.22999572753906,132.42999267578125,105158200,131.99300003051758,129.47400016784667,122.44559982299805,57.633667681083615,2.489083464230106,2.9691112169664984,-0.48002775273639253,137.30306327030527,129.47400016784667,121.64493706538806,3.6333725112828477,110682350.0,0.008631262592551314,0.008594226206842472,2.4000091552734375,1,128.97999572753906
2021-01-11,125.3230209350586,128.97999572753906,130.1699981689453,128.5,129.19000244140625,100384500,131.69399948120116,129.76100006103516,122.80119979858398,51.88188596811152,2.1843000883464754,2.812148991242494,-0.6278489028960186,137.0576434290146,129.76100006103516,122.46435669305572,3.6274175498882024,115227790.0,-0.023248824333729434,-0.023523341396521437,1.6699981689453125,0,128.8000030517578
2021-01-12,125.14816284179688,128.8000030517578,129.69000244140625,126.86000061035156,128.5,91951100,130.90499954223634,130.08050003051758,123.07079986572266,51.55701269177502,1.9062589953457518,2.630970992063146,-0.7247119967173941,136.57741906621789,130.08050003051758,123.58358099481728,3.570459284257237,111974280.0,-0.0013955084644402538,-0.0013964830932180804,2.8300018310546875,0,130.88999938964844
2021-01-13,127.17887878417969,130.88999938964844,131.4499969482422,128.49000549316406,128.75999450683594,88636800,130.50699996948242,130.53600006103517,123.51139984130859,55.0747553068596,1.8334201375234045,2.4714608211551976,-0.6380406836317931,135.8020640070409,130.53600006103517,125.26993611502942,3.526854439315872,108733230.0,0.016226679257536736,0.01609643377651533,2.959991455078125,1,128.91000366210938
2021-01-14,125.2550277709961,128.91000366210938,131.0,128.75999450683594,130.8000030517578,90221800,130.02600021362304,130.58750038146974,123.91419998168945,51.27592366313624,1.59751060241706,2.29667077740757,-0.6991601749905101,135.76811067625664,130.58750038146974,125.40689008668284,3.4349366574478855,108110200.0,-0.015127173479807188,-0.015242756277262648,2.2400054931640625,0,127.13999938964844
2021-01-15,123.53520202636719,127.13999938964844,130.22000122070312,127.0,128.77999877929688,111598500,129.47099990844725,130.55400047302246,124.2481999206543,48.08303284042353,1.2532790235201219,2.0879924266300804,-0.8347134031099586,135.81407483395054,130.55400047302246,125.29392611209437,3.419584126251831,109358390.0,-0.013730542410815172,-0.013825678155640566,3.220001220703125,0,127.83000183105469
2021-01-19,124.20564270019531,127.83000183105469,128.7100067138672,126.94000244140625,127.77999877929688,90757300,129.3129997253418,130.5105007171631,124.50580001831055,49.40564833864491,1.024342465311122,1.875262434366289,-0.850919969055167,135.8450467403747,130.5105007171631,125.1759546939515,3.301756993838196,104103930.0,0.005427107477730786,0.005412433796432332,1.7700042724609375,0,132.02999877929688
2021-01-20,128.2865753173828,132.02999877929688,132.49000549316406,128.5500030517578,128.66000366210938,104319500,129.41500015258788,130.77900047302245,124.76580001831054,56.64566910528471,1.1683452891916204,1.7338790053313553,-0.5655337161397349,135.84511556805793,130.77900047302245,125.71288537798696,3.398774613000423,104769390.0,0.0328561127128284,0.03232788974139082,3.94000244140625,1,136.8699951171875
2021-01-21,132.98934936523438,136.8699951171875,139.6699981689453,133.58999633789062,133.8000030517578,120150900,130.44199981689454,131.21100044250488,125.12939987182617,63.183849450014925,1.6539501121868057,1.7178932267024456,-0.06394311451563994,136.78231845300874,131.21100044250488,125.63968243200101,3.7017192399038525,101275680.0,0.03665830782882318,0.036002374302895025,6.0800018310546875,1,139.07000732421875
2021-01-22,135.126953125,139.07000732421875,139.85000610351562,135.02000427246094,136.27999877929688,114459400,131.2570007324219,131.57050056457518,125.58440002441407,65.71486608065204,2.1910608462944765,1.812526750620852,0.3785340956736245,138.11159431625197,131.57050056457518,125.0294068128984,3.7823108535574836,101763800.0,0.016073736286376095,0.015945921607861922,4.8300018310546875,1,142.9199981689453
2021-01-25,138.86781311035156,142.9199981689453,145.08999633789062,136.5399932861328,143.07000732421875,157611700,132.34400024414063,132.1685001373291,126.1233999633789,69.64739464893765,2.8940265219263495,2.0288267048819515,0.865199817044398,140.35648964258246,132.1685001373291,123.98051063207573,4.1228602962860785,107009150.0,0.027683832904034755,0.02730756418724629,8.550003051757812,1,143.16000366210938
2021-01-26,139.10098266601562,143.16000366210938,144.3000030517578,141.3699951171875,143.60000610351562,98390600,133.76200103759766,132.7280002593994,126.5968000793457,69.87933523864555,3.430948483520808,2.309251060609723,1.121697422911085,142.21197411927602,132.7280002593994,123.2440263995228,4.037656556163524,106809760.0,0.0016792995818566414,0.0016778911348962942,2.9300079345703125,1,142.05999755859375
2021-01-27,138.03216552734375,142.05999755859375,144.3000030517578,140.41000366210938,143.42999267578125,140843800,135.08800048828124,132.9965000152588,127.05380004882812,67.33947902843276,3.7247649353896293,2.5923538355657048,1.1324110998239245,143.19135823691272,132.9965000152588,122.80164179360484,4.027109615698161,111699030.0,-0.007683752971338942,-0.007713425094436053,3.8899993896484375,1,137.08999633789062
2021-01-28,133.20310974121094,137.08999633789062,141.99000549316406,136.6999969482422,139.52000427246094,142621100,135.70800018310547,133.10750007629395,127.41039993286132,57.22007626325358,3.51604821271917,2.777092710996398,0.738955501722772,143.42908889559476,133.10750007629395,122.78591125699313,4.122316115316261,117097460.0,-0.03498522670784365,-0.03561186864929152,5.290008544921875,1,131.9600067138672
2021-01-29,128.21853637695312,131.9600067138672,136.74000549316406,130.2100067138672,135.8300018310547,177523800,136.01300048828125,133.01950035095214,127.64360000610351,49.0299393754729,2.9032248478818588,2.8023191383734902,0.10090570950836852,143.34870828869145,133.01950035095214,122.69029241321283,4.31929279450963,125827660.0,-0.037420597863168426,-0.03813872049620482,6.529998779296875,0,134.13999938964844
2021-02-01,130.3367462158203,134.13999938964844,135.3800048828125,130.92999267578125,133.75,106239800,136.71300048828124,133.09200019836425,127.93860000610351,52.1634136931182,2.5639099481669803,2.7546373003321882,-0.19072735216520798,143.43128941736873,133.09200019836425,122.75271097935975,4.328629895404032,125291790.0,0.01652010127968695,0.01638512888305546,4.45001220703125,1,134.99000549316406
2021-02-02,131.1626434326172,134.99000549316406,136.30999755859375,134.61000061035156,135.72999572753906,83305400,137.4290008544922,133.371000289917,128.27780014038086,53.367212906194545,2.336653348976597,2.6710405100610703,-0.3343871610844733,143.59834610743462,133.371000289917,123.14365447239935,4.174441914942695,124546600.0,0.0063367087176327,0.006316716192370748,1.6999969482421875,1,133.94000244140625
2021-02-03,130.14242553710938,133.94000244140625,135.77000427246094,133.61000061035156,135.75999450683594,89880900,137.62000122070313,133.51750068664552,128.583800201416,51.63850839865244,2.0482138514766746,2.5464751783441915,-0.4982613268675169,143.68915915683908,133.51750068664552,123.34584221645196,4.030553468311743,123102740.0,-0.007778376242906226,-0.007808785604338064,2.160003662109375,1,137.38999938964844
2021-02-04,133.4945831298828,137.38999938964844,137.39999389648438,134.58999633789062,136.3000030517578,84183100,137.67200164794923,134.05700073242187,128.98480026245116,56.61166422451663,2.0741004535632612,2.4520002333880053,-0.3778997798247441,143.84103245281122,134.05700073242187,124.27296901203253,3.989799038795056,119505960.0,0.025757778746879012,0.02543163578386712,2.80999755859375,1,136.75999450683594
2021-02-05,133.0810089111328,136.75999450683594,137.4199981689453,135.86000061035156,137.35000610351562,75693800,137.44100036621094,134.3490005493164,129.44300018310548,55.48950845746708,2.0204887072407587,2.365697928158556,-0.3452092209177975,144.08960110500962,134.3490005493164,124.60839999362318,3.8162417902092485,115629400.0,-0.004585522131241526,-0.004596067888735259,1.55999755859375,1,136.91000366210938
2021-02-08,133.22698974609375,136.91000366210938,136.9600067138672,134.9199981689453,136.02999877929688,71297200,136.84000091552736,134.59200057983398,129.87780029296874,55.71460368780773,1.9674262322550646,2.286043588977858,-0.31861735672279323,144.3335493589674,134.59200057983398,124.85045180070057,3.689367986974436,106997950.0,0.0010968789214593766,0.0010962777893145012,2.040008544921875,1,136.00999450683594
2021-02-09,132.35118103027344,136.00999450683594,137.8800048828125,135.85000610351562,136.6199951171875,76774200,136.125,134.94350051879883,130.27740020751952,53.95172242551881,1.8316366541988032,2.195162202022047,-0.36352554782324376,144.35130501564254,134.94350051879883,125.53569602195513,3.570841614997467,104836310.0,-0.006573728224378961,-0.006595430337242815,2.029998779296875,1,135.38999938964844
2021-02-10,131.74786376953125,135.38999938964844,136.99000549316406,134.39999389648438,136.47999572753906,73046600,135.45800018310547,135.27300033569335,130.6534002685547,52.714326439193286,1.654917156012118,2.0871131928200612,-0.43219603680794316,144.2487379074099,135.27300033569335,126.2972627639768,3.5007823279747683,98056590.0,-0.004558452630158305,-0.004568874057798494,2.5900115966796875,1,135.1300048828125
2021-02-11,131.49488830566406,135.1300048828125,136.38999938964844,133.77000427246094,135.89999389648438,64280000,135.26200103759766,135.48500061035156,130.97500030517577,52.17392378342921,1.4768619514058798,1.9650629445372252,-0.48820099313134535,144.23405990674485,135.48500061035156,126.73594131395826,3.4378689557756776,90222480.0,-0.0019203376025409558,-0.0019221838147405867,2.6199951171875,0,135.3699951171875
2021-02-12,131.72840881347656,135.3699951171875,135.52999877929688,133.69000244140625,134.35000610351562,60145100,135.60299987792968,135.80800018310546,131.22800018310548,52.656387092137955,1.3396741949675857,1.8399851946232975,-0.5003109996557118,144.02294095919274,135.80800018310546,127.59305940701819,3.3237351973553166,78484610.0,0.0017759951580194056,0.00177441994339202,1.839996337890625,0,133.19000244140625
2021-02-16,129.60704040527344,133.19000244140625,136.00999450683594,132.7899932861328,135.49000549316406,80576300,135.50800018310548,136.11050033569336,131.4302001953125,47.92679114928082,1.0430214179810662,1.6805924392948512,-0.6375710213137851,143.42235109110354,136.11050033569336,128.79864958028318,3.3163256275944457,75918260.0,-0.016103957704172722,-0.016235035584380688,3.220001220703125,0,130.83999633789062
2021-02-17,127.3202896118164,130.83999633789062,132.22000122070312,129.47000122070312,131.25,97918500,135.09299926757814,136.26100006103516,131.58820007324218,43.401218472294005,0.6112499927911585,1.4667239499941127,-0.8554739572029542,142.9852005474266,136.26100006103516,129.53679957464374,3.3451595985307803,77379570.0,-0.017644012767020212,-0.017801523862226845,2.75,0,129.7100067138672
2021-02-18,126.22067260742188,129.7100067138672,130.0,127.41000366210938,129.1999969482422,96856700,134.6699996948242,136.14500045776367,131.73740020751953,41.37794646345799,0.1758601028451494,1.20855118056432,-1.0326910777191707,143.22764664030476,136.14500045776367,129.0623542752226,3.351219104048671,78077150.0,-0.008636423537534132,-0.008673933567785534,2.589996337890625,0,129.8699951171875
2021-02-19,126.37635040283203,129.8699951171875,130.7100067138672,128.8000030517578,130.24000549316406,87668800,133.91799926757812,135.79500045776368,131.85980010986327,41.79169458868766,-0.15449882836159645,0.9359411787791367,-1.0904400071407332,143.37417534034012,135.79500045776368,128.21582557518724,3.2482751439101496,78425720.0,0.0012334314627955312,0.0012326714111257225,1.910003662109375,0,126.0
2021-02-22,122.61048126220703,126.0,129.72000122070312,125.5999984741211,128.00999450683594,103916400,132.84199981689454,135.14150009155273,131.89220016479493,35.30128478222218,-0.7202839396141769,0.604696155100474,-1.3249800947146508,143.67255593386088,135.14150009155273,126.61044424924458,3.3212552509927393,81247980.0,-0.029798993321709433,-0.03025200557282639,4.120002746582031,0,125.86000061035156
2021-02-23,122.4742431640625,125.86000061035156,126.70999908447266,118.38999938964844,123.76000213623047,158273000,131.73699951171875,134.28850021362305,131.97380020141603,35.08898315191652,-1.1665225514265956,0.2504524137950601,-1.4169749652216557,142.94856480192126,134.28850021362305,125.62843562532485,3.678308425552131,89945560.0,-0.0011111062670511318,-0.0011117240032422343,8.319999694824219,0,125.3499984741211
2021-02-24,121.97795867919922,125.3499984741211,125.55999755859375,122.2300033569336,124.94000244140625,111039900,130.67099990844727,133.39799995422362,132.01600021362304,34.2801916215719,-1.5435299242390101,-0.10834405381175394,-1.4351858704272562,141.887016611508,133.39799995422362,124.90898329693927,3.6748576275425475,93372130.0,-0.004052138358153767,-0.004060370516880425,3.3299942016601562,0,120.98999786376953
2021-02-25,117.73524475097656,120.98999786376953,126.45999908447266,120.54000091552734,124.68000030517578,148199500,129.2309997558594,132.34449996948243,131.98760009765624,28.279095711375845,-2.1691223029179696,-0.520499703632997,-1.6486225992849726,141.47738656748496,132.34449996948243,123.2116133714799,3.8352248090713164,100887420.0,-0.0347826139882379,-0.03540193253422548,5.9199981689453125,0,121.26000213623047
2021-02-26,117.99800872802734,121.26000213623047,124.8499984741211,121.19999694824219,122.58999633789062,164560400,127.84399948120117,131.55300025939943,131.9772001647949,29.106772630152136,-2.613000637094956,-0.9389998903253889,-1.674000746769567,141.6015325768221,131.55300025939943,121.50446794197674,3.836994509162763,110915460.0,0.002231624739467808,0.002229138363397372,3.6500015258789062,0,127.79000091552734
2021-03-01,124.35233306884766,127.79000091552734,127.93000030517578,122.79000091552734,123.75,116307900,127.08600006103515,131.34449996948243,131.9754002380371,45.49054990686001,-2.4100791941604456,-1.2332157510924002,-1.1768634430680454,141.52281093998766,131.34449996948243,121.16618899897719,4.039351913432945,116531740.0,0.05385121774911972,0.05245128052439601,5.1399993896484375,0,125.12000274658203
2021-03-02,121.75415802001953,125.12000274658203,128.72000122070312,125.01000213623047,128.41000366210938,102260900,126.27900009155273,130.8935001373291,131.92160034179688,41.28885359791466,-2.4366211746357465,-1.4738968358010696,-0.9627243388346769,141.33238516169106,130.8935001373291,120.45461511296716,4.015826711364353,118700200.0,-0.02089363917220921,-0.02111500003633978,3.7099990844726562,0,122.05999755859375
2021-03-03,118.7764663696289,122.05999755859375,125.70999908447266,121.83999633789062,124.80999755859375,112966300,125.40100021362305,130.2469997406006,131.7888003540039,37.06365087175586,-2.673751388868908,-1.7138677464146372,-0.9598836424542707,141.18081663295786,130.2469997406006,119.31318284824333,4.005410713879901,120204980.0,-0.024456562666370862,-0.02476059163392446,3.8700027465820312,0,120.12999725341797
2021-03-04,116.89836883544922,120.12999725341797,123.5999984741211,118.62000274658203,121.75,178155000,124.44299926757813,129.55649948120117,131.6582002258301,34.65486167561785,-2.9830272062579724,-1.9676996383833045,-1.0153275678746678,141.19197469617097,129.55649948120117,117.92102426623138,4.0750239291412695,128334810.0,-0.015811898605432195,-0.015938240244790403,4.9799957275390625,0,121.41999816894531
2021-03-05,118.15370178222656,121.41999816894531,121.94000244140625,117.56999969482422,120.9800033569336,153766600,123.5979995727539,128.75799942016602,131.5220002746582,37.57514805941082,-3.08843665162037,-2.1918470410307176,-0.8965896105896523,140.32526619525274,128.75799942016602,117.1907326450793,4.096093844672753,134944590.0,0.01073837463598748,0.010681127752080941,4.370002746582031,0,116.36000061035156
2021-03-08,113.22979736328125,116.36000061035156,121.0,116.20999908447266,120.93000030517578,154376600,122.63399963378906,127.7379997253418,131.21160018920898,31.608146358287712,-3.5394730690243534,-2.4613722466294448,-1.0781008223949087,139.88607582653887,127.7379997253418,115.58992362414472,4.17565850465846,139990610.0,-0.04167351041756073,-0.042566755749575934,4.790000915527344,0,121.08999633789062
2021-03-09,117.83256530761719,121.08999633789062,122.05999755859375,118.79000091552734,119.02999877929688,129525800,122.15699920654296,126.94699935913086,131.01419998168944,41.03459061655873,-3.4751917075967214,-2.6641361388229003,-0.811055568773821,138.6554187745682,126.94699935913086,115.23857994369351,4.284539822057298,137115890.0,0.04064967087253768,0.039845201651029,3.2699966430664062,0,119.9800033569336
2021-03-10,116.75244903564453,119.9800033569336,122.16999816894531,119.44999694824219,121.69000244140625,111943300,121.61999969482422,126.14549980163574,130.77440002441406,39.65335541165552,-3.4737719419095896,-2.8260632994402384,-0.6477086424693512,137.45026470386142,126.14549980163574,114.84073489941004,4.172787064817714,137206230.0,-0.009166677797724065,-0.009208950319345974,2.720001220703125,0,121.95999908447266
2021-03-11,118.67916107177734,121.95999908447266,123.20999908447266,121.26000213623047,122.54000091552734,103026500,121.71699981689453,125.47399978637695,130.4797999572754,43.31847194551643,-3.2751240681127456,-2.91587545317474,-0.3592486149380054,136.07614999926992,125.47399978637695,114.87184957348398,4.105444826440668,132688930.0,0.016502714386902317,0.01636802440921378,1.9499969482421875,0,121.02999877929688
2021-03-12,117.77417755126953,121.02999877929688,121.16999816894531,119.16000366210938,120.4000015258789,88105100,121.69399948120117,124.76899948120118,130.2030000305176,42.02734156187066,-3.1563529768829284,-2.963970957916378,-0.19238201896655038,134.55264039454545,124.76899948120118,114.9853585678569,4.0121984404351405,125043400.0,-0.007625453527034254,-0.007654675948712857,2.0099945068359375,0,123.98999786376953
2021-03-15,120.65454864501953,123.98999786376953,124.0,120.41999816894531,121.41000366210938,92403800,121.31399917602539,124.19999961853027,130.0083999633789,47.40097273246885,-2.7912035855411546,-2.9294174834413336,0.13821389790017902,132.68938906392265,124.19999961853027,115.71061017313791,3.9813272540508224,122652990.0,0.0244567389434609,0.024162461298138555,3.5800018310546875,0,125.56999969482422
2021-03-16,122.19205474853516,125.56999969482422,127.22000122070312,124.72000122070312,125.69999694824219,115227900,121.3589988708496,123.81899948120117,129.86599990844726,50.06186711047946,-2.3472692600976046,-2.812987838772588,0.46571857867498334,131.28227212982566,123.81899948120117,116.35572683257668,3.927661261399592,123949690.0,0.012742978129499427,0.012662469607852573,2.5,1,124.76000213623047
2021-03-17,121.40383911132812,124.76000213623047,125.86000061035156,122.33999633789062,124.05000305175781,111932600,121.62899932861328,123.51499977111817,129.7729998779297,48.70166167608985,-2.037323149280681,-2.6578549008742067,0.6205317515935258,130.27140363410703,123.51499977111817,116.75859590812932,3.8985429050468308,123846320.0,-0.006450565903976302,-0.006471460708226777,3.5200042724609375,1,120.52999877929688
2021-03-18,117.28763580322266,120.52999877929688,123.18000030517578,120.31999969482422,122.87999725341797,121229700,121.66899948120117,123.05599937438964,129.5633999633789,42.24620655489651,-2.108706684672029,-2.548025257633771,0.43931857296174215,129.29400319637605,123.05599937438964,116.81799555240325,3.937218586215361,118153790.0,-0.033905124114334995,-0.03449323438986452,2.8600006103515625,0,119.98999786376953
2021-03-19,116.76216888427734,119.98999786376953,121.43000030517578,119.68000030517578,119.9000015258789,185549500,121.5259994506836,122.56199951171875,129.43119995117186,41.49012901065402,-2.1836801066911278,-2.4751562274452428,0.291476120754115,128.08744190865804,122.56199951171875,117.03655711477947,3.780988687199978,121332080.0,-0.004480220036475302,-0.004490286299564084,1.75,0,123.38999938964844
2021-03-22,120.07070922851562,123.38999938964844,123.87000274658203,120.26000213623047,120.33000183105469,111912300,122.22899932861328,122.43149948120117,129.28059997558594,47.822042795239625,-1.9463095309186969,-2.3693868881399336,0.42307735722123674,127.74521192525758,122.43149948120117,117.11778703714477,3.788061272600873,117085650.0,0.028335707862409354,0.027941677791025406,3.6100006103515625,1,122.54000091552734
2021-03-23,119.24354553222656,122.54000091552734,124.23999786376953,122.13999938964844,123.33000183105469,95467100,122.37399978637696,122.26549949645997,129.09039993286132,46.46814795432047,-1.8059614135805049,-2.256701793228048,0.4507403796475433,127.34258000321944,122.26549949645997,117.1884189897005,3.667485358423746,113679780.0,-0.006888714468965329,-0.006912551195157183,2.0999984741210938,1,120.08999633789062
2021-03-24,116.85945892333984,120.08999633789062,122.9000015258789,120.06999969482422,122.81999969482422,88530500,122.38499908447265,122.00249938964843,128.91259994506837,42.71440441394379,-1.8708632661488878,-2.1795340878122165,0.3086708216633287,126.95666998192083,122.00249938964843,117.04832879737604,3.6076651064688128,111338500.0,-0.019993508726392273,-0.02019608359087706,2.8300018310546875,0,120.58999633789062
2021-03-25,117.34600830078125,120.58999633789062,121.66000366210938,119.0,119.54000091552734,98844700,122.24799880981445,121.9824993133545,128.74839981079103,43.713713018490736,-1.8605058769514926,-2.115728445640072,0.2552225686885792,126.95605009236472,121.9824993133545,117.00894853434427,3.5399750033002815,110920320.0,0.0041635441356262515,0.004154900569348873,2.660003662109375,0,121.20999908447266
2021-03-26,117.94931030273438,121.20999908447266,121.4800033569336,118.91999816894531,120.3499984741211,94071200,122.26599884033203,121.9799991607666,128.5547998046875,44.99505259517631,-1.7817298585999453,-2.0489287282320463,0.26719886963210104,126.95505023938632,121.9799991607666,117.00494808214687,3.469977159349424,111516930.0,0.005141411107143501,0.005128239181954568,2.5600051879882812,0,121.38999938964844
2021-03-29,118.1244888305664,121.38999938964844,122.58000183105469,120.7300033569336,121.6500015258789,80819200,122.00599899291993,121.65999908447266,128.40439971923828,45.38378216091418,-1.6853471434261849,-1.976212411270874,0.29086526784468925,125.86237090375315,121.65999908447266,117.45762726519217,3.354264396118829,110358470.0,0.0014850285169158983,0.001483926952502729,1.8499984741210938,0,119.9000015258789
2021-03-30,116.67459106445312,119.9000015258789,120.4000015258789,118.86000061035156,120.11000061035156,85671900,121.43899917602539,121.3989990234375,128.2595997619629,42.69404285886706,-1.7094876133380126,-1.922867451684302,0.21337983834628949,125.35028210528965,121.3989990234375,117.44771594158534,3.2953882806315464,107402870.0,-0.012274469653688724,-0.012350423121959254,1.5400009155273438,0,122.1500015258789
2021-03-31,118.86406707763672,122.1500015258789,123.5199966430664,121.1500015258789,121.6500015258789,118323800,121.17799911499023,121.40349922180175,128.14599975585938,47.73170875268241,-1.5294325671055304,-1.844180474768548,0.3147479076630175,125.35798706788609,121.40349922180175,117.44901137571742,3.318574483242686,108041990.0,0.018765637792876655,0.018591735435863486,2.3699951171875,1,123.0
2021-04-01,119.69116973876953,123.0,124.18000030517578,122.48999786376953,123.66000366210938,75089100,121.42499923706055,121.54699935913087,127.96539978027344,49.536501180427436,-1.3031282216418845,-1.7359700241432154,0.432841802501331,125.51449308457474,121.54699935913087,117.57950563368699,3.226533361532271,103427930.0,0.006958644809685222,0.006934545176822819,1.69000244140625,1,125.9000015258789
2021-04-05,122.5131607055664,125.9000015258789,126.16000366210938,123.06999969482422,123.87000274658203,88651200,122.01599960327148,121.77099952697753,127.74599990844726,55.21793366844071,-0.8796346301499227,-1.564702945344557,0.6850683151946342,126.16722539389289,121.77099952697753,117.37477366006217,3.2217812401449213,93738100.0,0.02357724817787732,0.02330359779765286,3.0900039672851562,1,126.20999908447266
2021-04-06,122.81483459472656,126.20999908447266,127.12999725341797,125.6500015258789,126.5,80171300,122.29799957275391,122.2634994506836,127.48879974365235,55.79091015020691,-0.5130841805159747,-1.3543791923788406,0.8412950118628659,126.31834084495237,122.2634994506836,118.20865805641482,3.097367989244503,90564000.0,0.002462252222689809,0.002459225846468795,1.4799957275390625,1,127.9000015258789
2021-04-07,124.45936584472656,127.9000015258789,127.91999816894531,125.13999938964844,125.83000183105469,83466700,122.83399963378906,122.603999710083,127.18839981079101,58.8797947478113,-0.08523865706648337,-1.1005510853163691,1.0153124282498858,127.30044370992584,122.603999710083,117.90755571024016,3.0746987599625295,89363960.0,0.013390400551981152,0.01330154149850735,2.779998779296875,1,130.36000061035156
2021-04-08,126.85317993164062,130.36000061035156,130.38999938964844,128.52000427246094,128.9499969482422,88844600,123.86100006103516,123.12299957275391,126.93239974975586,62.9389875970768,0.447178573537812,-0.7910051535455329,1.238183727083345,128.7473378835754,123.12299957275391,117.49866126193244,3.032934410234458,89395370.0,0.019233769000189582,0.01905113813636069,1.8699951171875,1,133.0
2021-04-09,129.42218017578125,133.0,133.0399932861328,129.47000122070312,129.8000030517578,106686700,125.1020004272461,123.67499961853028,126.75119979858398,66.73419890883531,1.0698167702107355,-0.4188407687942793,1.4886575390050147,130.72162141150596,123.67499961853028,116.62837782555458,3.0712956713198314,90179570.0,0.020251606146730827,0.020049269570346574,3.5699920654296875,1,131.24000549316406
2021-04-12,127.70952606201172,131.24000549316406,132.85000610351562,130.6300048828125,132.52000427246094,91420000,126.10500106811523,124.18549995422363,126.63419998168945,62.16385588350611,1.4050486528682882,-0.054062884461765826,1.459111537330054,131.84442241178948,124.18549995422363,116.52657749665778,3.0212027745960937,89914450.0,-0.013233041404781432,-0.013321378272986115,2.220001220703125,1,134.42999267578125
2021-04-13,130.81369018554688,134.42999267578125,134.66000366210938,131.92999267578125,132.44000244140625,91266500,127.40900039672852,124.70749969482422,126.68359970092773,66.62534139214205,1.9061546763230979,0.3379806276952069,1.568174048627891,133.5704247371109,124.70749969482422,115.84457465253756,3.049688159906752,90959180.0,0.024306515156183428,0.024015813033878553,2.730010986328125,1,132.02999877929688
2021-04-14,128.47828674316406,132.02999877929688,135.0,131.66000366210938,134.94000244140625,87222800,128.62200012207032,125.03049964904785,126.6413996887207,60.81515193097729,2.0855840456769954,0.6875013112915647,1.3980827343854307,134.4490527089344,125.03049964904785,115.61194658916132,3.070424458334171,91114270.0,-0.017853113347054084,-0.0180144027371861,3.339996337890625,1,134.5
2021-04-15,130.8818359375,134.5,135.0,133.63999938964844,133.82000732421875,89347100,129.85699996948242,125.51749954223632,126.63159957885742,64.26874258659566,2.3994324062732773,1.0298875302879074,1.36954487598537,135.79758318763936,125.51749954223632,115.23741589683328,3.0632513699319537,88216600.0,0.018707878842231906,0.018535038796433676,1.3600006103515625,1,134.16000366210938
2021-04-16,130.5509796142578,134.16000366210938,134.6699981689453,133.27999877929688,134.3000030517578,84922400,130.97300033569337,126.19899978637696,126.63599960327149,63.439890805795,2.590858822449775,1.342081788720281,1.248777033729494,136.86604680726174,126.19899978637696,115.53195276549218,2.9437333713402736,89199930.0,-0.002527853813313219,-0.002531054230359273,1.3899993896484375,1,134.83999633789062
2021-04-19,131.2127227783203,134.83999633789062,135.47000122070312,133.33999633789062,133.50999450683594,94264200,131.86699981689452,126.94149971008301,126.58499954223633,64.42798913994963,2.7655557571523843,1.6267765824067015,1.1387791747456828,137.84121029819576,126.94149971008301,116.04178912197025,2.8856099078740036,89761230.0,0.005068520104500429,0.005055718395400615,2.1300048828125,1,133.11000061035156
2021-04-20,129.5292205810547,133.11000061035156,135.52999877929688,131.80999755859375,135.02000427246094,94812300,132.55699996948243,127.42749977111816,126.51199966430664,59.98608977410233,2.7329049128319127,1.8480022484917438,0.884902664340169,138.51561757502992,127.42749977111816,116.3393819672064,2.945209287361798,91225330.0,-0.012829989428388311,-0.012913004562690159,3.720001220703125,1,133.5
2021-04-21,129.90872192382812,133.5,133.75,131.3000030517578,132.36000061035156,68847100,133.11699981689452,127.97549972534179,126.44379959106445,60.644808110326444,2.707290613888034,2.019859921571002,0.6874306923170321,139.12640387825158,127.97549972534179,116.82459557243199,2.909836977424683,89763370.0,0.002929902996470446,0.0029256191960594004,2.4499969482421875,1,131.94000244140625
2021-04-22,128.3907012939453,131.94000244140625,134.14999389648438,131.41000366210938,133.0399932861328,84566500,133.275,128.56800003051757,126.36239974975587,56.62900540448162,2.531925866578206,2.122273110572443,0.4096527560057628,139.22847190578096,128.56800003051757,117.90752815525417,2.8977050672068487,89335560.0,-0.011685374970739737,-0.011754185541666849,2.739990234375,1,134.32000732421875
2021-04-23,130.7066650390625,134.32000732421875,135.1199951171875,132.16000366210938,132.16000366210938,78657500,133.40700073242186,129.25450057983397,126.34099990844726,60.884643141115994,2.555535917125866,2.2089256718831276,0.3466102452427382,139.5330188380207,129.25450057983397,118.97598232164725,2.9178684678193063,86532640.0,0.01803853902359487,0.017877774998778996,2.959991455078125,1,134.72000122070312
2021-04-26,131.09591674804688,134.72000122070312,135.05999755859375,133.55999755859375,134.8300018310547,66905100,133.75500030517577,129.9300006866455,126.33279983520508,61.56718248910266,2.5768192485608097,2.282504387218664,0.2943148613421456,139.77145762126455,129.9300006866455,120.08854375202648,2.816592148689356,84081150.0,0.002977917470767144,0.002973492257638755,1.5,1,134.38999938964844
2021-04-27,130.77479553222656,134.38999938964844,135.41000366210938,134.11000061035156,135.00999450683594,66015800,133.7510009765625,130.58000068664552,126.3131999206543,60.62725154929421,2.537803829417925,2.3335642756585164,0.2042395537594084,139.77544890038556,130.58000068664552,121.38455247290548,2.708264356051388,81556080.0,-0.002449538509980198,-0.0024525435377266216,1.3000030517578125,1,133.5800018310547
2021-04-28,129.986572265625,133.5800018310547,135.02000427246094,133.0800018310547,134.30999755859375,107760100,133.90600128173827,131.2640007019043,126.32099990844726,58.27553498049967,2.4137001621170953,2.349591452950232,0.06410870916686306,139.11717641155028,131.2640007019043,123.41082499225834,2.653388505005307,83609810.0,-0.0060272160300057775,-0.006045453012287637,1.94000244140625,1,133.47999572753906
2021-04-29,129.88925170898438,133.47999572753906,137.07000732421875,132.4499969482422,136.47000122070312,151101000,133.8040008544922,131.83050041198732,126.37379989624023,57.9765174141448,2.2809836947249664,2.335869901305179,-0.054886206580212704,138.5206283356585,131.83050041198732,125.14037248831612,2.793861495788968,89785200.0,-0.0007486607437100501,-0.0007489411301162342,4.6200103759765625,1,131.4600067138672
2021-04-30,127.92359161376953,131.4600067138672,133.55999755859375,131.07000732421875,131.77999877929688,109839500,133.53400115966798,132.25350074768068,126.40879989624024,52.15527292084151,1.9898707155382453,2.2666700641517927,-0.2767993486135474,137.5896042052558,132.25350074768068,126.91739729010555,2.77215640568797,92276910.0,-0.015133271488823707,-0.01524894796793664,2.489990234375,0,132.5399932861328
2021-05-03,128.9745635986328,132.5399932861328,134.07000732421875,131.8300018310547,132.0399932861328,75135100,133.3040008544922,132.58550033569335,126.46219985961915,54.77010228457623,1.8252669317346317,2.178389437668361,-0.35312250593372907,137.05496678335942,132.58550033569335,128.1160338880273,2.7605738488782268,90364000.0,0.008215324183090233,0.008181762097687896,2.2400054931640625,0,127.8499984741211
2021-05-04,124.41070556640625,127.8499984741211,131.49000549316406,126.69999694824219,131.19000244140625,137564700,132.77800064086915,132.6675003051758,126.49919982910156,43.620924774464804,1.3013724502267792,2.0029860401800446,-0.7016135899532654,136.7054238658886,132.6675003051758,128.62957674446298,2.980532598093398,94639240.0,-0.035385506636376296,-0.036026746202395626,4.790008544921875,0,128.10000610351562
2021-05-05,124.65401458740234,128.10000610351562,130.4499969482422,127.97000122070312,129.1999969482422,84000900,132.2380012512207,132.67750053405763,126.54399993896484,44.27215879615779,0.8960269841512059,1.781594228974277,-0.8855672448230711,136.66886851987016,132.67750053405763,128.6861325482451,2.953351589238234,96154620.0,0.0019554762016296134,0.0019535667468990143,2.4799957275390625,0,129.74000549316406
2021-05-06,126.24990844726562,129.74000549316406,129.75,127.12999725341797,127.88999938964844,78128300,132.01800155639648,132.64650077819823,126.63180007934571,48.47651471132382,0.699063655953978,1.565088114370217,-0.8660244584162391,136.71820664951252,132.64650077819823,128.57479490688394,2.929540957619934,95510800.0,0.01280249267375666,0.012721233575516806,2.6200027465820312,0,130.2100067138672
2021-05-07,126.92247009277344,130.2100067138672,131.25999450683594,129.47999572753906,130.85000610351562,78973300,131.60700149536132,132.5070011138916,126.81620025634766,49.64891540538403,0.5742740955597583,1.3669253106081254,-0.7926512150483671,136.7097688212804,132.5070011138916,128.3042334065028,2.8474308020254293,95542380.0,0.003622639130594907,0.003616093177779508,1.779998779296875,0,126.8499984741211
2021-05-10,123.64727783203125,126.8499984741211,129.5399932861328,126.80999755859375,129.41000366210938,88071200,130.82000122070312,132.28750076293946,126.92800018310547,42.24774495222782,0.20192521748700187,1.133925291983901,-0.932000074496899,137.14031592309996,132.28750076293946,127.43468560277894,2.8869006844002874,97658990.0,-0.025804531652698692,-0.026143309286186855,2.7299957275390625,0,125.91000366210938
2021-05-11,122.73100280761719,125.91000366210938,126.2699966430664,122.7699966430664,123.5,126142800,129.9720016479492,131.86150131225585,126.8904002380371,40.43187668875672,-0.16708759469617007,0.8737227146478868,-1.0408103093440568,137.34240930141738,131.86150131225585,126.38059332309435,2.9721221948756016,103671690.0,-0.007410286348592199,-0.007437878917544822,3.5,0,122.7699966430664
2021-05-12,119.67030334472656,122.7699966430664,124.63999938964844,122.25,123.4000015258789,112172300,128.8910011291504,131.39850120544435,126.8434001159668,35.01742094599648,-0.7047809551086743,0.5580219806965746,-1.262802935805249,138.15929177613387,131.39850120544435,124.63771063475481,3.0212565853922997,104112910.0,-0.02493850311901713,-0.025254736249268578,2.3899993896484375,0,124.97000122070312
2021-05-13,121.81474304199219,124.97000122070312,126.1500015258789,124.26000213623047,124.58000183105469,105861300,128.0400016784668,130.9220012664795,126.90160018920898,40.9809179767548,-0.942520049465287,0.2579135746642023,-1.2004336241294893,138.0733188953944,130.9220012664795,123.77068363756459,3.046881463779457,99588940.0,0.017919724996269926,0.017761059416186227,1.8899993896484375,0,127.44999694824219
2021-05-14,124.23212432861328,127.44999694824219,127.88999938964844,125.8499984741211,126.25,81918000,127.6390007019043,130.58650093078614,127.04800018310547,46.89701183102685,-0.9202074864428198,0.02228936244279786,-0.9424968488856177,137.72828871977703,130.58650093078614,123.44471314179526,3.037818371291304,96796790.0,0.019844728361323005,0.019650388611717078,2.0400009155273438,0,126.2699966430664
2021-05-17,123.08191680908203,126.2699966430664,126.93000030517578,125.16999816894531,126.81999969482422,74244600,127.01200103759766,130.15800094604492,127.1450001525879,44.60587745166208,-0.9863705171207897,-0.1794426134699197,-0.8069279036508701,137.25579504652544,130.15800094604492,123.0602068455644,2.983688400434559,96707740.0,-0.009258535374112142,-0.009301662012151579,1.7600021362304688,0,124.8499984741211
2021-05-18,121.69776153564453,124.8499984741211,126.98999786376953,124.77999877929688,126.55999755859375,63342900,126.71200103759766,129.7450008392334,127.31480010986328,41.94988685737301,-1.1402431669738604,-0.37160272417070783,-0.7686404428031526,137.06541902296362,129.7450008392334,122.42458265550316,2.9284248778658517,89285560.0,-0.011245729046459818,-0.011309440361142285,2.2099990844726562,0,124.69000244140625
2021-05-19,121.54181671142578,124.69000244140625,124.91999816894531,122.86000061035156,123.16000366210938,92612000,126.37100067138672,129.30450096130372,127.38680023193359,41.648971164821944,-1.260567654032883,-0.5493957101431428,-0.7111719438897401,136.72763775350958,129.30450096130372,121.88136416909785,2.866394355060702,90146670.0,-0.0012815060846637083,-0.0012823279157823085,2.05999755859375,0,127.30999755859375
2021-05-20,124.09564208984375,127.30999755859375,127.72000122070312,125.0999984741211,125.2300033569336,76857100,126.12799987792968,129.0730007171631,127.5334001159668,48.20147638321001,-1.131471072961233,-0.6658107827067609,-0.4656602902544721,136.44151654723444,129.0730007171631,121.70448488709174,2.878080385363286,90019550.0,0.021012070461853494,0.02079436130838979,2.6200027465820312,0,125.43000030517578
2021-05-21,122.26312255859375,125.43000030517578,128.0,125.20999908447266,127.81999969482422,79295400,125.64999923706054,128.62850036621094,127.60280014038086,44.35271909950424,-1.1674040615912986,-0.7661294384836685,-0.40127462310763007,135.7455768744043,128.62850036621094,121.5114238580176,2.8717889946607187,90051760.0,-0.014767082628783457,-0.014877201427072332,2.7900009155273438,0,127.0999984741211
2021-05-24,123.8909683227539,127.0999984741211,127.94000244140625,125.94000244140625,126.01000213623047,63092900,125.67499923706055,128.24750022888185,127.72420013427734,48.30165671365614,-1.0490337108688976,-0.8227102929607144,-0.22632341790818322,134.81393919377507,128.24750022888185,121.68106126398862,2.845947076201415,87553930.0,0.01331418452429367,0.013226329720446916,2.0,0,126.9000015258789
2021-05-25,123.69601440429688,126.9000015258789,128.32000732421875,126.31999969482422,127.81999969482422,72009500,125.7739990234375,127.87300033569336,127.78240020751953,47.86359660019121,-0.9602927799818417,-0.8502267903649399,-0.11006598961690184,133.82062266420343,127.87300033569336,121.92537800718331,2.785522830000924,82140600.0,-0.0015735401309459052,-0.001574779445462458,2.0000076293945312,0,126.8499984741211
2021-05-26,123.64727783203125,126.8499984741211,127.38999938964844,126.41999816894531,126.95999908447266,56575900,126.18199920654297,127.53650016784668,127.80800018310546,47.747002755284065,-0.8838117495982232,-0.8569437822115966,-0.026867967386626557,132.8859501637709,127.53650016784668,122.18705017192248,2.655842715051081,76580960.0,-0.0003940350760958111,-0.0003941127283155435,0.970001220703125,0,125.27999877929688
2021-05-27,122.11692810058594,125.27999877929688,127.63999938964844,125.08000183105469,126.44000244140625,94625600,126.21299896240234,127.12650032043457,127.8184001159668,44.11346863376671,-0.9390609265247036,-0.873367211074218,-0.06569371545048563,131.8059818696098,127.12650032043457,122.44701877125934,2.6489966324469854,75457390.0,-0.012376820762394547,-0.012454051517594754,2.55999755859375,0,124.61000061035156
2021-05-28,121.46383666992188,124.61000061035156,125.80000305175781,124.55000305175781,125.56999969482422,71311100,125.92899932861329,126.78400001525878,127.9000001525879,42.622790971277304,-1.0250929170635743,-0.9037123522720892,-0.12138056479148507,131.13589849278276,126.78400001525878,122.43210153773481,2.549068301557915,74396700.0,-0.005348005870638883,-0.00536235764582328,1.25,0,124.27999877929688
2021-06-01,121.1421890258789,124.27999877929688,125.3499984741211,123.94000244140625,125.08000183105469,67637100,125.72999954223633,126.37100028991699,127.98580017089844,41.87226384230707,-1.1071398600820004,-0.9443978538340715,-0.1627420062479289,129.96049301134954,126.37100028991699,122.78150756848444,2.4677059966405532,73735950.0,-0.002648277260559384,-0.002651790150224999,1.4099960327148438,0,125.05999755859375
2021-06-02,121.9024658203125,125.05999755859375,125.23999786376953,124.05000305175781,124.27999877929688,59278900,125.7509994506836,126.23150024414062,128.01920013427736,44.365871137180356,-1.0965825497384856,-0.9748347930149543,-0.12174775672353122,129.7970121923274,126.23150024414062,122.66598829595384,2.376440912024208,73329550.0,0.006276140867059743,0.006256527914626482,1.1899948120117188,0,123.54000091552734
2021-06-03,120.42086791992188,123.54000091552734,124.8499984741211,123.12999725341797,124.68000030517578,76229200,125.6359992980957,126.00349998474121,128.03920013427734,40.70158513972004,-1.197067778976205,-1.0192813902072044,-0.17778638876900055,129.64431169058372,126.00349998474121,122.3626882788987,2.34455229724932,71691270.0,-0.012154139395007202,-0.012228604938742515,1.720001220703125,0,125.88999938964844
2021-06-04,122.71151733398438,125.88999938964844,126.16000366210938,123.8499984741211,124.06999969482422,75169300,125.49399948120117,125.81099967956543,128.1552001953125,47.87021153538129,-1.074689458888102,-1.030363003943384,-0.044326454944717986,129.02309653388843,125.81099967956543,122.59890282524243,2.3642273293445135,71522490.0,0.019022166559055975,0.018843507251345516,2.3100051879882812,1,125.9000015258789
2021-06-07,122.72126007080078,125.9000015258789,126.31999969482422,124.83000183105469,126.16999816894531,71057600,125.54099960327149,125.59549942016602,128.26140029907228,47.89908162353604,-0.9657639441467012,-1.0174431919840474,0.05167924783734623,128.09812532958787,125.59549942016602,123.09287351074417,2.301782367517729,70698710.0,7.945139629006448e-05,7.944824019504792e-05,1.4899978637695312,1,126.73999786376953
2021-06-08,123.5400390625,126.73999786376953,128.4600067138672,126.20999908447266,126.5999984741211,74403800,125.50499954223633,125.58999938964844,128.3720002746582,50.38422384329232,-0.8024093293563652,-0.9744364194585111,0.1720270901021459,128.08203414128698,125.58999938964844,123.09796463800991,2.320226854694197,71829800.0,0.006671932706195927,0.006649773870081374,2.2500076293945312,1,127.12999725341797
2021-06-09,123.92021179199219,127.12999725341797,127.75,126.5199966430664,127.20999908447266,56877900,125.52799911499024,125.65099906921387,128.4868002319336,51.539965601487246,-0.6341696162654102,-0.906383058819891,0.27221344255448077,128.2296016940768,125.65099906921387,123.07239644435096,2.242353747711297,70316640.0,0.003077161087438496,0.0030724363173638206,1.2300033569335938,1,126.11000061035156
2021-06-10,122.92595672607422,126.11000061035156,128.19000244140625,125.94000244140625,127.0199966430664,71186400,125.45399932861328,125.81799926757813,128.61100021362304,48.36669624888,-0.5764981246437202,-0.8404060719846569,0.2639079473409367,128.03604721994404,125.81799926757813,123.59995131521224,2.2428999085890617,71777690.0,-0.008023257021182562,-0.00805561654989767,2.25,1,127.3499984741211
2021-06-11,124.13465881347656,127.3499984741211,127.44000244140625,126.0999984741211,126.52999877929688,53522400,125.6609992980957,125.93699913024902,128.7150001525879,52.218215361967715,-0.42582691985714405,-0.7574902415591543,0.3316633217020103,128.2148659011556,125.93699913024902,123.65913235934244,2.1784073413530685,67667370.0,0.009832668763525065,0.009784642636074163,1.3400039672851562,1,130.47999572753906
2021-06-14,127.18560791015625,130.47999572753906,130.5399932861328,127.06999969482422,127.81999969482422,96906500,126.24799880981445,126.08849906921387,128.86460006713867,60.27364278928972,-0.053240560622271005,-0.6166403053717777,0.5633997447495067,129.04937718847546,126.08849906921387,123.12762094995229,2.270663502064177,70226910.0,0.024577913552578545,0.024280736124883233,3.4699935913085938,1,129.63999938964844
2021-06-15,126.3668441772461,129.63999938964844,130.60000610351562,129.38999938964844,129.94000244140625,62746300,126.78399887084962,126.25699920654297,128.93940002441406,57.47330442599979,0.1722703042527769,-0.45885818344686685,0.6311284876996437,129.59904538865183,126.25699920654297,122.91495302443411,2.1949023029072494,69737830.0,-0.006437740384699686,-0.0064585520032784,1.2100067138671875,1,130.14999389648438
2021-06-16,126.86396789550781,130.14999389648438,130.88999938964844,128.4600067138672,130.3699951171875,91815000,127.29299850463867,126.52199897766113,129.0181999206543,58.72708350265551,0.3876727339252426,-0.289551999972445,0.6772247338976876,130.19943347572527,126.52199897766113,122.84456447959697,2.2116944723982495,72991440.0,0.003933928642679829,0.003926210979266916,2.42999267578125,1,131.7899932861328
2021-06-17,128.46255493164062,131.7899932861328,132.5500030517578,129.64999389648438,129.8000030517578,96721700,128.1179977416992,126.87699851989746,129.09599975585937,62.55063312574658,0.6828435605189185,-0.09507288787417231,0.7779164483930908,131.10766470061267,126.87699851989746,122.64633233918222,2.2608598068893344,75040690.0,0.012600841079968284,0.012522111167555784,2.9000091552734375,1,130.4600067138672
2021-06-18,127.16614532470703,130.4600067138672,131.50999450683594,130.24000549316406,130.7100067138672,108953300,128.5749984741211,127.03449897766113,129.09799987792968,57.86861676538618,0.8002252672076366,0.08398674314218949,0.7162385240654472,131.5433128644802,127.03449897766113,122.52568509084205,2.2100832344664356,78419090.0,-0.010091711359132227,-0.010142977881138769,1.269989013671875,1,132.3000030517578
2021-06-21,128.95968627929688,132.3000030517578,132.41000366210938,129.2100067138672,130.3000030517578,79663300,129.214998626709,127.37799911499023,129.08399993896484,62.0957287562806,1.0298519502033798,0.2731597845544276,0.7566921656489523,132.36675213768595,127.37799911499023,122.38924609229451,2.2807913568789893,79279660.0,0.014103911108376721,0.014005376356881254,3.1999969482421875,1,133.97999572753906
2021-06-22,130.59725952148438,133.97999572753906,134.0800018310547,131.6199951171875,132.1300048828125,74783600,129.93899841308593,127.72199897766113,129.13879974365236,65.49934429942778,1.3320392007586292,0.4849356677952679,0.8471035329633614,133.47666039972074,127.72199897766113,121.96733755560153,2.293592453806718,79317640.0,0.012698357044814257,0.012618409003462321,2.4600067138671875,1,133.6999969482422
2021-06-23,130.32432556152344,133.6999969482422,134.32000732421875,133.22999572753906,133.77000427246094,60214200,130.59599838256835,128.0619987487793,129.12419982910157,64.4604317552278,1.531279574773862,0.6942044491909867,0.8370751255828752,134.36008454449578,128.0619987487793,121.76391295306283,2.2076223925833585,79651270.0,-0.002089855114387973,-0.002092041908841114,1.0900115966796875,1,133.41000366210938
2021-06-24,130.0416717529297,133.41000366210938,134.63999938964844,132.92999267578125,134.4499969482422,68711000,131.32599868774415,128.3899990081787,129.1517999267578,63.33987025800195,1.6467957358660783,0.884722706526005,0.7620730293400733,135.07296170349483,128.3899990081787,121.7070363128626,2.1720784155322037,79403730.0,-0.0021689849869261923,-0.00217134064173261,1.7100067138671875,1,133.11000061035156
2021-06-25,129.74917602539062,133.11000061035156,133.88999938964844,132.80999755859375,133.4600067138672,70783700,131.9019989013672,128.78149909973143,129.12399993896486,62.13646626138594,1.6946010803324043,1.046698381287285,0.6479026990451193,135.60573267138008,128.78149909973143,121.95726552808279,2.094072945212381,81129860.0,-0.00224872980678148,-0.0022512619965060023,1.0800018310546875,1,134.77999877929688
2021-06-28,131.37709045410156,134.77999877929688,135.25,133.35000610351562,133.41000366210938,62111300,132.33199920654297,129.2899990081787,129.1363998413086,66.00802365382773,1.8459629439716707,1.206551293824162,0.6394116501475087,136.30797556589258,129.2899990081787,122.27202245046485,2.097353405529242,77650340.0,0.012546000760933262,0.012467951816820925,1.899993896484375,1,136.3300018310547
2021-06-29,132.88792419433594,136.3300018310547,136.49000549316406,134.35000610351562,134.8000030517578,64556100,133.0009994506836,129.8924991607666,129.16619995117188,69.15998169149407,2.067161651020456,1.3786733652634209,0.6884882857570349,137.15144376171838,129.8924991607666,122.63355455981478,2.100399547252042,77831320.0,0.011500245331623304,0.011434620168019558,2.1399993896484375,1,136.9600067138672
2021-06-30,133.50201416015625,136.9600067138672,137.41000366210938,135.8699951171875,136.1699981689453,63261400,133.68200073242187,130.48749961853028,129.24320007324218,70.36289900807475,2.2671648833654388,1.5563716688838245,0.7107932144816143,138.01049721233264,130.48749961853028,122.96450202472792,2.0603716185141727,74975960.0,0.0046211756352296796,0.0046105307849875245,1.540008544921875,1,137.27000427246094
2021-07-01,133.80419921875,137.27000427246094,137.3300018310547,135.75999450683594,136.60000610351562,52485800,134.2300018310547,131.17399978637695,129.3186001586914,70.96306443234896,2.4227550856504365,1.729648352237147,0.6931067334132894,138.53995451777553,131.17399978637695,123.80804505497838,2.025345597493071,70552370.0,0.002263416642797056,0.00226085897400062,1.57000732421875,1,139.9600067138672
2021-07-02,136.4263153076172,139.9600067138672,140.0,137.75,137.89999389648438,78852600,135.18000183105468,131.87750015258788,129.47900024414062,75.58363264798125,2.731633586063964,1.9300453990025106,0.8015881870614534,139.75990394530436,131.87750015258788,123.9950963598714,2.075677749639213,67542300.0,0.01959643299833358,0.01940689508131225,2.25,1,142.02000427246094
2021-07-06,138.43426513671875,142.02000427246094,143.14999389648438,140.07000732421875,140.07000732421875,108181800,136.152001953125,132.683500289917,129.63300018310548,78.41614801333925,3.1068329732721907,2.165402913856447,0.9414300594157439,141.2252638469231,132.683500289917,124.14173673291087,2.1552712805662115,70394150.0,0.01471847284778427,0.014611207368077129,3.079986572265625,1,144.57000732421875
2021-07-07,140.9198455810547,144.57000732421875,144.88999938964844,142.66000366210938,143.5399932861328,104911600,137.21100311279298,133.57500076293945,129.8300003051758,81.30701759316946,3.5688061500197534,2.4460835610891083,1.1227225889306451,143.11310319306543,133.57500076293945,124.03689833281348,2.206322983182018,73406950.0,0.01795523852305836,0.017795947144979396,2.2299957275390625,1,143.24000549316406
2021-07-08,139.62347412109375,143.24000549316406,144.05999755859375,140.6699981689453,141.5800018310547,105575500,138.16500396728514,134.38050117492676,130.00700042724608,75.61819885929603,3.7839837788971806,2.7136636046507228,1.0703201742464579,144.3180523598128,134.38050117492676,124.44294999004072,2.327300566902834,77943080.0,-0.009199707848613237,-0.00924228650283921,3.3899993896484375,1,145.11000061035156
2021-07-09,141.44625854492188,145.11000061035156,145.64999389648438,142.64999389648438,142.75,99890800,139.3350036621094,135.33050117492675,130.23760040283204,77.95380994933292,4.058621317663409,2.98265514725326,1.0759661704101489,145.55249311688482,135.33050117492675,125.10850923296867,2.3753505264097745,81061060.0,0.013054977977341231,0.0129704962295284,3.0,1,144.5
2021-07-12,140.8516387939453,144.5,146.32000732421875,144.0,146.2100067138672,76299700,140.47400360107423,136.1880012512207,130.45800048828124,75.41592298591756,4.178880066381993,3.221900131079007,0.9569799353029858,146.46545963387385,136.1880012512207,125.91054286856753,2.371397440538987,81612660.0,-0.004203711720665804,-0.004212572156644889,2.32000732421875,1,145.63999938964844
2021-07-13,141.96286010742188,145.63999938964844,147.4600067138672,143.6300048828125,144.02999877929688,100827100,141.56000366210938,136.94600143432618,130.74160034179687,76.92769057098324,4.3164174411462,3.440803593092446,0.8756138480537539,147.65486141318976,136.94600143432618,126.23714145546259,2.4755834684329656,85484240.0,0.007889269132515198,0.007858311563922202,3.8300018310546875,1,149.14999389648438
2021-07-14,145.38424682617188,149.14999389648438,149.57000732421875,147.67999267578125,148.10000610351562,127050800,142.84200286865234,137.92150115966797,131.0738003540039,80.83536352028037,4.654984263046401,3.6836397270832375,0.9713445359631638,149.32260796638863,137.92150115966797,126.52039435294732,2.579470930299919,91733710.0,0.024100484218248397,0.023814650922352156,1.8900146484375,1,148.47999572753906
2021-07-15,144.73117065429688,148.47999572753906,150.0,147.08999633789062,149.24000549316406,106820300,143.99400177001954,138.8380012512207,131.48640029907227,78.11568695118991,4.813747768003424,3.909661335267275,0.9040864327361486,150.535968733933,138.8380012512207,127.14003376850839,2.6030804111434516,96089600.0,-0.004492109932034749,-0.004502229775527329,2.910003662109375,1,146.38999938964844
2021-07-16,142.6939239501953,146.38999938964844,149.75999450683594,145.8800048828125,148.4600067138672,93251400,144.90600128173827,139.5680015563965,131.8522001647949,70.18326143555538,4.716554250425702,4.071039918298961,0.6455143321267407,151.23772706155472,139.5680015563965,127.89827605123827,2.6942882120634506,100166160.0,-0.014075945568625792,-0.014175951249266395,3.8799896240234375,1,142.4499969482422
2021-07-19,138.8534393310547,142.4499969482422,144.07000732421875,141.6699981689453,143.75,121434600,145.15500030517578,140.16750106811523,132.10639999389647,58.18737922786339,4.272353388046952,4.11130261224856,0.1610507757983921,151.11350308643,140.16750106811523,129.22149904980046,2.838981998394856,104424360.0,-0.026914423511397723,-0.027283249493411783,2.4000091552734375,1,146.14999389648438
2021-07-20,142.45999145507812,146.14999389648438,147.10000610351562,142.9600067138672,143.4600067138672,96350000,145.56799926757813,140.86000061035156,132.42519973754884,64.34978580414234,4.170801433187762,4.1232023764364,0.04759905675136178,151.47486174000272,140.86000061035156,130.2451394807004,2.9683410810290405,103241180.0,0.025974005107115117,0.025642410274702807,4.1399993896484375,1,145.39999389648438
2021-07-21,141.72889709472656,145.39999389648438,146.1300048828125,144.6300048828125,145.52999877929688,74993500,145.6509979248047,141.43100051879884,132.7961996459961,62.344010516804715,3.9838783752987865,4.095337576208878,-0.1114592009100912,151.72791887285564,141.43100051879884,131.13408216474204,2.8648873619321003,100249370.0,-0.005131714206784155,-0.005144926673252077,1.5,1,146.8000030517578
2021-07-22,143.09361267089844,146.8000030517578,148.1999969482422,145.80999755859375,145.94000244140625,77338200,146.00699768066406,142.08600082397462,133.21399963378906,64.56440045843894,3.903710004720409,4.057012061911184,-0.15330205719077483,151.9916547846771,142.08600082397462,132.18034686327212,2.8602527683482224,97425640.0,0.009628674099327439,0.009582613846949351,2.3899993896484375,1,148.55999755859375
2021-07-23,144.80914306640625,148.55999755859375,148.72000122070312,146.9199981689453,147.5500030517578,71447400,146.35199737548828,142.84350051879883,133.72979965209962,67.18406169486315,3.936811726268786,4.032971994782705,-0.0961602685139189,152.28567710219193,142.84350051879883,133.40132393540574,2.7930917255337286,94581300.0,0.011989063148829748,0.011917763641687975,1.8000030517578125,1,148.99000549316406
2021-07-26,145.22830200195312,148.99000549316406,149.8300018310547,147.6999969482422,148.27000427246094,72434100,146.80099792480468,143.63750076293945,134.21019973754883,67.81020451723214,3.9521847994559494,4.016814555717354,-0.06462975626140466,152.31163781901736,143.63750076293945,134.96336370686154,2.7457283796250698,94194740.0,0.002894506876931713,0.0028903258579504668,2.1300048828125,1,146.77000427246094
2021-07-27,143.0643768310547,146.77000427246094,149.2100067138672,145.5500030517578,149.1199951171875,104818600,146.91399841308595,144.23700103759765,134.5965998840332,61.30655783274099,3.74209597252991,3.9618708390798654,-0.21977486654995548,151.98777510989183,144.23700103759765,136.48622696530347,2.811033756945377,94593890.0,-0.014900336524955593,-0.01501246173558133,3.660003662109375,1,144.97999572753906
2021-07-28,141.31954956054688,144.97999572753906,146.97000122070312,142.5399932861328,144.80999755859375,118931200,146.49699859619142,144.66950073242188,134.97079986572265,56.593377333775365,3.392058791468372,3.847908429557567,-0.455849638089195,151.52023468631737,144.66950073242188,137.8187667785264,2.9266747696328723,93781930.0,-0.012196010716187922,-0.012270992329594539,4.4300079345703125,1,145.63999938964844
2021-07-29,141.96286010742188,145.63999938964844,146.5500030517578,144.5800018310547,144.69000244140625,56699500,146.21299896240234,145.10350036621094,135.38659988403322,57.879195972085334,3.1318070609306687,3.7046881558321876,-0.5728810949015188,150.97548869239557,145.10350036621094,139.2315120400263,2.858340944709319,88769850.0,0.0045523774421245555,0.004542046712990222,1.970001220703125,1,145.86000061035156
2021-07-30,142.1772918701172,145.86000061035156,146.3300018310547,144.11000061035156,144.3800048828125,70440600,146.15999908447264,145.53300018310546,135.80999984741212,58.32238601765601,2.909765978418136,3.545703720349377,-0.6359377419312411,150.17886854603992,145.53300018310546,140.887131820171,2.8127452501374477,86488770.0,0.001510582406104799,0.0015094426241806227,2.220001220703125,1,145.52000427246094
2021-08-02,141.84593200683594,145.52000427246094,146.9499969482422,145.25,146.36000061035156,62880000,146.46699981689454,145.81100006103514,136.17419998168944,57.318641774648114,2.675520226094619,3.3716670214984257,-0.6961467954038065,149.69215190736932,145.81100006103514,141.92984821470097,2.7332632285735,80633310.0,-0.002330977214232255,-0.002333698170766378,1.6999969482421875,0,147.36000061035156
2021-08-03,143.63943481445312,147.36000061035156,148.0399932861328,145.17999267578125,145.80999755859375,64786600,146.58800048828124,146.0779998779297,136.61279998779298,61.20946057811756,2.6082844274267813,3.218990502684097,-0.6107060752573155,149.5970529852264,146.0779998779297,142.55894677063299,2.7423158987005043,77476970.0,0.012644284523559701,0.012565013079081318,2.8600006103515625,1,146.9499969482422
2021-08-04,143.2397918701172,146.9499969482422,147.7899932861328,146.27999877929688,147.27000427246094,56368300,146.74300079345704,146.19699935913087,137.0097999572754,59.899136277258386,2.493175923488252,3.073827586844928,-0.5806516633566758,149.66461507249747,146.19699935913087,142.72938364576427,2.6542929421387496,75614450.0,-0.00278232668574363,-0.0027862045512995278,1.5099945068359375,1,147.05999755859375
2021-08-05,143.34701538085938,147.05999755859375,147.83999633789062,146.1699981689453,146.97999572753906,46397700,146.7690002441406,146.38799896240235,137.41299987792968,60.14564261894136,2.383353914407877,2.935732852357518,-0.5523789379496411,149.5940285903954,146.38799896240235,143.1819693344093,2.5839861726249325,72520400.0,0.0007485580989179397,0.0007482780690412528,1.6699981689453125,1,146.13999938964844
2021-08-06,142.66368103027344,146.13999938964844,147.11000061035156,145.6300048828125,146.35000610351562,54126800,146.5270004272461,146.4394989013672,137.79879989624024,56.99026323251153,2.1967601341081604,2.7879383087076466,-0.5911781745994862,149.5944413415337,146.4394989013672,143.28455646120068,2.505129712261656,70788340.0,-0.006255937605185613,-0.0062755879800599264,1.4799957275390625,0,146.08999633789062
2021-08-09,142.61488342285156,146.08999633789062,146.6999969482422,145.52000427246094,146.1999969482422,48908700,146.23699951171875,146.5189987182617,138.21499984741212,56.81579725384667,2.0215452749398537,2.634659701954088,-0.6131144270142341,149.55222804159237,146.5189987182617,143.48576939493105,2.41047706679877,68435800.0,-0.0003421585600564825,-0.0003422171096524703,1.17999267578125,0,145.60000610351562
2021-08-10,142.136474609375,145.60000610351562,147.7100067138672,145.3000030517578,146.44000244140625,69023100,146.11999969482423,146.5169990539551,138.6347999572754,55.03773787349104,1.8221435828215249,2.4721564781275753,-0.6500128953060504,149.55259547880058,146.5169990539551,143.4814026291096,2.4104432521780987,64856250.0,-0.00335403002709167,-0.003359667394599102,2.410003662109375,0,145.86000061035156
2021-08-11,142.39031982421875,145.86000061035156,146.72000122070312,145.52999877929688,146.0500030517578,48493500,146.20800018310547,146.35249938964844,139.06639999389648,55.82766842336537,1.665892319367316,2.3109036463755235,-0.6450113270082074,149.14649332649395,146.35249938964844,143.55850545280293,2.323268908551538,57812480.0,0.00178567648308392,0.0017840840582546884,1.19000244140625,0,148.88999938964844
2021-08-12,145.34825134277344,148.88999938964844,149.0500030517578,145.83999633789062,146.19000244140625,72282600,146.53300018310546,146.3729995727539,139.5430000305176,63.80793026937171,1.7661980147887846,2.201962520058176,-0.4357645052693915,149.23433740767527,146.3729995727539,143.51166173783255,2.386607323216942,59370790.0,0.020773335846824503,0.02056051242752377,3.2100067138671875,1,149.10000610351562
2021-08-13,145.5532684326172,149.10000610351562,149.44000244140625,148.27000427246094,148.97000122070312,59375000,146.85700073242188,146.50849990844728,140.05420013427735,64.289476999101,1.8414101577233453,2.1298520475912097,-0.28844188986786445,149.6070589230004,146.50849990844728,143.40994089389415,2.2997066693403974,58264230.0,0.0014104823341263284,0.0014094885382967708,1.1699981689453125,1,151.1199951171875
2021-08-16,147.5251922607422,151.1199951171875,151.19000244140625,146.47000122070312,148.5399932861328,103296000,147.41699981689453,146.94199981689454,140.55880004882812,68.61507910259864,2.040491043931098,2.1119798468591875,-0.07148880292808935,150.07381520746603,146.94199981689454,143.81018442632305,2.472584851580592,62305830.0,0.013547880154139325,0.01345692817601405,4.720001220703125,1,150.19000244140625
2021-08-17,146.6173095703125,150.19000244140625,151.67999267578125,149.08999633789062,150.22999572753906,92229700,147.7,147.1440002441406,141.04460006713867,64.72770978773352,2.099025188117821,2.109388915110914,-0.01036372699309318,150.55420558757135,147.1440002441406,143.73379490070988,2.480971386317023,65050140.0,-0.006154001494375949,-0.006173015409483821,2.589996337890625,1,146.36000061035156
2021-08-18,142.87841796875,146.36000061035156,150.72000122070312,146.14999389648438,149.8000030517578,86326000,147.64100036621093,147.19200057983397,141.43700012207032,51.72961698428148,1.8154375460361791,2.0505986412959674,-0.23516109525978823,150.52890090985284,147.19200057983397,143.8551002498151,2.630188239024289,68045910.0,-0.025501043803157875,-0.025831831151727186,4.57000732421875,0,146.6999969482422
2021-08-19,143.21031188964844,146.6999969482422,148.0,144.5,145.02999877929688,86960300,147.6050003051758,147.1870002746582,141.8284001159668,52.63884255449839,1.599686963997243,1.9604163058362227,-0.36072934183897964,150.52653391014817,147.1870002746582,143.84746663916823,2.692317650522554,72102170.0,0.002323014050784167,0.0023203200250105777,3.5,0,148.19000244140625
2021-08-20,144.6649169921875,148.19000244140625,148.5,146.77999877929688,147.44000244140625,60549600,147.81000061035155,147.16850051879882,142.2700001525879,56.50540068660104,1.531282393888688,1.8745895234467158,-0.3433071295580279,150.4813986910436,147.16850051879882,143.85560234655404,2.62858089346793,72744450.0,0.010156820205591055,0.01010558633070086,1.720001220703125,1,149.7100067138672
2021-08-23,146.1487274169922,149.7100067138672,150.19000244140625,147.88999938964844,148.30999755859375,60131800,148.17200164794923,147.204500579834,142.7172003173828,60.08534475590898,1.5814924601949656,1.8159701107963657,-0.23447765060140013,150.61014074809478,147.204500579834,143.7988604115732,2.605111047631493,73866760.0,0.010257131030562805,0.010204883630635656,2.3000030517578125,1,149.6199951171875
2021-08-24,146.06089782714844,149.6199951171875,150.86000061035156,149.14999389648438,149.4499969482422,48606400,148.5740005493164,147.3470001220703,143.10000030517577,59.77160168639911,1.5956277128628074,1.771901631209654,-0.1762739183468467,150.9031674186543,147.3470001220703,143.79083282548632,2.5411750237911854,71825090.0,-0.0006012396810035625,-0.0006014204980604613,1.7100067138671875,1,148.36000061035156
2021-08-25,144.8308868408203,148.36000061035156,150.32000732421875,147.8000030517578,149.80999755859375,58991300,148.8240005493164,147.51600036621093,143.47440032958986,55.4099757804673,1.4880061671100862,1.7151225383897406,-0.22711637127965445,150.92433919155096,147.51600036621093,144.1076615408709,2.539662827267596,72874870.0,-0.008421297606974743,-0.008456957074120227,2.5200042724609375,1,147.5399932861328
2021-08-26,144.03036499023438,147.5399932861328,149.1199951171875,147.50999450683594,148.35000610351562,48597200,148.68899993896486,147.61100006103516,143.82220031738282,52.714016128581115,1.321316267313648,1.636361284174522,-0.31504501686087405,150.90901658304983,147.61100006103516,144.31298353902048,2.473258383202165,70506330.0,-0.005527145597501004,-0.005542476784628126,1.6100006103515625,0,148.60000610351562
2021-08-27,145.06517028808594,148.60000610351562,148.75,146.8300018310547,147.47999572753906,55802400,148.63899993896484,147.74800033569335,144.15840057373046,55.713683220450704,1.2602204592607507,1.561133119191768,-0.30091265993101723,150.97046266341877,147.74800033569335,144.52553800796792,2.4337397964695326,70149070.0,0.007184579541948732,0.0071588934063623435,1.9199981689453125,1,153.1199951171875
2021-08-30,149.47763061523438,153.1199951171875,153.49000549316406,148.61000061035156,149.0,90956700,148.83899993896483,148.12799987792968,144.61160034179687,65.70428121905772,1.558560810631775,1.5606186574797694,-0.0020578468479943712,151.94710149220148,148.12799987792968,144.30889826365788,2.609186910268026,68915140.0,0.03041715227469921,0.029963722458732828,4.8800048828125,1,151.8300018310547
2021-08-31,148.2183380126953,151.8300018310547,152.8000030517578,151.2899932861328,152.66000366210938,86453100,149.00299987792968,148.35149993896485,145.0022003173828,61.44401936556782,1.6716364270784254,1.5828222113995007,0.08881421567892467,152.4756637509624,148.35149993896485,144.2273361269673,2.553530833181359,68337480.0,-0.008424721311841354,-0.008460409861850555,1.510009765625,1,152.50999450683594
2021-09-01,148.8821258544922,152.50999450683594,154.97999572753906,152.33999633789062,152.8300018310547,80313700,149.6179992675781,148.62949981689454,145.37280029296875,62.81281130980561,1.7954228764698712,1.6253423444135748,0.17008053205629636,153.07532535410084,148.62949981689454,144.18367427968823,2.5961353377030028,67736250.0,0.004478644981759983,0.004468645695709045,2.6399993896484375,1,153.64999389648438
2021-09-02,149.99502563476562,153.64999389648438,154.72000122070312,152.39999389648438,153.8699951171875,71115500,150.31299896240233,148.95899963378906,145.77180023193358,65.05278698188226,1.9628860245807687,1.6928510804470138,0.27003494413375484,153.8456640260732,148.95899963378906,144.07233524150493,2.576411908168413,66151770.0,0.007474915944589711,0.007447117203288173,2.32000732421875,1,154.3000030517578
2021-09-03,150.62954711914062,154.3000030517578,154.6300048828125,153.08999633789062,153.75999450683594,57808700,150.9239990234375,149.36699981689452,146.18960021972657,66.29927673833471,2.1235728564321334,1.7789954356440378,0.3445774207880956,154.59476638704837,149.36699981689452,144.13923324674067,2.502383096507946,65877680.0,0.0042304535053308,0.00422153029420156,1.540008544921875,1,156.69000244140625
2021-09-07,152.96273803710938,156.69000244140625,157.25999450683594,154.38999938964844,154.97000122070312,82278300,151.62199859619142,149.89700012207032,146.66120025634766,70.46992627844645,2.4159220594052044,1.9063807603962712,0.5095412990089332,155.79475097688874,149.89700012207032,143.9992492672519,2.5350694078343876,68092330.0,0.01548930228372547,0.0153705675502451,2.8699951171875,1,155.11000061035156
2021-09-08,151.42031860351562,155.11000061035156,157.0399932861328,153.97999572753906,156.97999572753906,74420200,152.1709991455078,150.37249984741212,147.06780029296874,64.76380115769422,2.4913986728252553,2.023384342882068,0.46801432994318715,156.34085879182678,150.37249984741212,144.40414090299745,2.5725642757457705,70673710.0,-0.010083616098260806,-0.010134800125821608,3.05999755859375,1,154.07000732421875
2021-09-09,150.40501403808594,154.07000732421875,156.11000061035156,153.9499969482422,155.49000549316406,57305700,152.74199981689452,150.78300018310546,147.42260040283202,61.248285487903644,2.439178336607341,2.1065431416271228,0.33263519498021843,156.5803313641119,150.78300018310546,144.985669002099,2.5430956604860278,70505150.0,-0.006704875778740793,-0.006727454439682726,2.160003662109375,1,148.97000122070312
2021-09-10,145.4263153076172,148.97000122070312,155.47999572753906,148.6999969482422,155.0,140893200,152.88500061035157,150.7870002746582,147.66280029296874,47.60218808350992,1.9636299699270126,2.077960507287101,-0.11433053736008825,156.57920947893152,150.7870002746582,144.99479107038488,2.8457315975439457,79734750.0,-0.03310187486902216,-0.03366214054614631,6.779998779296875,0,149.5500030517578
2021-09-13,145.99258422851562,149.5500030517578,151.4199981689453,148.75,150.6300048828125,102404300,152.9800003051758,150.80950012207032,147.9084002685547,48.99399562936549,1.6149397435814876,1.9853563545459783,-0.37041661096449063,156.57877261110505,150.80950012207032,145.04022763303558,2.8331792097869006,84394940.0,0.003893413615506436,0.0038858538964379463,2.6699981689453125,0,148.1199951171875
2021-09-14,144.59658813476562,148.1199951171875,151.07000732421875,146.91000366210938,150.35000610351562,109296300,152.4800003051758,150.6595001220703,148.0716000366211,45.76620953902194,1.209270816552106,1.830139246947204,-0.620868430395098,156.5435387910963,150.6595001220703,144.77546145304433,2.9279523849527918,86228900.0,-0.009562072252685905,-0.00960808240206405,4.160003662109375,0,149.02999877929688
2021-09-15,145.48489379882812,149.02999877929688,149.44000244140625,146.3699951171875,148.55999755859375,83281300,152.2,150.60149993896485,148.2117999267578,48.10905087121804,0.9502510568363789,1.654161608925039,-0.7039105520886602,156.52563905654324,150.60149993896485,144.67736082138646,2.9380991663289318,85911720.0,0.006143692223250508,0.006124896689548475,3.07000732421875,0,148.7899932861328
2021-09-16,145.2506561279297,148.7899932861328,148.97000122070312,147.22000122070312,148.44000244140625,68034100,151.8279998779297,150.7229995727539,148.2961996459961,47.525919811166276,0.7173405384381795,1.4667973948276671,-0.7494568563894877,156.3882112722497,150.7229995727539,145.05778787325812,2.8575204800621328,84683760.0,-0.0016104508832446296,-0.0016117490532148273,1.75,0,146.05999755859375
2021-09-17,142.58558654785156,146.05999755859375,148.82000732421875,145.75999450683594,148.82000732421875,129868800,151.06900024414062,150.69099960327148,148.3525994873047,41.38162069205134,0.30890852965086424,1.2352196217923066,-0.9263110921414424,156.45314635091364,150.69099960327148,144.92885285562932,2.8719842184421815,90559090.0,-0.018347979371765355,-0.018518391239625225,3.0600128173828125,0,142.94000244140625
2021-09-20,139.539794921875,142.94000244140625,144.83999633789062,141.27000427246094,143.8000030517578,123478900,149.93300018310546,150.4284996032715,148.30919952392577,35.700965704914836,-0.2634968829313493,0.9354763208475755,-1.198973203778925,157.0384394049097,150.4284996032715,143.81855980163328,3.0089848661343694,97126110.0,-0.02136105141269684,-0.02159250060510209,3.5699920654296875,0,143.42999267578125
2021-09-21,140.0181427001953,143.42999267578125,144.60000610351562,142.77999877929688,143.92999267578125,75834000,148.60699920654298,150.1144989013672,148.28779937744142,37.159933637063084,-0.6698723084751919,0.6144065949830221,-1.284278903458214,157.3938870524756,150.1144989013672,142.8351107502588,2.924057898854682,96481680.0,0.003427943374884501,0.0034220813695887402,1.82000732421875,0,145.85000610351562
2021-09-22,142.3805694580078,145.85000610351562,146.42999267578125,143.6999969482422,144.4499969482422,76404300,147.68099975585938,149.9259994506836,148.29199951171876,43.92713469031104,-0.7875742367204737,0.334010428642323,-1.1215846653627968,157.438365033437,149.9259994506836,142.4136338679302,2.929482334650776,96680090.0,0.016872436389261614,0.016731677920266697,2.7299957275390625,0,146.8300018310547
2021-09-23,143.3372802734375,146.8300018310547,147.0800018310547,145.63999938964844,146.64999389648438,64838200,146.95699920654297,149.84949951171876,148.24559967041014,46.44240465090639,-0.7926393448386477,0.10868047394612887,-0.9013198187847766,157.45468178861765,149.84949951171876,142.24431723481987,2.8230909137047386,97433340.0,0.0067192025130498045,0.0066967292837967676,1.44000244140625,0,146.9199981689453
2021-09-24,143.4250946044922,146.9199981689453,147.47000122070312,145.55999755859375,145.66000366210938,53477900,146.7519989013672,149.81849975585936,148.2143997192383,46.67895079891125,-0.7803956123378271,-0.06913474331066231,-0.7112608690271648,157.4660212725118,149.81849975585936,142.17097823920693,2.757870395733641,88691810.0,0.0006129288072487249,0.0006127410431074638,1.910003662109375,0,145.3699951171875
2021-09-27,141.9119873046875,145.3699951171875,145.9600067138672,143.82000732421875,145.47000122070312,74150700,146.33399810791016,149.65699920654296,148.19399963378908,43.14456988402498,-0.8855565142242767,-0.2324190974933852,-0.6531374167308915,157.5336196103609,149.65699920654296,141.78037880272504,2.782307570661707,85866450.0,-0.010549980064493591,-0.01060602563915607,2.1399993896484375,0,141.91000366210938
2021-09-28,138.53431701660156,141.91000366210938,144.75,141.69000244140625,143.25,108972300,145.71299896240234,149.09649963378905,148.1831997680664,36.5007064872785,-1.2338664364580723,-0.4327085652863226,-0.8011578711717496,157.48632858075098,149.09649963378905,140.70667068682712,2.846427935313103,85834050.0,-0.0238012765446467,-0.02408910319706919,3.05999755859375,0,142.8300018310547
2021-09-29,139.4324188232422,142.8300018310547,144.4499969482422,142.02999877929688,142.47000122070312,74602000,145.09299926757814,148.64649963378906,148.1167999267578,39.18246687245417,-1.4193075023782455,-0.6300283527047073,-0.7892791496735383,157.36077653145105,148.64649963378906,139.93222273612707,2.8245397460859394,84966120.0,0.006482969101571312,0.006462045042051413,2.4199981689453125,0,141.5
2021-09-30,138.13406372070312,141.5,144.3800048828125,141.27999877929688,143.66000366210938,89056700,144.36399993896484,148.09599990844725,148.03880004882814,36.76513017546946,-1.654518654480995,-0.8349264130599648,-0.8195922414210303,157.1489328550154,148.09599990844725,139.0430669618791,2.844215914473774,87068380.0,-0.009311781936598096,-0.009355407611063273,3.100006103515625,0,142.64999389648438
2021-10-01,139.25668334960938,142.64999389648438,142.9199981689453,139.11000061035156,141.89999389648438,94639600,144.02299957275392,147.54599990844727,147.95579986572267,40.20048059529226,-1.7282085778678322,-1.0135828460215384,-0.7146257318462939,156.5186261342352,147.54599990844727,138.57337368265934,2.913200317625201,83545460.0,0.00812716534617941,0.008094317789565837,3.80999755859375,0,139.13999938964844
2021-10-04,135.83016967773438,139.13999938964844,142.2100067138672,138.27000427246094,141.75999450683594,98322000,143.64299926757812,146.7879997253418,147.76739990234375,34.10952217253141,-2.046247725478395,-1.2201158219129098,-0.826131903565485,155.91042382915256,146.7879997253418,137.66557562153102,3.017970982367932,81029770.0,-0.02460564077824645,-0.024913418763963115,3.94000244140625,0,141.11000061035156
2021-10-05,137.7532958984375,141.11000061035156,142.24000549316406,139.36000061035156,139.49000549316406,80861100,143.41100006103517,146.00899963378907,147.6097998046875,39.63750067317501,-2.11495353890092,-1.399083365310512,-0.7158701735904083,154.2327007586726,146.00899963378907,137.78529850890556,3.0238306338784815,81532480.0,0.014158410445197056,0.014059116286134297,2.8800048828125,0,142.0
2021-10-06,138.62213134765625,142.0,142.14999389648438,138.3699951171875,139.47000122070312,83221100,143.0259994506836,145.35349960327147,147.51439971923827,42.00475004396485,-2.0736837429619754,-1.5340034408408048,-0.5396803021211707,152.6032796612487,145.35349960327147,138.10371954529424,3.0778426442655094,82214160.0,0.00630713192402288,0.006287325206231323,3.779998779296875,0,143.2899932861328
2021-10-07,139.88143920898438,143.2899932861328,144.22000122070312,142.72000122070312,143.05999755859375,61732700,142.6719985961914,144.8144989013672,147.48059967041016,45.35015107551794,-1.914812686361472,-1.6101652899449383,-0.3046473964165337,150.90164389362263,144.8144989013672,138.72735390911174,3.0165682568681964,81903610.0,0.009084459761498742,0.009043444272150338,1.5,0,142.89999389648438
2021-10-08,139.500732421875,142.89999389648438,144.17999267578125,142.55999755859375,144.02999877929688,58773200,142.2699981689453,144.51099853515626,147.42579956054686,44.514134560140214,-1.7996308960468639,-1.6480584111653236,-0.1515724848815403,150.33888925523019,144.51099853515626,138.68310781508234,2.9168130326052895,82433140.0,-0.00272174895611621,-0.0027254596493859855,1.6199951171875,0,142.80999755859375
2021-10-11,139.41287231445312,142.80999755859375,144.80999755859375,141.80999755859375,142.27000427246094,64452200,142.01399841308594,144.17399826049805,147.36479949951172,44.31113523737459,-1.696059333483447,-1.6576585956289485,-0.0384007378544986,149.56012869573942,144.17399826049805,138.78786782525668,2.9227549588477686,81463290.0,-0.0006297854565047167,-0.0006299838546685544,3.0,0,141.50999450683594
2021-10-12,138.14381408691406,141.50999450683594,143.25,141.0399932861328,143.22999572753906,73035900,141.9739974975586,143.84349822998047,147.28459930419922,41.37586583582205,-1.6992891580142953,-1.665984708106018,-0.0333044499082773,149.02796396388698,143.84349822998047,138.65903249607396,2.8718443699205842,77869650.0,-0.009103025516294383,-0.00914471122328127,2.2100067138671875,0,140.91000366210938
2021-10-13,137.55810546875,140.91000366210938,141.39999389648438,139.1999969482422,141.24000549316406,78762700,141.78199768066406,143.4374984741211,147.15559936523437,40.05700638612438,-1.7303170462373032,-1.678851175732275,-0.051465870505028155,148.18728396668334,143.4374984741211,138.68771298155886,2.83171245482581,78285720.0,-0.004239918507647045,-0.004248932450066441,2.1999969482421875,0,143.75999450683594
2021-10-14,140.34030151367188,143.75999450683594,143.8800048828125,141.50999450683594,142.11000061035156,69907100,142.00799713134765,143.18599853515624,147.09179931640625,48.46075408213779,-1.5075582354795927,-1.6445925876817387,0.137034352202146,147.2601136469148,143.18599853515624,139.1118834233977,2.8415902238170467,76370760.0,0.02022561046524851,0.020023789568637086,2.3700103759765625,1,144.83999633789062
2021-10-15,141.39462280273438,144.83999633789062,144.89999389648438,143.50999450683594,143.77000427246094,67940300,142.22699737548828,143.1249984741211,147.04739929199218,51.24992771629306,-1.2296979586424754,-1.5616136618738863,0.33191570323141084,147.0592960712813,143.1249984741211,139.1907008769609,2.7379051642335748,73700830.0,0.007512533892058082,0.007484455348968228,1.3899993896484375,1,146.5500030517578
2021-10-18,143.06394958496094,146.5500030517578,146.83999633789062,143.16000366210938,143.4499969482422,85589200,142.9679977416992,143.30549850463868,147.05559936523437,55.36841568686927,-0.8615767166109833,-1.4216062728213057,0.5600295562103224,147.51116885594948,143.30549850463868,139.09982815332788,2.805197129344123,72427550.0,0.01180617755525204,0.011737028367291425,3.67999267578125,1,148.75999450683594
2021-10-19,145.22137451171875,148.75999450683594,149.1699981689453,146.5500030517578,147.00999450683594,76378900,143.73299713134764,143.5719985961914,147.1089993286133,60.0641443525536,-0.3870484853651419,-1.2146947153300731,0.8276462299649312,148.40426302154842,143.5719985961914,138.7397341708344,2.791968414190079,71979330.0,0.01508011879261173,0.014967544149611585,2.6199951171875,1,149.25999450683594
2021-10-20,145.70947265625,149.25999450683594,149.75,148.1199951171875,148.6999969482422,58418800,144.45899658203126,143.74249801635742,147.18219909667968,61.062292851927545,0.0290297412276459,-0.9659498240185294,0.9949795652461753,149.09668283971558,143.74249801635742,138.38831319299925,2.7089710190916807,69499100.0,0.003361118704377386,0.0033554827700701876,1.6300048828125,1,149.47999572753906
2021-10-21,145.92420959472656,149.47999572753906,149.63999938964844,147.8699951171875,148.80999755859375,61421000,145.07799682617187,143.87499771118163,147.25459899902344,61.518045349564545,0.3722360874606636,-0.6983126417226908,1.0705487291833544,149.643386609494,143.87499771118163,138.10660881286927,2.6419019657609133,69467930.0,0.0014739463272126496,0.0014728611345378611,1.7700042724609375,1,148.69000244140625
2021-10-22,145.15301513671875,148.69000244140625,150.17999267578125,148.63999938964844,149.69000244140625,58883400,145.65699768066406,143.9634979248047,147.2505990600586,58.85414056249538,0.5738685343339398,-0.4438764065113647,1.0177449408453045,149.96561670768367,143.9634979248047,137.96137914192573,2.5631942029303345,69478950.0,-0.005284943194491021,-0.0052989579065551035,1.5399932861328125,1,148.63999938964844
2021-10-25,145.1041717529297,148.63999938964844,149.3699951171875,147.6199951171875,148.67999267578125,50720600,146.23999786376953,144.12699813842772,147.24139892578125,58.68093135992296,0.7213140138313747,-0.2108383224428168,0.9321523362741915,150.44338847817636,144.12699813842772,137.8106077986791,2.5051089027210245,68105790.0,-0.0003362906109138919,-0.0003363471692817738,1.75,1,149.32000732421875
2021-10-26,145.76803588867188,149.32000732421875,150.83999633789062,149.00999450683594,149.3300018310547,60893400,147.0209991455078,144.49749832153321,147.20539916992186,60.38827088135622,0.882859520881027,0.007901246221951957,0.874958274659075,151.1124935112881,144.49749832153321,137.88250313177832,2.4833151916868217,66891540.0,0.004574865025313457,0.0045644321375810735,1.8300018310546875,1,148.85000610351562
2021-10-27,145.30921936035156,148.85000610351562,149.72999572753906,148.49000549316406,149.36000061035156,56094900,147.81499938964845,144.79849853515626,147.17859924316406,58.58635087530002,0.961872461551792,0.19869548928791997,0.7631769722638719,151.6270058929444,144.79849853515626,137.96999117736812,2.3945062661645484,64624760.0,-0.0031476104851951847,-0.003152574630612816,1.239990234375,1,152.57000732421875
2021-10-28,148.94073486328125,152.57000732421875,153.1699981689453,149.72000122070312,149.82000732421875,100077900,148.6960006713867,145.35199890136718,147.3027993774414,66.9836673968599,1.3095679117453756,0.42086997377941116,0.8886979379659644,152.78882035735168,145.35199890136718,137.91517744538268,2.5320409661120586,67641840.0,0.02499160946030532,0.024684426664481847,3.4499969482421875,1,149.8000030517578
2021-10-29,146.2366180419922,149.8000030517578,149.94000244140625,146.41000366210938,147.22000122070312,124953200,149.19200134277344,145.70949935913086,147.36479949951172,57.61543030246959,1.3460860243589252,0.605913183895314,0.7401728404636112,153.27863861231424,145.70949935913086,138.14036010594748,2.7911811586832953,73343130.0,-0.0181556278395828,-0.018322463675404244,3.529998779296875,1,148.9600067138672
2021-11-01,145.41659545898438,148.9600067138672,149.6999969482422,147.8000030517578,148.99000549316406,74588300,149.43300170898436,146.20049972534179,147.38019958496093,55.098837086081346,1.2923488147017963,0.7432003100566105,0.5491485046451858,153.25805151320955,146.20049972534179,139.14294793747402,2.7346682187773452,72243040.0,-0.005607452074619768,-0.005623232854966935,1.899993896484375,1,150.02000427246094
2021-11-02,146.451416015625,150.02000427246094,151.57000732421875,148.64999389648438,148.66000366210938,69122000,149.5590026855469,146.64599990844727,147.3863995361328,57.61478014410526,1.320077600246293,0.8585757680945469,0.4615018321517461,153.4834147953029,146.64599990844727,139.80858502159163,2.747907162274276,71517350.0,0.007115987586049588,0.00709078842039845,2.920013427734375,1,151.49000549316406
2021-11-03,147.88636779785156,151.49000549316406,151.97000122070312,149.82000732421875,150.38999938964844,54511500,149.7820037841797,147.12050018310546,147.42379974365235,60.88783016449222,1.4440238674925183,0.9756653879741413,0.46835847951837706,153.91943063454306,147.12050018310546,140.32156973166786,2.7051990718607115,71126620.0,0.009798701365408391,0.009751005410368259,2.149993896484375,1,150.9600067138672
2021-11-04,147.36900329589844,150.9600067138672,152.42999267578125,150.63999938964844,151.5800018310547,60394600,149.9300048828125,147.50400085449218,147.47579986572265,59.11535419624774,1.4823975489809413,1.0770118201755012,0.4053857288054401,154.26055098648033,147.50400085449218,140.74745072250403,2.6398272300230046,71023980.0,-0.003498572579567205,-0.0035047068963619497,1.7899932861328125,1,151.27999877929688
2021-11-05,147.89694213867188,151.27999877929688,152.1999969482422,150.05999755859375,151.88999938964844,65463900,150.18900451660156,147.92300109863282,147.55059997558592,59.8748331321371,1.5210954123581928,1.1658285386120397,0.35526687374615307,154.52307541029455,147.92300109863282,141.3229267869711,2.6041252414248213,71682030.0,0.0021197141706292832,0.0021174707462662673,2.1399993896484375,1,150.44000244140625
2021-11-08,147.07568359375,150.44000244140625,151.57000732421875,150.16000366210938,151.41000366210938,55020900,150.36900482177734,148.30450134277345,147.58739990234375,56.887424496386146,1.4670715756583945,1.2260771460213107,0.24099442963708384,154.55088503945365,148.30450134277345,142.05811764609325,2.5188308429022896,72112060.0,-0.005552593499925207,-0.005568066450464244,1.410003662109375,1,150.80999755859375
2021-11-09,147.43746948242188,150.80999755859375,151.42999267578125,150.05999755859375,150.1999969482422,56787900,150.51800384521485,148.76950149536134,147.54119995117188,57.88420290954411,1.4375417234822976,1.268370061513508,0.16917166196878952,154.26266509635676,148.76950149536134,143.27633789436592,2.436771148208376,71701510.0,0.0024594197765426262,0.0024564003533966788,1.3699951171875,1,147.9199981689453
2021-11-10,144.612060546875,147.9199981689453,150.1300048828125,147.85000610351562,150.02000427246094,65187100,150.4250030517578,149.12000122070313,147.4629998779297,48.45963884534522,1.1674822956973117,1.248192508350269,-0.0807102126529573,153.3001251494379,149.12000122070313,144.93987729196837,2.474144027270501,72610730.0,-0.01916318172822462,-0.019349175483783353,2.279998779296875,0,147.8699951171875
2021-11-11,144.56321716308594,147.8699951171875,149.42999267578125,147.67999267578125,148.9600067138672,41000000,149.9550018310547,149.32550125122071,147.37019989013672,48.31306743429795,0.9386037849483841,1.186274763669892,-0.2476709787215079,152.77094515101567,149.32550125122071,145.88005735142576,2.4224194538940367,66702940.0,-0.0003380411869712274,-0.0003380983357727339,1.75,0,149.99000549316406
2021-11-12,146.6357879638672,149.99000549316406,150.39999389648438,147.47999572753906,148.42999267578125,63804000,149.9740020751953,149.58300170898437,147.2970001220703,54.584913625531925,0.9177043118190511,1.132560673299724,-0.21485636148067289,152.35251791865886,149.58300170898437,146.81348549930988,2.4579607906834133,60588020.0,0.014336988205730705,0.014235185466388535,2.9199981689453125,1,150.0
2021-11-15,146.6455535888672,150.0,151.8800048828125,149.42999267578125,150.3699951171875,59222800,150.0780014038086,149.7555015563965,147.21100006103515,54.61287479824158,0.8916691945357229,1.0843823775469237,-0.19271318301120077,152.15261577774987,149.7555015563965,147.35838733504312,2.4573930347082587,59051470.0,6.663448543164918e-05,6.663226545294235e-05,2.45001220703125,1,151.0
2021-11-16,147.6232147216797,151.0,151.49000549316406,149.33999633789062,149.94000244140625,59256200,150.1760009765625,149.86750183105468,147.09720001220703,57.43655386832782,0.9408819180939645,1.055682285656332,-0.11480036756236744,152.27738331407443,149.86750183105468,147.45762034803494,2.435437043320057,58064890.0,0.006666666666666599,0.006644542718668511,2.1500091552734375,1,153.49000549316406
2021-11-17,150.05752563476562,153.49000549316406,155.0,150.99000549316406,151.0,88807000,150.3760009765625,150.0790023803711,147.06480010986328,63.52207498699064,1.167349511013441,1.0780157307277538,0.08933378028568728,152.9389485965366,150.0790023803711,147.2190561642056,2.5479054335711915,61494440.0,0.016490102603735624,0.01635561729880842,4.0099945068359375,1,157.8699951171875
2021-11-18,154.33953857421875,157.8699951171875,158.6699981689453,153.0500030517578,153.7100067138672,137827700,151.06699981689454,150.4985023498535,147.14079986572267,71.29628910368638,1.6808791391657394,1.198588412415351,0.4822907267503884,154.91930807197843,150.4985023498535,146.07769662772859,2.767340410972356,69237750.0,0.02853599235957094,0.028136424500577562,5.6199951171875,1,160.5500030517578
2021-11-19,156.95960998535156,160.5500030517578,161.02000427246094,156.52999877929688,157.64999389648438,117305600,151.99400024414064,151.09150238037108,147.37239990234374,74.83090090896505,2.277851655841488,1.4144410611005784,0.8634105947409094,157.23066567648078,151.09150238037108,144.95233908426138,2.890387916843192,74421920.0,0.016976043690765552,0.01683356092935839,4.4900054931640625,1,161.02000427246094
2021-11-22,157.41908264160156,161.02000427246094,165.6999969482422,161.0,161.67999267578125,117467900,153.0520004272461,151.71050262451172,147.60179992675782,75.40295127437048,2.75709971750004,1.6829727923804707,1.0741269251195693,159.10440128143523,151.71050262451172,144.3166039675882,3.05178834396042,80666620.0,0.002927444483147079,0.00292316786189403,4.6999969482421875,1,161.41000366210938
2021-11-23,157.8004150390625,161.41000366210938,161.8000030517578,159.05999755859375,161.1199951171875,96041900,154.11200103759765,152.31500244140625,147.86760009765624,75.89258007367334,3.1322700907087437,1.9728322520461254,1.1594378386626183,160.73410142846407,152.31500244140625,143.89590345434843,3.0295181403321085,84592020.0,0.0024220555167078217,0.0024191270678687498,2.7400054931640625,1,161.94000244140625
2021-11-24,158.31857299804688,161.94000244140625,162.13999938964844,159.63999938964844,160.75,69463600,155.51400146484374,152.9695022583008,148.12580017089843,76.57501141852454,3.4327907120473924,2.264823944046379,1.1679667680010133,162.20501159933318,152.9695022583008,143.7339929172684,2.9916954160226723,85019670.0,0.003283555958565998,0.0032781768605293824,2.5,1,156.80999755859375
2021-11-26,153.3032989501953,156.80999755859375,160.4499969482422,156.36000061035156,159.57000732421875,76959800,156.4080017089844,153.18150177001954,148.28620025634766,59.12775277365357,3.2198900604838627,2.455837167333876,0.7640528931499868,162.56408239617258,153.18150177001954,143.7989211438665,3.1765744456678164,88615650.0,-0.031678429081589354,-0.032191045510220735,4.089996337890625,1,160.24000549316406
2021-11-29,156.6566162109375,160.24000549316406,161.19000244140625,158.7899932861328,159.3699951171875,88748200,157.43300170898436,153.70350189208983,148.56980041503905,64.88818918008073,3.290012518449828,2.6226722375570666,0.6673402808927613,163.43080732278867,153.70350189208983,143.976196461391,3.2625337626067226,91110070.0,0.02187365594013646,0.021637859814676315,2.4000091552734375,1,165.3000030517578
2021-11-30,161.60342407226562,165.3000030517578,165.52000427246094,159.9199981689453,159.99000549316406,174048100,158.96300201416017,154.52050170898437,149.0170004272461,71.3116889981989,3.7111052748813904,2.8403588450219313,0.8707464298594592,165.2137769166534,154.52050170898437,143.82722650131535,3.429496072671644,102592600.0,0.031577617231232535,0.03108929765049663,5.600006103515625,1,164.77000427246094
2021-12-01,161.08526611328125,164.77000427246094,170.3000030517578,164.52999877929688,167.47999572753906,152052500,160.34000244140626,155.25800170898438,149.4438006591797,69.86984747379785,3.9564503492370307,3.0635771458649512,0.8928732033720794,166.62154318123052,155.25800170898438,143.89446023673824,3.596675229799451,111872230.0,-0.003206284147078464,-0.003211435289726031,5.7700042724609375,1,163.75999450683594
2021-12-02,160.09779357910156,163.75999450683594,164.1999969482422,157.8000030517578,158.74000549316406,136739200,161.36700134277345,155.87150115966796,149.8020004272461,67.08613137261747,4.023013940728077,3.2554645048375765,0.7675494358905008,167.67157597714078,155.87150115966796,144.07142634219514,3.8376270862925703,116665450.0,-0.006129815739731703,-0.006148680190145027,6.399993896484375,1,161.83999633789062
2021-12-03,158.22076416015625,161.83999633789062,164.9600067138672,159.72000122070312,164.02000427246094,118023100,161.76400146484374,156.41550064086914,150.10220031738282,62.02700117696116,3.8761563429122816,3.379602872452518,0.4965534704597636,168.26278114552645,156.41550064086914,144.56822013621183,3.9377969724976767,114684990.0,-0.011724464053185835,-0.011793737577514169,5.2400054931640625,1,165.32000732421875
2021-12-06,161.62295532226562,165.32000732421875,167.8800048828125,164.27999877929688,164.2899932861328,107497000,162.24100189208986,157.11750106811525,150.4702005004883,66.89940614210516,3.9945319635567103,3.502588690673357,0.49194327288335327,169.3228363333727,157.11750106811525,144.9121658028578,4.087954941956548,113704130.0,0.021502787105003085,0.021274863715286012,3.600006103515625,1,171.17999267578125
2021-12-07,167.35189819335938,171.17999267578125,171.5800018310547,168.33999633789062,169.0800018310547,120405400,163.2570007324219,158.15450057983398,150.98640045166016,73.14757306680933,4.509217882835202,3.703914529105726,0.8053033537294758,171.3946544101076,158.15450057983398,144.91434674956037,4.243100625162219,113997880.0,0.035446316791349686,0.03483255771999909,3.2400054931640625,1,175.0800018310547
2021-12-08,171.16470336914062,175.0800018310547,175.9600067138672,170.6999969482422,172.1300048828125,116998900,164.6240005493164,159.36800079345704,151.64980041503907,76.34754936954212,5.1721865797522355,3.997568939235028,1.1746176405172073,174.0621328185433,159.36800079345704,144.6738687683708,4.315736992338132,116093580.0,0.02278308985945654,0.022527431114270496,5.260009765625,1,174.55999755859375
2021-12-09,170.65634155273438,174.55999755859375,176.75,173.9199981689453,174.91000366210938,108923700,165.88600006103516,160.70000076293945,152.28440032958986,75.06310379847582,5.591182379479534,4.316291627283929,1.2748907521956045,175.82509979137808,160.70000076293945,145.57490173450083,4.209613052246458,120039590.0,-0.0029700951966102895,-0.0029745146823804036,2.8300018310546875,1,179.4499969482422
2021-12-10,175.43701171875,179.4499969482422,179.6300048828125,174.69000244140625,175.2100067138672,115402700,168.15,162.27900085449218,153.04340026855468,78.69325195950779,6.245823685226668,4.702198038872478,1.5436256463541902,178.28482222920906,162.27900085449218,146.2731794797753,4.2710697859587645,123883880.0,0.028013287454401015,0.0276280924887399,4.94000244140625,1,175.74000549316406
2021-12-13,171.80995178222656,175.74000549316406,182.1300048828125,175.52999877929688,181.1199951171875,153237000,169.7,163.56650085449218,153.70520050048827,70.32834459262307,6.391588082939961,5.040076047685975,1.351512035253986,179.55373140445485,163.56650085449218,147.5792703045295,4.437422380069969,130332760.0,-0.020674235264256824,-0.020890939262411094,6.600006103515625,1,174.3300018310547
2021-12-14,170.4314422607422,174.3300018310547,177.74000549316406,172.2100067138672,175.25,139380400,170.60299987792968,164.78300094604492,154.4090005493164,67.39616321457076,6.320473423396749,5.29615552282813,1.0243179005686187,180.14635514798172,164.78300094604492,149.41964674410812,4.51546355144332,126865990.0,-0.008023236702153325,-0.00805559606652528,5.529998779296875,1,179.3000030517578
2021-12-15,175.29034423828125,179.3000030517578,179.5,172.30999755859375,175.11000061035156,131063300,172.05599975585938,166.1980010986328,155.17280059814453,71.85111113012263,6.589195956478562,5.554763609558217,1.0344323469203456,181.43539581093805,166.1980010986328,150.96060638632756,4.706502043583528,124767070.0,0.02850915601733095,0.028110332372981155,7.19000244140625,1,172.25999450683594
2021-12-16,168.4077911376953,172.25999450683594,181.13999938964844,170.75,179.27999877929688,150185800,172.90599975585937,167.1365005493164,155.77800048828124,59.457876087640884,6.163046878170235,5.676420263280621,0.4866266148896141,181.4090614651909,167.1365005493164,152.8639396334419,5.112466139731022,126111730.0,-0.039263850669816525,-0.0400554661592568,10.389999389648438,1,171.13999938964844
2021-12-17,167.3127899169922,171.13999938964844,173.47000122070312,169.69000244140625,169.92999267578125,195432700,173.83600006103515,167.80000076293945,156.33500061035156,57.75124300410565,5.669590902874745,5.6750543911994455,-0.0054634883247004495,181.51047270855852,167.80000076293945,154.08952881732037,5.017289899700011,133852690.0,-0.006501771466984829,-0.0065230000487095435,3.779998779296875,1,169.75
2021-12-20,165.9539031982422,169.75,170.5800018310547,167.4600067138672,168.27999877929688,107499100,174.27899932861328,168.26000061035157,156.87200073242187,55.61757908434697,5.107486231285236,5.561540759216603,-0.45405452793136725,181.5783581508146,168.26000061035157,154.94164306988853,4.921768669420099,133852900.0,-0.00812200183829448,-0.00815516498471573,3.1199951171875,1,172.99000549316406
2021-12-21,169.1214599609375,172.99000549316406,173.1999969482422,169.1199951171875,171.55999755859375,91185900,174.46000061035156,168.8585006713867,157.4756008911133,59.384387281360084,4.867347838682207,5.422702175109724,-0.5553543364275173,181.8944861779421,168.8585006713867,155.82251516483132,4.8616424666797124,130930950.0,0.01908692484927288,0.018907054674308973,4.0800018310546875,1,175.63999938964844
2021-12-22,171.71217346191406,175.63999938964844,175.86000061035156,172.14999389648438,173.0399932861328,92135300,174.51600036621093,169.57000045776368,158.15820098876952,62.20945876495002,4.835132396462825,5.305188219380345,-0.47005582291752024,182.45463137125034,169.57000045776368,156.68536954427702,4.779382770050247,128444590.0,0.01531876878626437,0.015202621105387719,3.7100067138671875,1,176.27999877929688
2021-12-23,172.33787536621094,176.27999877929688,176.85000610351562,175.27000427246094,175.85000610351562,68356600,174.68800048828126,170.2870002746582,158.86560089111327,62.88096868932649,4.805845236103778,5.205319622725032,-0.3994743866212538,182.98813409712218,170.2870002746582,157.5858664521942,4.550855560121993,124387880.0,0.0036438134358485197,0.003637190830487573,1.5800018310546875,1,180.3300018310547
2021-12-27,176.29727172851562,180.3300018310547,180.4199981689453,177.07000732421875,177.08999633789062,74919600,174.7760009765625,171.46300048828124,159.59700103759766,66.89040785730501,5.051209154639594,5.174497529107945,-0.12328837446835106,183.27965610554295,171.46300048828124,159.64634487101952,4.521508690802453,120339570.0,0.022974830268908786,0.02271488282410102,3.3499908447265625,1,179.2899932861328
2021-12-28,175.280517578125,179.2899932861328,181.3300018310547,178.52999877929688,180.16000366210938,79144300,175.13099975585936,172.41549987792968,160.2860009765625,64.95026303383807,5.102918561252068,5.16018173553677,-0.05726317428470207,183.50899209396678,172.41549987792968,161.32200766189257,4.398544002299265,112930300.0,-0.00576725189575622,-0.005783946712725312,2.8000030517578125,1,179.3800048828125
2021-12-29,175.36856079101562,179.3800048828125,180.6300048828125,178.13999938964844,179.3300018310547,62348900,175.63600006103516,173.11949996948243,160.9426010131836,65.04476238038399,5.0924591233046215,5.14663721309034,-0.0541780897857187,184.1039395094682,173.11949996948243,162.13506042949666,4.262219823075322,105227150.0,0.0005020447322792165,0.0005019187499866792,2.4900054931640625,1,178.1999969482422
2021-12-30,174.21498107910156,178.1999969482422,180.57000732421875,178.08999633789062,179.47000122070312,59773000,175.5259994506836,173.79099960327147,161.53140106201172,62.65968012570013,4.932098997672938,5.10372957000686,-0.17163057233392198,184.28260287475513,173.79099960327147,163.29939633178782,4.134919191879093,98098120.0,-0.006578257901939555,-0.006599989999108213,2.480010986328125,1,177.57000732421875
2021-12-31,173.59902954101562,177.57000732421875,179.22999572753906,177.25999450683594,178.08999633789062,64062300,176.05700073242187,174.48150024414062,162.09760131835938,61.3659267980577,4.699998883678461,5.02298343274118,-0.3229845490627188,184.01557292521946,174.48150024414062,164.94742756306178,3.9802821939379527,89485770.0,-0.0035352953693170708,-0.00354155929356373,1.970001220703125,1,182.00999450683594
2022-01-03,177.93975830078125,182.00999450683594,182.8800048828125,177.7100067138672,177.8300018310547,104487900,177.1440002441406,175.4900001525879,162.7482012939453,66.60003109106961,4.818779835900926,4.98214271337313,-0.16336287747220357,183.6266072216971,175.4900001525879,167.3533930834787,4.075261862841939,80391290.0,0.025004150472947684,0.024696661824073523,5.1699981689453125,1,179.6999969482422
2022-01-04,175.68141174316406,179.6999969482422,182.94000244140625,179.1199951171875,182.6300048828125,99310400,178.13899993896484,176.20899963378906,163.36840118408202,61.90124428679009,4.672653656063147,4.920244901911134,-0.2475912458479863,183.06433313109414,176.20899963378906,169.35366613648398,4.057029395797425,79572420.0,-0.012691597320536152,-0.012772823634754954,3.82000732421875,1,174.9199981689453
2022-01-05,171.00827026367188,174.9199981689453,180.1699981689453,174.63999938964844,179.61000061035156,94537600,178.33199920654297,176.39599990844727,163.89400115966797,53.49126166871451,4.123607274581815,4.760917376445271,-0.6373101018634557,182.88675053583384,176.39599990844727,169.9052492810607,4.162241494618814,79907590.0,-0.02659988236212174,-0.02696006073023417,5.529998779296875,0,172.0
2022-01-06,168.15359497070312,172.0,175.3000030517578,171.63999938964844,172.6999969482422,96904000,177.96799926757814,176.24199981689452,164.3476010131836,49.10252965472295,3.4135157283249384,4.491437046821204,-1.0779213184962657,182.99133848414186,176.24199981689452,169.49266114964718,4.126367363725283,80384460.0,-0.016693335236175,-0.016834239263311807,3.660003662109375,0,172.1699981689453
2022-01-07,168.31979370117188,172.1699981689453,174.13999938964844,171.02999877929688,172.88999938964844,86709100,177.55699920654297,176.12249984741212,164.81400085449218,49.363007310216354,2.831836841135555,4.159517005684075,-1.3276801645485197,183.0684961502595,176.12249984741212,169.17650354456472,4.053769738484303,82219710.0,0.0009883614473564784,0.0009878733397725046,3.1100006103515625,0,172.19000244140625
2022-01-10,168.33934020996094,172.19000244140625,172.5,168.1699981689453,169.0800018310547,106765600,176.7429992675781,175.7595001220703,165.20640075683593,49.39582619473651,2.345429656768829,3.7966995359010256,-1.4512698791321967,182.73074457447765,175.7595001220703,168.78825566966296,4.0735006022393305,85404310.0,0.00011618907285648739,0.00011618232342896318,4.3300018310546875,0,175.0800018310547
2022-01-11,171.16470336914062,175.0800018310547,175.17999267578125,170.82000732421875,172.32000732421875,76138300,176.3220001220703,175.72649993896485,165.71200073242187,54.03114171446192,2.1681541256640458,3.47099045385363,-1.302836328189584,182.70404683914887,175.72649993896485,168.74895303878083,4.093963798619557,85103710.0,0.016783781570778755,0.016644490304428706,4.3599853515625,0,175.52999877929688
2022-01-12,171.60467529296875,175.52999877929688,177.17999267578125,174.82000732421875,176.1199951171875,74805200,175.93699951171874,175.78649978637696,166.24340057373047,54.726539265681986,2.0404519233686926,3.184882747756643,-1.1444308243879502,182.73556029594087,175.78649978637696,168.83743927681306,3.970108195258338,86349340.0,0.0025702361408266317,0.002566938732786523,2.3599853515625,0,172.19000244140625
2022-01-13,168.33934020996094,172.19000244140625,176.6199951171875,171.7899932861328,175.77999877929688,84505800,175.33600006103515,175.43099975585938,166.68680053710938,48.82296906812042,1.6507088726973222,2.878047972744779,-1.2273391000474567,182.35212238662513,175.43099975585938,168.50987712509362,4.031529169243791,88822620.0,-0.019028065636177538,-0.019211429037215406,4.8300018310546875,0,173.07000732421875
2022-01-14,169.19967651367188,173.07000732421875,173.77999877929688,171.08999633789062,171.33999633789062,80440800,174.88600006103516,175.47150039672852,167.11840057373047,50.34289327728299,1.3967429533051359,2.5817869688568504,-1.1850440155517146,182.32709515262243,175.47150039672852,168.6159056408346,3.9357058315411098,90460470.0,0.005110661887074208,0.005097646779653606,2.69000244140625,0,169.8000030517578
2022-01-18,166.0027618408203,169.8000030517578,172.5399932861328,169.41000366210938,171.50999450683594,90956700,173.66500091552734,175.40450057983398,167.4952005004883,44.99526092302047,0.9209944653422326,2.249628468153927,-1.3286340028116945,182.45162905795326,175.40450057983398,168.3573721017147,3.9160128194388433,89107350.0,-0.018894112983626976,-0.01907488740640033,3.1299896240234375,0,166.22999572753906
2022-01-19,162.51263427734375,166.22999572753906,171.0800018310547,165.94000244140625,170.0,94815000,172.31800079345703,175.22850036621094,167.79420043945314,39.999686548228894,0.25297447352087943,1.8502976692273176,-1.5973231957064382,182.97303056382958,175.22850036621094,167.4839701685923,4.003440431596672,88657810.0,-0.021024777738847034,-0.02124894600464516,5.1399993896484375,0,164.50999450683594
2022-01-20,160.83111572265625,164.50999450683594,169.67999267578125,164.17999267578125,166.97999572753906,91420500,171.2770004272461,174.80449981689452,168.0756002807617,37.82099411073053,-0.41049398751800936,1.3981393378782523,-1.8086333253962616,183.81747623041662,174.80449981689452,165.79152340337242,4.110337543625481,88346100.0,-0.010347117036099251,-0.010401020604998803,5.5,0,162.41000366210938
2022-01-21,158.77806091308594,162.41000366210938,166.3300018310547,162.3000030517578,164.4199981689453,122848900,170.31800079345703,174.14300003051758,168.30760040283204,35.29340634925646,-1.093148102868298,0.8998818497289421,-1.9930299525972401,184.63435413950577,174.14300003051758,163.6516459215294,4.104599060459152,90940590.0,-0.01276512622240289,-0.012847300505206391,4.029998779296875,0,161.6199951171875
2022-01-24,158.00570678710938,161.6199951171875,162.3000030517578,154.6999969482422,160.02000427246094,162294600,169.26300048828125,173.4099998474121,168.58160034179687,34.363019228606916,-1.6785541671636963,0.3841946463504145,-2.0627488135141108,185.17312577753188,173.4099998474121,161.64687391729234,4.362128178559726,98499140.0,-0.00486428500159064,-0.00487615414144106,7.600006103515625,0,159.77999877929688
2022-01-25,156.2068634033203,159.77999877929688,162.75999450683594,157.02000427246094,158.97999572753906,115798400,168.02200012207032,172.38249969482422,168.81980041503905,32.23181656874483,-2.2648571542677303,-0.14561571377321447,-2.1192414404945157,185.09966155296803,172.38249969482422,159.6653378366804,4.460546896832246,99402420.0,-0.011384707297859231,-0.01145000917961982,5.739990234375,0,159.69000244140625
2022-01-26,156.11883544921875,159.69000244140625,164.38999938964844,157.82000732421875,163.5,108275300,166.48300018310547,171.4025001525879,169.0138003540039,32.12686369673834,-2.705580203548294,-0.6576086117282304,-2.0479715918200636,184.839829242772,171.4025001525879,157.96517106240378,4.611221551732063,102616120.0,-0.0005632515870458432,-0.0005634102728104683,6.5699920654296875,0,159.22000122070312
2022-01-27,155.6593475341797,159.22000122070312,163.83999633789062,158.27999877929688,162.4499969482422,121954600,164.85200042724608,170.3944999694824,169.19820037841797,31.54909333577571,-3.0575361919176487,-1.1375941277661141,-1.9199420641515346,184.30320570733858,170.3944999694824,156.48579423162624,4.678991266507898,107331060.0,-0.0029432100539642514,-0.002947549813983801,5.55999755859375,0,170.3300018310547
2022-01-28,166.5209197998047,170.3300018310547,170.35000610351562,162.8000030517578,165.7100067138672,179935700,164.66600036621094,170.00100021362306,169.58480041503907,53.04543411878467,-2.412173613410687,-1.3925100248950288,-1.019663588515658,183.44155088893822,170.00100021362306,156.5604495383079,5.139777953386798,116874050.0,0.06977766942076213,0.06745084129532589,7.5500030517578125,1,174.77999877929688
2022-01-31,170.8713836669922,174.77999877929688,175.0,169.50999450683594,170.16000366210938,115541600,164.83699951171874,169.86149978637695,170.0106002807617,58.64715017722244,-1.5240729920607237,-1.4188226183281678,-0.10525037373255586,183.04028397570949,169.86149978637695,156.68271559704442,5.164794206228032,120384130.0,0.026125737688043937,0.02579029059264355,5.4900054931640625,1,174.61000061035156
2022-02-01,170.7052001953125,174.61000061035156,174.83999633789062,172.30999755859375,174.00999450683594,86213900,165.31799926757813,169.49150009155272,170.345400390625,58.36071058505738,-0.8244604162515543,-1.2999501779128453,0.475489761661291,181.66217060852819,169.49150009155272,157.32082957457726,4.976594532875806,119909850.0,-0.0009726408635577499,-0.0009731141856222916,2.529998779296875,1,175.83999633789062
2022-02-02,171.90768432617188,175.83999633789062,175.8800048828125,173.3300018310547,174.75,84914300,166.27899932861328,169.29850006103516,170.65120025634766,59.887265544357724,-0.1688160276942483,-1.073723347869126,0.9049073201748776,180.92580516965782,169.29850006103516,157.6711949524125,4.803266569938806,118919780.0,0.007044245594408194,0.0070195507993890734,2.5500030517578125,1,172.89999389648438
2022-02-03,169.03341674804688,172.89999389648438,176.24000549316406,172.1199951171875,174.47999572753906,89418100,167.1179992675781,169.1974998474121,170.88880004882813,54.72300826781289,0.11225919340165547,-0.8365268396149698,0.9487860330166252,180.66167549550403,169.1974998474121,157.73332419932018,4.754462556084361,118719540.0,-0.016719759455390393,-0.016861112440536424,4.1200103759765625,1,172.38999938964844
2022-02-04,168.7495880126953,172.38999938964844,174.10000610351562,170.67999267578125,171.67999267578125,82465400,168.11599884033203,169.21699981689454,171.1083999633789,53.85543646773007,0.29051219293543795,-0.6111190331048882,0.9016312260403262,180.70148550583374,169.21699981689454,157.73251412795534,4.65914476120222,114681190.0,-0.0029496502304173777,-0.002954009022042268,3.420013427734375,1,171.66000366210938
2022-02-07,168.0350341796875,171.66000366210938,173.9499969482422,170.9499969482422,172.86000061035156,77251200,169.11999969482423,169.19150009155274,171.30279998779298,52.570686500981935,0.36862514373021327,-0.41517019773786795,0.7837953414680812,180.65188508943058,169.19150009155274,157.7311150936749,4.540634421116347,106176850.0,-0.004234559603942367,-0.004243550742781456,3.0,1,174.8300018310547
2022-02-08,171.1380615234375,174.8300018310547,175.35000610351562,171.42999267578125,171.72999572753906,74829200,170.625,169.32350006103516,171.6632000732422,57.33089499641931,0.6785012395254171,-0.19643591028521099,0.8749371498106281,180.9781585904245,169.32350006103516,157.66884153164582,4.496304350160492,102079930.0,0.018466725511581794,0.018298286059323026,3.920013427734375,1,176.27999877929688
2022-02-09,172.5574188232422,176.27999877929688,176.64999389648438,174.89999389648438,176.0500030517578,71285000,172.28399963378905,169.38349990844728,171.98399993896484,59.341043421094255,1.029218720825554,0.04869501593694203,0.9805237048886121,181.1677172294108,169.38349990844728,157.59928258748374,4.305139186965435,98380900.0,0.008293753549481586,0.00825954936608848,1.75,1,172.1199951171875
2022-02-10,168.4852752685547,172.1199951171875,175.47999572753906,171.5500030517578,174.13999938964844,90865900,173.5739990234375,169.2129997253418,172.12039978027343,51.80114856315918,0.9604162420083924,0.2310392611512321,0.7293769808571603,180.7322569995571,169.2129997253418,157.6937424511265,4.335486082720694,95272030.0,-0.02359884099680365,-0.023881753447243893,3.92999267578125,1,168.63999938964844
2022-02-11,165.0787811279297,168.63999938964844,173.0800018310547,168.0399932861328,172.3300018310547,98670700,173.40499877929688,169.0354995727539,172.1977996826172,46.480653792407495,0.6179597547894673,0.30842335987887914,0.30953639491058815,180.47492349948806,169.0354995727539,157.59607564601976,4.385809115735063,87145530.0,-0.020218427993619836,-0.020425617868005615,5.040008544921875,0,168.8800048828125
2022-02-14,165.31370544433594,168.8800048828125,169.5800018310547,166.55999755859375,167.3699951171875,86185500,172.81499938964845,168.82599945068358,172.30019989013672,46.8858357867979,0.36175685109779465,0.3190900581226623,0.04266679297513237,180.1146771292845,168.82599945068358,157.53732177208266,4.288251626929768,84209920.0,0.0014231824835904128,0.0014221707192360556,3.0200042724609375,1,172.7899932861328
2022-02-15,169.14111328125,172.7899932861328,172.9499969482422,170.25,170.97000122070312,62527400,172.63299865722655,168.97549896240236,172.51919982910155,53.11351184600709,0.4688134020190944,0.3490347269019487,0.11977867511714568,180.39030321555714,168.97549896240236,157.56069470924757,4.272661658251191,81841270.0,0.023152465006342826,0.022888513016406736,2.6999969482421875,1,172.5500030517578
2022-02-16,168.9062042236328,172.5500030517578,173.33999633789062,170.0500030517578,171.85000610351562,61177400,172.3039993286133,169.29149932861327,172.66379974365233,52.70503209924862,0.5282024941352574,0.3848682803486105,0.14333421378664696,180.7346715071,169.29149932861327,157.84832715012655,4.202471060242735,79467580.0,-0.0013889128057177347,-0.001389878239147457,3.2899932861328125,1,168.8800048828125
2022-02-17,165.31370544433594,168.8800048828125,171.91000366210938,168.47000122070312,171.02999877929688,69589300,171.9020004272461,169.5099998474121,172.61779998779298,46.78009709674206,0.27594962127184886,0.3630845485332582,-0.08713492726140937,180.74461276745876,169.5099998474121,158.27538692736545,4.193723258157875,77484700.0,-0.021269186346200564,-0.021498634777259173,3.44000244140625,0,167.3000030517578
2022-02-18,163.76707458496094,167.3000030517578,170.5399932861328,166.19000244140625,169.82000732421875,82772700,171.39300079345702,169.75449981689454,172.46220001220703,44.46268322542547,-0.050869153064496686,0.28029380821370725,-0.33116296127820394,180.56524606884534,169.75449981689454,158.94375356494373,4.2048852286270675,77515430.0,-0.009355766137921773,-0.009399806218967926,4.3499908447265625,0,164.32000732421875
2022-02-22,160.85000610351562,164.32000732421875,166.69000244140625,162.14999389648438,164.97999572753906,91162800,170.65900115966798,169.8895004272461,172.25740020751954,40.39784372122202,-0.5440644997919435,0.11542214661257712,-0.6594866464045206,180.35238923739627,169.8895004272461,159.42661161709594,4.27239408053038,78906590.0,-0.017812287347162448,-0.01797283548086231,4.540008544921875,0,160.07000732421875
2022-02-23,156.6897735595703,160.07000732421875,166.14999389648438,159.75,165.5399932861328,90009200,169.18300170898436,169.90400085449218,171.86980041503907,35.42388781895859,-1.2633022842673824,-0.1603227395634148,-1.1029795447039676,180.31146382344417,169.90400085449218,159.4965378855402,4.424365495955665,80424590.0,-0.02586416632525068,-0.02620452543819213,6.399993896484375,0,162.74000549316406
2022-02-24,159.30337524414062,162.74000549316406,162.85000610351562,152.0,152.5800018310547,141147500,167.8290023803711,170.05650100708007,171.60980041503908,40.389504533725486,-1.5994197568121251,-0.4481421430131569,-1.1512776137989682,179.93686909004495,170.05650100708007,160.1761329241152,4.8833398250670905,87410840.0,0.01668019020913314,0.016542603707790798,10.850006103515625,0,164.85000610351562
2022-02-25,161.36880493164062,164.85000610351562,165.1199951171875,160.8699951171875,163.83999633789062,91974200,167.1020034790039,170.3380012512207,171.42020050048828,44.05093217179113,-1.6762135141702856,-0.6937564172445827,-0.9824570969257029,179.239701999797,170.3380012512207,161.4363005026444,4.8381012661337275,87521670.0,0.012965469700934706,0.012882137519657203,4.25,0,165.1199951171875
2022-02-28,161.63307189941406,165.1199951171875,165.4199981689453,162.42999267578125,163.05999755859375,95056600,166.7500030517578,170.07750091552734,171.13660034179688,44.520510853318655,-1.6957398299366844,-0.8941530997830031,-0.8015867301536813,179.26522856290765,170.07750091552734,160.88977326814702,4.706094425207324,87160260.0,0.0016377858882354879,0.001636446179498877,2.9900054931640625,0,163.1999969482422
2022-03-01,159.75363159179688,163.1999969482422,166.60000610351562,161.97000122070312,164.6999969482422,83474400,166.18200225830077,169.4985008239746,170.955400390625,41.83169892770163,-1.8448758021488914,-1.0842976402561808,-0.7605781618927105,178.88523027733692,169.4985008239746,160.1117713706123,4.700659457893408,86889150.0,-0.011627896231359958,-0.011696028891390823,4.6300048828125,0,166.55999755859375
2022-03-02,163.042724609375,166.55999755859375,167.36000061035156,162.9499969482422,164.38999938964844,79724800,165.5590026855469,169.09600067138672,170.8638003540039,47.77591209655512,-1.6726617624335631,-1.2019704646916574,-0.47069129774190577,178.25919545345874,169.09600067138672,159.9328058893147,4.6798983296231205,88608890.0,0.02058823941900667,0.020379166378330118,4.410003662109375,0,166.22999572753906
2022-03-03,162.7196502685547,166.22999572753906,168.91000366210938,165.5500030517578,168.47000122070312,76678400,164.927001953125,168.61550064086913,170.79340026855468,47.26504288608505,-1.544999492627511,-1.2705762702788281,-0.2744232223486829,177.30958592079082,168.61550064086913,159.92141536094744,4.585619921103723,90158990.0,-0.001981279033932526,-0.0019832443635776787,3.3600006103515625,0,163.1699981689453
2022-03-04,159.72427368164062,163.1699981689453,165.5500030517578,162.10000610351562,164.49000549316406,83737200,164.3560012817383,168.12900085449218,170.5970001220703,42.70500042829879,-1.6714747332926265,-1.3507559628815877,-0.3207187704110388,176.89824903371692,168.12900085449218,159.35975267526743,4.553074899883703,91573780.0,-0.01840821534766368,-0.018579754964044178,3.4499969482421875,0,159.3000030517578
2022-03-07,155.93597412109375,159.3000030517578,165.02000427246094,159.0399932861328,163.36000061035156,96418800,163.55600128173828,167.47450103759766,170.2702001953125,37.745196168007304,-2.0602344356601066,-1.4926516574372914,-0.5675827782228151,176.80966318532685,167.47450103759766,158.13933888986847,4.654998906058304,92938390.0,-0.02371756548762427,-0.024003354807916127,5.980010986328125,0,157.44000244140625
2022-03-08,154.1153106689453,157.44000244140625,162.8800048828125,155.8000030517578,158.82000732421875,131148300,162.86800079345704,166.7635009765625,169.8934002685547,35.604857899431465,-2.4897159100140698,-1.692064507952647,-0.7976514020614227,176.85100383647116,166.7635009765625,156.67599811665386,4.828213400700903,96936940.0,-0.011676086470301161,-0.011744787262459548,7.0800018310546875,0,162.9499969482422
2022-03-09,159.5089111328125,162.9499969482422,163.41000366210938,159.41000366210938,161.47999572753906,91454900,163.15599975585937,166.16950073242188,169.54580017089845,45.46953152414035,-2.3582876923955496,-1.8253091448412277,-0.5329785475543218,175.66903988841304,166.16950073242188,156.66996157643072,4.909769673558205,97081510.0,0.034997423916368176,0.03439893774454232,4.0,0,158.52000427246094
2022-03-10,155.17245483398438,158.52000427246094,160.38999938964844,155.97999572753906,160.1999969482422,105342000,162.73399963378907,165.28150100708007,169.130400390625,40.14482463530824,-2.5818315223305888,-1.9766136203391,-0.6052179019914887,174.13280572414874,165.28150100708007,156.4301962900114,5.056929069782841,93500960.0,-0.027186209013482565,-0.027562591280962515,4.410003662109375,0,154.72999572753906
2022-03-11,151.46250915527344,154.72999572753906,159.27999877929688,154.5,158.92999267578125,96970100,161.7219985961914,164.41200103759766,168.63740020751953,36.235259390889226,-3.029886982161429,-2.187268292703566,-0.8426186894578631,173.80536714356452,164.41200103759766,155.0186349316308,5.03714833474813,94000550.0,-0.02390870831928371,-0.0241991603852047,4.779998779296875,0,150.6199951171875
2022-03-14,147.43931579589844,150.6199951171875,154.1199951171875,150.10000610351562,151.4499969482422,108732100,160.2719985961914,163.5110008239746,168.08580017089844,32.53496999408928,-3.674262254567907,-2.484667085076434,-1.189595169491473,174.44063085932675,163.5110008239746,152.58137078862245,5.008065569696366,95368100.0,-0.026562403695717718,-0.026921558634101297,4.019989013671875,0,155.08999633789062
2022-03-15,151.81492614746094,155.08999633789062,155.57000732421875,150.3800048828125,150.89999389648438,92964300,159.46099853515625,162.8215003967285,167.63619995117188,39.74219473810427,-3.7806614474847606,-2.7438659575580995,-1.0367954899266612,174.04525163003504,162.8215003967285,151.59774916342198,5.021061060532786,96317090.0,0.029677342754030223,0.029245493703443242,5.19000244140625,0,159.58999633789062
2022-03-16,156.21986389160156,159.58999633789062,160.0,154.4600067138672,157.0500030517578,102300200,158.76399841308594,162.1615005493164,167.18779998779297,45.99678053197395,-3.4619638186021575,-2.8874855297669115,-0.574478288835246,172.47869717204546,162.1615005493164,151.84430392658734,5.058127648075645,98574630.0,0.02901541109199557,0.028602433505549644,5.5399932861328125,0,160.6199951171875
2022-03-17,157.2281494140625,160.6199951171875,161.0,157.6300048828125,158.61000061035156,75615400,158.20299835205077,161.56500015258788,166.80619995117186,47.344011007261976,-3.0906542202048684,-2.928119267854503,-0.1625349523503652,170.7253683880725,161.56500015258788,152.40463191710327,4.937546753012207,98468330.0,0.006454030972694147,0.006433292896427292,3.3699951171875,0,163.97999572753906
2022-03-18,160.51718139648438,163.97999572753906,164.47999572753906,159.75999450683594,160.50999450683594,123511700,158.28399810791015,161.31999969482422,166.58739990234375,51.58699700504654,-2.4964867742507124,-2.841792769133745,0.3453059948830326,169.93027420828915,161.31999969482422,152.7097251813593,4.9220077864187015,102445780.0,0.020918943546848645,0.02070314675272604,4.720001220703125,1,165.3800048828125
2022-03-21,161.88763427734375,165.3800048828125,166.35000610351562,163.00999450683594,163.50999450683594,95811400,158.89199829101562,161.22399978637696,166.455,53.276411505851925,-1.8908393352705275,-2.6516020823611015,0.760762747090574,169.6052051688412,161.22399978637696,152.84279440391273,4.8090080585802,102385040.0,0.008537682593916074,0.008501442705563926,3.3400115966796875,1,168.82000732421875
2022-03-22,165.25498962402344,168.82000732421875,169.4199981689453,164.91000366210938,165.50999450683594,81532000,160.02999877929688,161.44899978637696,166.38800018310548,57.226122968467074,-1.1203650577206474,-2.3453546774330105,1.224989619712363,170.3745203443703,161.44899978637696,152.52347922838362,4.787649947741324,97423410.0,0.0208005946295855,0.0205872161215274,4.5099945068359375,1,170.2100067138672
2022-03-23,166.61563110351562,170.2100067138672,172.63999938964844,167.64999389648438,167.99000549316406,98062700,160.75599975585936,161.95599975585938,166.34840026855468,58.74373118870638,-0.39306628430961155,-1.9548969988083307,1.5618307144987191,171.6310938530508,161.95599975585938,152.28090565866796,4.802103915271519,98084190.0,0.008233617636201895,0.008199906324137448,4.9900054931640625,1,174.07000732421875
2022-03-24,170.3941192626953,174.07000732421875,174.13999938964844,170.2100067138672,171.05999755859375,90131400,162.31100006103514,162.52249984741212,166.32820037841796,62.70133065844922,0.4891543564741596,-1.4660867277518328,1.9552410842259924,173.5475014006373,162.52249984741212,151.49749829418695,4.739810255307928,96563130.0,0.02267787120671727,0.022424550976409316,3.92999267578125,1,174.72000122070312
2022-03-25,171.03036499023438,174.72000122070312,175.27999877929688,172.75,173.8800048828125,80546200,164.31000061035155,163.0159996032715,166.3120004272461,63.33908262705549,1.2266298205516648,-0.9275434180911333,2.154173238642798,175.23274393588034,163.0159996032715,150.79925527066266,4.581966578449995,94920740.0,0.003734094727035453,0.003727140302264343,2.529998779296875,1,175.60000610351562
2022-03-28,171.8917999267578,175.60000610351562,175.72999572753906,172.0,172.1699981689453,90371900,166.80800170898436,163.54000015258788,166.3802005004883,64.23080191384,1.8606451198618004,-0.3699057105005466,2.230550830362347,176.91671949182478,163.54000015258788,150.16328081335098,4.521111517670643,93084720.0,0.005036657947940837,0.005024016415912028,3.7299957275390625,1,178.9600067138672
2022-03-29,175.18084716796875,178.9600067138672,179.00999450683594,176.33999633789062,176.69000244140625,100589400,169.19500274658202,164.32800064086913,166.49800048828126,67.48298141981356,2.60421105695778,0.22491764299111877,2.3792934139666615,179.29413044241676,164.32800064086913,149.3618708393215,4.441745580931333,93847230.0,0.019134399166084615,0.018953638738817526,2.6699981689453125,1,177.77000427246094
2022-03-30,174.01597595214844,177.77000427246094,179.61000061035156,176.6999969482422,178.5500030517578,92633200,171.01300354003905,164.8885009765625,166.65740051269532,65.22121692493906,3.0621703735223775,0.7923681890973706,2.269802184425007,180.94681748265117,164.8885009765625,148.83018447047385,4.332335443872622,92880530.0,-0.006649544014093012,-0.006671750729656784,2.910003662109375,1,174.61000061035156
2022-03-31,170.9226837158203,174.61000061035156,178.02999877929688,174.39999389648438,177.83999633789062,103049300,172.41200408935546,165.30750122070313,166.82500061035157,59.51672987475757,3.1339938151808724,1.260693314314071,1.8733005008668013,181.91198475931193,165.30750122070313,148.70301768209433,4.28216897522547,95623920.0,-0.017775797863323284,-0.017935684938688707,3.6300048828125,1,174.30999755859375
2022-04-01,170.62904357910156,174.30999755859375,174.8800048828125,171.94000244140625,174.02999877929688,78751300,173.44500427246095,165.86450119018554,167.02100067138673,58.98922899213629,3.130618845796647,1.6346784206105864,1.4959404251860606,182.88692998056112,165.86450119018554,148.84207239980995,4.186299937095526,91147880.0,-0.0017181321270783867,-0.0017196098088923953,2.94000244140625,1,178.44000244140625
2022-04-04,174.67184448242188,178.44000244140625,178.49000549316406,174.44000244140625,174.57000732421875,76468400,174.75100402832032,166.82150115966797,167.34160064697267,63.75217499550157,3.4217571499416692,1.9920941664768033,1.429662983464866,184.40302001723694,166.82150115966797,149.239982302099,4.185850508343725,89213580.0,0.023693448113463633,0.0234171147213519,4.0500030517578125,1,175.05999755859375
2022-04-05,171.3632049560547,175.05999755859375,178.3000030517578,174.4199981689453,177.5,73401800,175.3750030517578,167.70250091552734,167.6104006958008,57.83245953265959,3.341232558264636,2.2619218448343696,1.0793107134302664,185.07999279446736,167.70250091552734,150.32500903658732,4.174004348637811,88400560.0,-0.018941968373500706,-0.019123665583828355,3.8800048828125,1,171.8300018310547
2022-04-06,168.20138549804688,171.8300018310547,173.6300048828125,170.1300048828125,172.36000061035156,89058800,175.53700256347656,168.14650115966796,167.85140075683594,52.788045634921765,2.982403289559983,2.4060181337794924,0.5763851557804904,185.46928018340319,168.14650115966796,150.82372213593274,4.228003514862342,87500170.0,-0.018450792714411857,-0.01862313174332769,3.5,1,172.13999938964844
2022-04-07,168.5048828125,172.13999938964844,173.36000061035156,169.85000610351562,171.16000366210938,77594700,175.34400177001953,168.82750091552734,168.10040069580077,53.2098725511775,2.692010895225536,2.4632166860687015,0.22879420915683468,185.64651835394884,168.82750091552734,152.00848347710584,4.176717157146171,86246500.0,0.0018040944846089424,0.0018024690608060298,3.5099945068359375,1,170.08999633789062
2022-04-08,166.49815368652344,170.08999633789062,171.77999877929688,169.1999969482422,171.77999877929688,76575500,174.8810012817383,169.59550094604492,168.31780059814454,50.0266662244992,2.270284292740911,2.4246302074031436,-0.1543459146622328,185.1226030529949,169.59550094604492,154.06839883909495,4.088380391736176,85849430.0,-0.01190892912179875,-0.011980408480080076,2.5800018310546875,1,165.75
2022-04-11,162.2498016357422,165.75,169.02999877929688,165.5,168.7100067138672,72246700,173.89600067138673,170.35200119018555,168.22620056152343,44.02232840540447,1.5677889926977002,2.253261964462055,-0.6854729717643546,183.3806365974381,170.35200119018555,157.323365782933,4.1242101021757795,84036910.0,-0.025515882364234077,-0.025847058129606793,3.529998779296875,0,167.66000366210938
2022-04-12,164.11947631835938,167.66000366210938,169.8699951171875,166.63999938964844,168.02000427246094,79265200,172.76600036621093,170.9805015563965,168.0838006591797,47.03519862366711,1.1518993603797014,2.0329894436455844,-0.881090083265883,182.07234096425586,170.9805015563965,159.88866214853712,4.1239090318194735,81904490.0,0.01152340067637625,0.011457511986214218,3.2299957275390625,0,170.39999389648438
2022-04-13,166.80162048339844,170.39999389648438,171.0399932861328,166.77000427246094,167.38999938964844,70618900,172.02899932861328,171.52100143432617,167.99960052490235,51.10116346475533,1.0315075661732465,1.8326930681511169,-0.8011855019778704,181.31788956166812,171.52100143432617,161.7241133069842,4.134343316237502,79703060.0,0.016342539511671417,0.016210437524274854,4.269989013671875,0,165.2899932861328
2022-04-14,161.7994842529297,165.2899932861328,171.27000427246094,165.0399932861328,170.6199951171875,75329400,171.0969985961914,171.75450134277344,167.7886004638672,44.27479875828235,0.5177930625797558,1.5697130670368447,-1.0519200044570889,180.6853262158736,171.75450134277344,162.82367646967327,4.284033864101118,76931070.0,-0.02998826756681583,-0.030447112265913557,6.230010986328125,0,165.07000732421875
2022-04-18,161.5841522216797,165.07000732421875,166.60000610351562,163.57000732421875,163.9199981689453,69023900,170.1729995727539,171.80900192260742,167.6320007324219,44.00228238411019,0.09186067604952086,1.27414258883938,-1.1822819127898592,180.56089635785582,171.80900192260742,163.05710748735902,4.194459929472243,75958330.0,-0.0013309091345490298,-0.0013317955807180728,3.029998779296875,0,167.39999389648438
2022-04-19,163.86492919921875,167.39999389648438,167.82000732421875,163.91000366210938,165.02000427246094,67723800,169.06899871826172,171.910001373291,167.5322006225586,47.67579691830567,-0.05702600479543207,1.0079088701124177,-1.0649348749078498,180.40566629234962,171.910001373291,163.4143364542324,4.17414162466061,75083870.0,0.014115141872437453,0.014016450864878151,3.910003662109375,0,167.22999572753906
2022-04-20,163.6985321044922,167.22999572753906,168.8800048828125,166.10000610351562,168.75999450683594,67929800,168.28599853515624,171.83050079345702,167.4436004638672,47.43131199481738,-0.18658635221325426,0.7690098256472834,-0.9555961778605376,180.46889873360433,171.83050079345702,163.1921028533097,4.074559992848914,74536670.0,-0.0010155207595194948,-0.0010160367500883375,2.779998779296875,0,166.4199981689453
2022-04-21,162.90565490722656,166.4199981689453,171.52999877929688,165.91000366210938,168.91000366210938,87227800,167.7449981689453,171.64100036621093,167.275400390625,46.21522854933106,-0.35058259657699864,0.545091341202427,-0.8956739377794256,180.5745206601493,171.64100036621093,162.70748007227257,4.184948216015956,74353570.0,-0.004843614060203949,-0.004855382374947397,5.6199951171875,0,161.7899932861328
2022-04-22,158.37344360351562,161.7899932861328,167.8699951171875,161.5,166.4600067138672,84882400,166.70999755859376,171.02699966430663,166.98560028076173,39.91549500657622,-0.8444195582079601,0.26718916132034953,-1.1116087195283098,180.85187882551745,171.02699966430663,161.2021205030958,4.341022994671066,75082340.0,-0.02782120498590701,-0.02821554594984485,6.3699951171875,0,162.8800048828125
2022-04-25,159.44039916992188,162.8800048828125,163.1699981689453,158.4600067138672,161.1199951171875,96046400,165.98899841308594,170.43499984741212,166.80080047607422,41.92263798291491,-1.1347533516799047,-0.013199341279701293,-1.1215540104002033,180.71475899315152,170.43499984741212,160.1552407016727,4.367377884700142,77029430.0,0.006737200333224225,0.006714606820305089,4.709991455078125,0,156.8000030517578
2022-04-26,153.48880004882812,156.8000030517578,162.33999633789062,156.72000122070312,162.25,95623200,165.09399871826173,169.49499969482423,166.5640005493164,34.91616254300823,-1.8343055769437058,-0.3774205884125022,-1.4568849885312036,181.07024122773998,169.49499969482423,157.91975816190848,4.4954225830865155,79367080.0,-0.03732810442527357,-0.038042635961083655,5.6199951171875,0,156.57000732421875
2022-04-27,153.26368713378906,156.57000732421875,159.7899932861328,155.3800048828125,155.91000366210938,88063200,163.98499908447266,168.3754997253418,166.31780059814454,34.680043304411114,-2.3798312749803756,-0.7779027257260769,-1.6019285492542987,180.394938555861,168.3754997253418,156.3560608948226,4.489320141674644,80246880.0,-0.001466809458308127,-0.0014678862764217597,4.4099884033203125,0,163.63999938964844
2022-04-28,160.18438720703125,163.63999938964844,164.52000427246094,158.92999267578125,159.25,130216800,163.30899963378906,167.66899948120118,166.13480072021486,46.628192112470636,-2.2161288932940977,-1.065547959239681,-1.1505809340544166,179.0401906663591,167.66899948120118,156.29780829604326,4.736511342143754,86206670.0,0.04515546870218534,0.04416564822872782,5.5900115966796875,0,157.64999389648438
2022-04-29,154.32086181640625,157.64999389648438,166.1999969482422,157.25,161.83999633789062,131747600,162.5449996948242,166.8209991455078,165.83680053710938,39.95914349906589,-2.540452207458486,-1.360528808883442,-1.1799233985750441,178.52006602874323,166.8209991455078,155.1219322622724,5.037474599722215,91848490.0,-0.036604775821961866,-0.03729154205589352,8.949996948242188,0,157.9600067138672
2022-05-02,154.62432861328125,157.9600067138672,158.22999572753906,153.27000427246094,156.7100067138672,123055300,161.83399963378906,166.00349960327148,165.61840057373047,40.433987490697334,-2.7408702806170595,-1.6365971032301654,-1.1042731773868941,177.7798047054956,166.00349960327148,154.22719450104736,5.031940089390494,97251630.0,0.0019664626031408172,0.0019645316465775583,4.959991455078125,0,159.47999572753906
2022-05-03,156.11219787597656,159.47999572753906,160.7100067138672,156.32000732421875,158.14999389648438,88966500,161.04199981689453,165.0554992675781,165.4620004272461,42.8216934279227,-2.7454053137034578,-1.858358745324824,-0.8870465683786337,175.669850086612,165.0554992675781,154.44114844854423,4.986087182266061,99375900.0,0.009622619328101267,0.009576616801167188,4.3899993896484375,0,166.02000427246094
2022-05-04,162.51409912109375,166.02000427246094,166.47999572753906,159.25999450683594,159.6699981689453,108256500,160.9210006713867,164.60349960327147,165.49600036621095,51.778367488260955,-2.195961648706657,-1.9258793260011906,-0.2700823227054663,174.19595941779744,164.60349960327147,155.0110397887455,5.145652470725851,103408570.0,0.0410083315784322,0.04018979303829941,7.220001220703125,1,156.77000427246094
2022-05-05,153.4594268798828,156.77000427246094,164.0800018310547,154.9499969482422,163.85000610351562,130525300,159.95600128173828,163.8504997253418,165.43000030517578,41.804073136282,-2.478352376715378,-2.0363739361440283,-0.44197844057134983,173.42000927173885,163.8504997253418,154.28099017894473,5.568820674546773,107738320.0,-0.05571617733980727,-0.057328498428013956,9.1300048828125,0,157.27999877929688
2022-05-06,154.1848907470703,157.27999877929688,159.44000244140625,154.17999267578125,156.00999450683594,116124600,159.5050018310547,163.1074996948242,165.32080017089845,42.462178889789676,-2.6306720191772683,-2.1552335527506763,-0.47543846642659204,172.28673998891594,163.1074996948242,153.9282594007325,5.546762752480932,110862540.0,0.0032531383104996703,0.0032478583040279896,5.260009765625,0,152.05999755859375
2022-05-09,149.06759643554688,152.05999755859375,155.8300018310547,151.49000549316406,154.92999267578125,131577900,158.42300109863282,162.20599975585938,165.065,37.755899465310975,-3.136441955872442,-2.3514752333750293,-0.7849667224974128,171.98690220056162,162.20599975585938,152.42509731115715,5.5641363620274955,114415690.0,-0.03318922470255159,-0.03375248489277417,4.339996337890625,0,154.50999450683594
2022-05-10,151.46939086914062,154.50999450683594,156.74000549316406,152.92999267578125,155.52000427246094,115366700,158.19400024414062,161.64399948120118,164.85279998779296,41.057925351066174,-3.3015161730145905,-2.541483421302942,-0.7600327517116487,171.82910562745346,161.64399948120118,151.4588933349489,5.5009843314948395,116390040.0,0.01611204121779708,0.015983619865422377,3.8100128173828125,0,146.5
2022-05-11,143.61700439453125,146.5,155.4499969482422,145.80999755859375,153.5,142689800,157.18699951171874,160.58599929809571,164.51880004882813,34.59603024012411,-4.032197629463127,-2.839626262934979,-1.1925713665281479,172.32859749683382,160.58599929809571,148.8434010993576,5.796628264220097,121852700.0,-0.05184127106082803,-0.0532333551530453,9.639999389648438,0,142.55999755859375
2022-05-12,139.75454711914062,142.55999755859375,146.1999969482422,138.8000030517578,142.77000427246094,182602000,155.0789993286133,159.19399948120116,164.03880004882814,31.933704665647028,-4.873020074947078,-3.2463050253373993,-1.626715049609679,172.45531194426977,159.19399948120116,145.93268701813255,5.932583170221674,127091220.0,-0.026894214617107504,-0.027262481860087676,7.399993896484375,0,147.11000061035156
2022-05-13,144.2150115966797,147.11000061035156,148.10000610351562,143.11000061035156,144.58999633789062,113990900,154.025,158.2849998474121,163.65640014648437,37.8789972687746,-5.1132879004715335,-3.619701600364226,-1.4935863001073075,172.22521736918748,158.2849998474121,144.34478232563674,5.904542125557403,125315550.0,0.03191640803646689,0.03141766381403283,4.9900054931640625,0,145.5399932861328
2022-05-16,142.6759033203125,145.5399932861328,147.52000427246094,144.17999267578125,145.5500030517578,86643800,152.78299865722656,157.30849914550782,163.30380004882812,36.68818839767854,-5.36850358564385,-3.969461997420151,-1.3990415882236995,171.9302371827072,157.30849914550782,142.68676110830845,5.721361373494709,121674400.0,-0.010672335787539122,-0.010729693622863048,3.3400115966796875,0,149.24000549316406
2022-05-17,146.3031005859375,149.24000549316406,149.77000427246094,146.67999267578125,148.86000061035156,78336300,151.75899963378907,156.4004997253418,163.10260009765625,41.36636456053131,-5.2121216975610025,-4.2179939374483215,-0.994127760112681,170.65356382195566,156.4004997253418,142.14743562872795,5.6148363458399535,120611380.0,0.02542264929033622,0.025104868372337663,3.0900115966796875,0,140.82000732421875
2022-05-18,138.0487518310547,140.82000732421875,147.36000061035156,139.89999389648438,146.85000610351562,109742900,149.23899993896484,155.0800003051758,162.7702001953125,35.024001271952756,-5.701883642624949,-4.514771878483647,-1.187111764141302,169.9551377239535,155.0800003051758,140.20486288639808,5.880920292328506,120760020.0,-0.056419176219683176,-0.05807325405834499,7.4600067138671875,0,137.35000610351562
2022-05-19,134.64707946777344,137.35000610351562,141.66000366210938,136.60000610351562,139.8800048828125,136095600,147.2970001220703,153.6265007019043,162.25820037841797,32.7925795605981,-6.297430749467594,-4.871303652680437,-1.426127096787157,169.43695602136947,153.6265007019043,137.8160453824391,5.822282954204595,121317050.0,-0.024641393553644142,-0.024950074123233013,5.05999755859375,0,137.58999633789062
2022-05-20,134.88233947753906,137.58999633789062,140.6999969482422,132.61000061035156,139.08999633789062,137426100,145.3279998779297,152.4165008544922,161.83960021972655,33.10999332766578,-6.67311737289026,-5.231666396722401,-1.441450976167859,169.2158898640578,152.4165008544922,135.6171118449266,5.98426248161074,123447200.0,0.0017472895792529641,0.0017457648446596189,8.089996337890625,0,143.11000061035156
2022-05-23,140.29371643066406,143.11000061035156,143.25999450683594,137.64999389648438,137.7899932861328,117726300,144.43300018310546,151.42800064086913,161.60720031738282,40.11570126990809,-6.451069601724356,-5.475547037722793,-0.9755225640015635,167.97297409065405,151.42800064086913,134.8830271910842,5.961815030706066,122062040.0,0.04011922682885327,0.03933534776407291,5.6100006103515625,0,140.36000061035156
2022-05-24,137.5978240966797,140.36000061035156,141.97000122070312,137.3300018310547,140.80999755859375,104132700,143.01800079345702,150.60600051879882,161.4020004272461,37.98147445343972,-6.422957306916601,-5.665029091561555,-0.7579282153550455,167.6283932003799,150.60600051879882,133.58360783721776,5.948828155605409,120938640.0,-0.019215987619813357,-0.01940301452420988,4.6399993896484375,0,140.52000427246094
2022-05-25,137.7546844482422,140.52000427246094,141.7899932861328,138.33999633789062,138.42999267578125,92482700,142.4200012207031,149.80350036621093,161.1106005859375,38.18752994566526,-6.3149720851534425,-5.795017690279932,-0.5199543948735101,167.1360539936353,149.80350036621093,132.47094673878655,5.770340212222322,115917930.0,0.0011399519906925004,0.0011393027387857839,3.4499969482421875,0,143.77999877929688
2022-05-26,140.95054626464844,143.77999877929688,144.33999633789062,137.13999938964844,137.38999938964844,90601500,142.54200134277343,148.81050033569335,160.79440063476562,42.38754429290233,-5.8983462432250064,-5.815683400868947,-0.08266284235605958,165.10282958087822,148.81050033569335,132.51817109050847,5.872458550509456,106717880.0,0.02319950475175747,0.022934487263377056,7.1999969482421875,0,149.63999938964844
2022-05-27,146.69522094726562,149.63999938964844,149.67999267578125,145.25999450683594,145.38999938964844,90978500,142.7950012207031,148.41000061035157,160.57480072021485,49.08467359552319,-5.037247928145064,-5.659996306324171,0.6227483781791072,164.19951221037775,148.41000061035157,132.6204890103254,5.874425360936236,104416640.0,0.04075671623385313,0.039948060335496326,4.4199981689453125,1,148.83999633789062
2022-05-31,145.9109649658203,148.83999633789062,150.66000366210938,146.83999633789062,149.07000732421875,103718400,143.1250015258789,147.95400009155273,160.27200073242187,48.25989508673719,-4.369011623557185,-5.401799369770774,1.0327877462135886,163.12876159295652,147.95400009155273,132.77923859014894,5.727681215456416,106124100.0,-0.005346184543042365,-0.005360526527060401,3.82000732421875,1,148.7100067138672
2022-06-01,145.7835235595703,148.7100067138672,151.74000549316406,147.67999267578125,149.89999389648438,74286600,143.0720016479492,147.41550064086914,159.93860076904298,48.11841202725995,-3.806044897678987,-5.082648475352416,1.2766035776734288,161.65130248387692,147.41550064086914,133.17969879786136,5.608562044165445,105719130.0,-0.0008733514325567349,-0.0008737330261121389,4.0600128173828125,1,151.2100067138672
2022-06-02,148.2343292236328,151.2100067138672,151.27000427246094,146.86000061035156,147.8300018310547,72348100,144.11100158691406,146.67500076293945,159.58640075683593,51.088343605004724,-3.1221701705929092,-4.690552814400514,1.5683826438076052,158.25596954920906,146.67500076293945,135.09403197666984,5.52295073116144,101979650.0,0.016811242600575316,0.01667149767755052,4.410003662109375,1,145.3800048828125
2022-06-03,142.51905822753906,145.3800048828125,147.97000122070312,144.4600067138672,146.89999389648438,88570300,144.91400146484375,146.10550079345703,159.08980072021484,44.66690401956864,-3.0158619672837403,-4.35561464497716,1.3397526776934194,156.72506297191097,146.10550079345703,135.48593861500308,5.6105971075070515,97227120.0,-0.03855566147871903,-0.03931860588248595,3.5099945068359375,0,146.13999938964844
2022-06-06,143.2641143798828,146.13999938964844,148.57000732421875,144.89999389648438,147.02999877929688,71598400,145.76900177001954,145.54850082397462,158.53120056152343,45.62636081959419,-2.8375769246326,-4.052007100908248,1.2144301762756475,154.85228833130503,145.54850082397462,136.2447133166442,5.471983987523289,90644350.0,0.005227641225136415,0.005214024543548508,3.670013427734375,1,148.7100067138672
2022-06-07,145.7835235595703,148.7100067138672,149.0,144.10000610351562,144.35000610351562,67808200,146.3290023803711,145.3810012817383,158.0110006713867,48.855928179999935,-2.460543022906876,-3.7337142853079737,1.2731712624010978,154.32344745425365,145.3810012817383,136.43855510922293,5.431127552449081,85652540.0,0.017585926747997416,0.01743308366138678,4.899993896484375,1,147.9600067138672
2022-06-08,145.0482635498047,147.9600067138672,149.8699951171875,147.4600067138672,148.5800018310547,53950200,147.08900299072266,145.05350189208986,157.45820068359376,47.96066094287689,-2.1969347748550376,-3.4263583832173867,1.229423608362349,153.066046462354,145.05350189208986,137.04095732182572,5.215331898939884,80634290.0,-0.005043372780172639,-0.005056133507489779,2.4099884033203125,1,142.63999938964844
2022-06-09,139.83297729492188,142.63999938964844,147.9499969482422,142.52999877929688,147.0800018310547,69473000,147.3010025024414,144.86050186157226,156.73180053710936,42.07143283453462,-2.389755851107026,-3.2190378767953147,0.8292820256882889,152.91024732052756,144.86050186157226,136.81075640261696,5.230665901484914,78333320.0,-0.0359557115626985,-0.03661804306456349,5.4199981689453125,0,137.1300048828125
2022-06-10,134.43141174316406,137.1300048828125,140.75999450683594,137.05999755859375,140.27999877929688,91437900,146.63600311279296,144.5890022277832,155.9190005493164,37.00340978854811,-2.9531365313243043,-3.165857607701113,0.2127210763768086,153.27215870728418,144.5890022277832,135.90584574828222,5.255618467882755,78416960.0,-0.038628677302390724,-0.03939455265697863,3.6999969482421875,0,131.8800048828125
2022-06-13,129.2847442626953,131.8800048828125,135.1999969482422,131.44000244140625,132.8699951171875,122207100,144.86000366210936,143.82750244140624,155.06440063476563,32.932689194217176,-3.7796810923911437,-3.2886223046391194,-0.4910587877520243,154.03094866720687,143.82750244140624,133.6240562156056,5.286645894563004,81539820.0,-0.03828483784046022,-0.03903696139074914,3.7599945068359375,0,132.75999450683594
2022-06-14,130.1474151611328,132.75999450683594,133.88999938964844,131.47999572753906,133.1300048828125,84784300,143.25200347900392,143.1885025024414,154.23340057373048,34.23857056138087,-4.3139868486622674,-3.493695213443749,-0.8202916352185183,154.43076440085486,143.1885025024414,131.94624060402793,5.081171449387745,79646410.0,0.006672653862921818,0.006650490246930823,2.410003662109375,0,135.42999267578125
2022-06-15,132.76483154296875,135.42999267578125,137.33999633789062,132.16000366210938,134.2899932861328,91533000,141.92400207519532,142.49800186157228,153.37320037841798,38.17221086477126,-4.470448919458363,-3.689045954646672,-0.7814029648116909,153.86444569018857,142.49800186157228,131.13155803295598,5.0882301084158525,81371050.0,0.020111466401181888,0.0199119021109421,5.17999267578125,0,130.05999755859375
2022-06-16,127.50053405761719,130.05999755859375,132.38999938964844,129.0399932861328,132.0800018310547,108123900,139.80900115966796,141.96000137329102,152.47320037841797,33.79387561840905,-4.970463554992108,-3.9453294747157597,-1.0251340802763482,154.546340169074,141.96000137329102,129.37366257750804,5.181213628503895,84948630.0,-0.039651446559871295,-0.04045898391644375,3.350006103515625,0,131.55999755859375
2022-06-17,128.97100830078125,131.55999755859375,133.0800018310547,129.80999755859375,130.07000732421875,134520300,138.4270004272461,141.6705009460449,151.66780029296876,36.00203252884923,-5.185911334341995,-4.193445846641007,-0.9924654877009882,154.916718779238,141.6705009460449,128.4242831128518,5.044698674500827,89543630.0,0.011533138767930717,0.011467139093875003,3.2700042724609375,0,135.8699951171875
2022-06-21,133.19622802734375,135.8699951171875,137.05999755859375,133.32000732421875,133.4199981689453,81000500,137.4,141.58450088500976,150.94240020751954,41.98907081687211,-4.951793278339778,-4.345115332980761,-0.6066779453590172,154.95730062347513,141.58450088500976,128.21170114654439,5.077220197750768,90483840.0,0.032760699593918474,0.032235507535350164,3.739990234375,0,135.35000610351562
2022-06-22,132.68641662597656,135.35000610351562,137.75999450683594,133.91000366210938,134.7899932861328,73409200,136.06399993896486,141.19650115966797,150.24760040283203,41.48483114889254,-4.753417363436256,-4.426775739071861,-0.32664162436439526,154.81773285328993,141.19650115966797,127.57526946604604,4.989560958249039,91043940.0,-0.003827107031419197,-0.0038344491442217498,3.8499908447265625,0,138.27000427246094
2022-06-23,135.5489959716797,138.27000427246094,138.58999633789062,135.6300048828125,136.82000732421875,72433800,135.09499969482422,141.09200134277344,149.69800048828125,45.44665552125755,-4.310890312773296,-4.403598653812148,0.09270834103885228,154.7692526081693,141.09200134277344,127.41475007737759,4.864591620829465,92892300.0,0.021573683319320303,0.021344265145307816,2.959991455078125,0,141.66000366210938
2022-06-24,138.8722686767578,141.66000366210938,141.91000366210938,139.77000427246094,139.89999389648438,89116800,134.99700012207032,141.14900131225585,149.17800048828124,49.70420910781446,-3.644626828176257,-4.25180428868497,0.607177460508713,154.82574417698623,141.14900131225585,127.47225844752548,4.777120747173677,94856680.0,0.024517243689154977,0.02422151987694386,2.1399993896484375,1,141.66000366210938
2022-06-27,138.8722686767578,141.66000366210938,143.49000549316406,140.97000122070312,142.6999969482422,70207900,135.45,141.0430015563965,148.60320068359374,49.70420910781446,-3.0810913137122213,-4.017661693690421,0.9365703799781997,154.66930504417263,141.0430015563965,127.41669806862035,4.615898141837052,92733680.0,0.0,0.0,2.5200042724609375,1,137.44000244140625
2022-06-28,134.73529052734375,137.44000244140625,143.4199981689453,137.32000732421875,142.1300048828125,67083400,136.00599975585936,140.43300170898436,148.04620086669922,44.6709816044626,-2.941101007294037,-3.8023495564111447,0.8612485491171076,153.54797001474654,140.43300170898436,127.31803340322219,4.7219047634720175,87221310.0,-0.029789645006425114,-0.030242370177498323,6.0999908447265625,0,139.22999572753906
2022-06-29,136.49008178710938,139.22999572753906,140.6699981689453,136.6699981689453,137.4600067138672,66242400,136.6529998779297,139.9525016784668,147.52940063476564,47.11717909156488,-2.6551136844852294,-3.572902382025962,0.9177886975407326,152.4917522734595,139.9525016784668,127.41325108347411,4.67034013750973,85367120.0,0.013023815878466127,0.012939735235462362,4.0,0,136.72000122070312
2022-06-30,134.02947998046875,136.72000122070312,138.3699951171875,133.77000427246094,137.25,98964500,136.78200073242186,139.3530014038086,146.91580078125,44.16831069048106,-2.6010193189041786,-3.3785257694016053,0.7775064504974267,151.29227425099828,139.3530014038086,127.41372855661893,4.72674380305033,86110270.0,-0.01802768500939822,-0.018192163499015368,4.5999908447265625,0,138.92999267578125
2022-07-01,136.19598388671875,138.92999267578125,139.0399932861328,135.66000366210938,136.0399932861328,71051600,137.66900024414062,138.7390007019043,146.34980072021483,47.295990408148114,-2.3527008329993464,-3.173360782121154,0.8206599491218074,149.36709182703734,138.7390007019043,128.11090957677126,4.63054707597698,82403040.0,0.016164360995803317,0.016035108706173376,3.3799896240234375,1,141.55999755859375
2022-07-05,138.7742156982422,141.55999755859375,141.61000061035156,136.92999267578125,137.77000427246094,73353800,138.66900024414062,138.54800033569336,145.8526007080078,50.82639286053111,-1.9215369478865796,-2.922996015274239,1.0014590673876596,148.8232820229019,138.54800033569336,128.2727186484848,4.634079994447932,76286390.0,0.018930432746441683,0.018753481788822482,4.6800079345703125,1,142.9199981689453
2022-07-06,140.1074676513672,142.9199981689453,144.1199951171875,141.0800018310547,141.35000610351562,74064300,139.3740005493164,138.3870002746582,145.47520080566406,52.59476669284305,-1.4533425510563802,-2.6290653224306673,1.175722771374287,148.27501892131392,138.3870002746582,128.49898162800247,4.5202166581397085,75592770.0,0.009607238159132114,0.009561382112642335,3.0399932861328125,1,146.35000610351562
2022-07-07,143.46998596191406,146.35000610351562,146.5500030517578,143.27999877929688,143.2899932861328,66253700,140.4740005493164,138.2690002441406,145.14460083007813,56.81304563636099,-0.7963424043313125,-2.2625207388107964,1.4661783344794839,147.7075497463203,138.2690002441406,128.83045074196093,4.456630102759194,74877220.0,0.02399949607133145,0.023716034499354572,3.2700042724609375,1,147.0399932861328
2022-07-08,144.14639282226562,147.0399932861328,147.5500030517578,145.0,145.25999450683594,64547800,141.3509994506836,138.2229995727539,144.94940063476562,57.62981594027374,-0.21748185994380265,-1.8535129630373977,1.636031103093595,147.47938628503547,138.2229995727539,128.96661286047234,4.320442456259095,74088620.0,0.004714637197412497,0.004703558104416488,2.5500030517578125,1,144.8699951171875
2022-07-11,142.01907348632812,144.8699951171875,146.63999938964844,143.77999877929688,145.6699981689453,63141600,141.6719985961914,138.33449935913086,144.715400390625,54.16058106088262,0.06541451730933545,-1.4697274669680511,1.5351419842773866,147.85109006352226,138.33449935913086,128.81790865473945,4.244696174157442,71491100.0,-0.014757877230874183,-0.014867858098461903,2.8600006103515625,1,145.86000061035156
2022-07-12,142.98960876464844,145.86000061035156,148.4499969482422,145.0500030517578,145.75999450683594,77588800,142.0919982910156,138.7709991455078,144.35980041503908,55.477411325839,0.36528631071095674,-1.1027247114322496,1.4680110221432063,148.8129034872454,138.7709991455078,128.7290948037702,4.197218006792959,72229190.0,0.006833751132270249,0.006810506891817098,3.399993896484375,1,145.49000549316406
2022-07-13,142.6268768310547,145.49000549316406,146.4499969482422,142.1199951171875,142.99000549316406,71185600,142.8969985961914,139.45149917602538,144.11660064697264,54.84331178357156,0.5665505120253727,-0.7688696667407252,1.335420178766098,149.3771916212273,139.45149917602538,129.52580673082346,4.206702565668797,72639410.0,-0.0025366455206311533,-0.002539868256993273,4.3300018310546875,1,148.47000122070312
2022-07-14,145.54824829101562,148.47000122070312,148.9499969482422,143.25,144.0800018310547,78140700,143.8209991455078,140.23699951171875,143.9268005371094,58.91631688976097,0.9555001806420478,-0.42399569726417063,1.3794958779062183,150.40374708828688,140.23699951171875,130.07025193515062,4.313366450138325,73829240.0,0.0204824772494705,0.020275532370192015,5.6999969482421875,1,150.1699981689453
2022-07-15,147.21478271484375,150.1699981689453,150.86000061035156,148.1999969482422,149.77999877929688,76259900,145.16599884033204,140.97399978637696,143.7406005859375,61.07335128769183,1.3849562282141221,-0.06220531216851205,1.4471615403826341,151.75831748324637,140.97399978637696,130.18968208950756,4.195269108136257,71558780.0,0.011450103955445545,0.011385047645188537,2.660003662109375,1,147.07000732421875
2022-07-18,144.17579650878906,147.07000732421875,151.57000732421875,146.6999969482422,150.74000549316406,81420900,145.9800003051758,141.8245002746582,143.36160064697265,55.36488959377817,1.4583489476360967,0.2419055397924097,1.216443407843687,151.67423511979064,141.8245002746582,131.97476542952575,4.2434649129819935,72595710.0,-0.020643210245224752,-0.0208592597858532,4.8700103759765625,1,151.0
2022-07-19,148.02847290039062,151.0,151.22999572753906,146.91000366210938,147.9199981689453,82982400,146.92400054931642,142.7965003967285,143.24620056152344,60.41616677755071,1.8127346939961626,0.5560713706331604,1.2566633233630022,152.23069858261195,142.7965003967285,133.36230221084506,4.248931138156829,73558570.0,0.026721917998667744,0.026371123101800502,4.3199920654296875,1,153.0399932861328
2022-07-20,150.02828979492188,153.0399932861328,153.72000122070312,150.3699951171875,151.1199951171875,64823400,147.93600006103514,143.65500030517578,143.16140045166014,62.77134416943222,2.232463906203435,0.8913498777472153,1.3411140284562197,153.5265017754113,143.65500030517578,133.78349883494025,4.184722207111029,72634480.0,0.013509889312137924,0.013419444447056636,3.350006103515625,1,155.35000610351562
2022-07-21,152.29286193847656,155.35000610351562,155.57000732421875,151.94000244140625,154.5,65086600,148.83600006103515,144.65500030517578,143.2272006225586,65.28979398828815,2.720144922211716,1.2571088866401157,1.4630360355716006,154.99939915980138,144.65500030517578,134.31060145055017,4.145099541089705,72517770.0,0.015094177461599134,0.014981393865878377,3.6300048828125,1,154.08999633789062
2022-07-22,151.05764770507812,154.08999633789062,156.27999877929688,153.41000366210938,155.38999938964844,66675400,149.54100036621094,145.44599990844728,143.2188006591797,62.794499794983544,2.9707187862456976,1.599830866561232,1.3708879196844657,156.1302903076262,145.44599990844728,134.76170950926834,4.054020653668119,72730530.0,-0.008110780277571505,-0.008143851600139225,2.8699951171875,1,152.9499969482422
2022-07-25,149.94007873535156,152.9499969482422,155.0399932861328,152.27999877929688,154.00999450683594,53623900,150.3490005493164,146.0104995727539,143.34780059814454,60.54007974877913,3.0422428732947253,1.8883132679079306,1.1539296053867947,157.02297716179672,146.0104995727539,134.99802198371108,3.9615902146086777,71778760.0,-0.0073982699509488326,-0.007425772883457637,2.7599945068359375,1,151.60000610351562
2022-07-26,148.61666870117188,151.60000610351562,153.08999633789062,150.8000030517578,152.25999450683594,55138700,150.92300109863282,146.50749969482422,143.52860076904298,57.88959895882233,2.9559192516222197,2.1018344646507883,0.8540847869714314,157.58674966409544,146.50749969482422,135.428249725553,3.842190434003259,69533750.0,-0.0088263541788981,-0.00886553717533471,2.2899932861328125,1,156.7899932861328
2022-07-27,153.7045135498047,156.7899932861328,157.3300018310547,152.16000366210938,152.5800018310547,78620700,152.0529998779297,147.47499923706056,143.7222006225586,64.35128304325721,3.26861716657055,2.3351910050347406,0.9334261615358095,158.59739070776487,147.47499923706056,136.35260776635624,3.9770336692558166,70277260.0,0.034234742570348864,0.03366177408266899,5.1699981689453125,1,157.35000610351562
2022-07-28,154.25350952148438,157.35000610351562,157.63999938964844,154.41000366210938,156.97999572753906,81378700,152.94100036621094,148.38099975585936,143.95840087890625,64.9757953355531,3.521032599138124,2.5723593238554177,0.9486732752827063,159.62072305385215,148.38099975585936,137.14127645786658,3.923673816276048,70601060.0,0.0035717382573059453,0.0035653747482409463,3.2299957275390625,1,162.50999450683594
2022-07-29,159.3119354248047,162.50999450683594,163.6300048828125,159.5,161.24000549316406,101786900,154.175,149.670499420166,144.2238006591797,70.16253501628879,4.09029125683756,2.875945710451846,1.2143455463857138,161.1774565959659,149.670499420166,138.1635422443661,4.091982742206107,73153760.0,0.03279306134837845,0.03226684223607261,4.1300048828125,1,161.50999450683594
2022-08-01,158.3316192626953,161.50999450683594,163.58999633789062,160.88999938964844,161.00999450683594,67829400,155.6189987182617,150.79949951171875,144.63760040283202,68.05900965451323,4.40990654413099,3.182737877187675,1.2271686669433155,162.30056600031045,150.79949951171875,139.29843302312705,3.992555185494399,71794610.0,-0.00615346768692393,-0.006172478296782795,2.6999969482421875,1,160.00999450683594
2022-08-02,156.8611602783203,160.00999450683594,162.41000366210938,159.6300048828125,160.10000610351562,59907000,156.5199981689453,151.72199935913085,145.09080017089843,64.9151407643743,4.49040391686367,3.444271085122874,1.0461328317407959,163.0693986578142,151.72199935913085,140.3746000604475,3.9059440136231474,69487070.0,-0.009287350944318873,-0.009330747288474453,2.779998779296875,1,166.1300048828125
2022-08-03,162.8607635498047,166.1300048828125,166.58999633789062,160.75,160.83999633789062,82507500,157.8289993286133,152.88249969482422,145.66160034179688,70.83471655334496,4.990504920742211,3.7535178522467416,1.2369870684954694,165.1054087745344,152.88249969482422,140.65959061511404,4.096948143439686,71255480.0,0.038247675683253046,0.03753436483924966,5.839996337890625,1,165.80999755859375
2022-08-04,162.5469970703125,165.80999755859375,167.19000244140625,164.42999267578125,166.00999450683594,55474100,158.8749984741211,153.85549926757812,146.11560028076173,70.1680590772156,5.299922445829168,4.0627987709632265,1.2371236748659413,166.91313838787846,153.85549926757812,140.7978601472778,4.001452545024351,70294230.0,-0.0019262464022948844,-0.0019281040007409198,2.760009765625,1,165.35000610351562
2022-08-05,162.3212432861328,165.35000610351562,165.85000610351562,163.0,163.2100067138672,56697000,160.0009994506836,154.77099990844727,146.615400390625,69.16045717665646,5.44525113207817,4.339289243186215,1.1059618888919545,168.34612004883377,154.77099990844727,141.19587976806076,3.919206370630871,69296390.0,-0.0027742082012610636,-0.002778063448656489,2.850006103515625,1,164.8699951171875
2022-08-08,161.85003662109375,164.8699951171875,167.80999755859375,164.1999969482422,166.3699951171875,60276900,161.19299926757813,155.77099990844727,147.10240020751954,68.06210656140063,5.458767019750468,4.563184798499066,0.8955822212514022,169.22744254741565,155.77099990844727,142.31455726947888,3.8971202448966347,69961690.0,-0.0029029995077690662,-0.002907221383555376,3.6100006103515625,1,164.9199981689453
2022-08-09,161.8990936279297,164.9199981689453,165.82000732421875,163.25,164.02000427246094,63135500,162.5249984741211,156.72399978637696,147.5252001953125,68.11890630437591,5.4111370667023095,4.732775252139715,0.6783618145625949,169.93529290413258,156.72399978637696,143.51270666862135,3.8023264648482145,70761370.0,0.0003032877615012364,0.0003032417790651366,2.57000732421875,1,169.24000549316406
2022-08-10,166.1399688720703,169.24000549316406,169.33999633789062,166.89999389648438,167.67999267578125,70170500,163.7699996948242,157.91149978637696,147.91720031738282,72.64523194400346,5.656770741127019,4.917574349937176,0.7391963911898429,171.13977235152058,157.91149978637696,144.68322722123335,3.8464458722837214,69916350.0,0.026194563256017656,0.025857361573686677,2.44000244140625,1,168.49000549316406
2022-08-11,165.40371704101562,168.49000549316406,170.99000549316406,168.19000244140625,170.05999755859375,57149200,164.88399963378907,158.9125,148.3102005004883,70.7667657025703,5.724925092985387,5.079044498546819,0.6458805944385686,172.16134021005672,158.9125,145.66365978994327,3.771699956531871,67493400.0,-0.0044315763156265175,-0.004441424857093237,2.8000030517578125,1,172.10000610351562
2022-08-12,168.9475860595703,172.10000610351562,172.1699981689453,169.39999389648438,169.82000732421875,68039400,165.84300079345704,160.0090003967285,148.77800048828124,74.22199082766151,6.001058322270154,5.263447263291486,0.7376110589786684,173.80096581955218,160.0090003967285,146.21703497390484,3.765149436478255,64118650.0,0.021425606817361276,0.021199305229821584,2.7700042724609375,1,173.19000244140625
2022-08-15,170.01760864257812,173.19000244140625,173.38999938964844,171.35000610351562,171.52000427246094,54091700,167.01100158691406,161.31500015258788,149.21760040283203,75.17604472228848,6.235965166216488,5.457950843876487,0.7780143223400007,174.9039671261812,161.31500015258788,147.72603317899458,3.641923997167866,62744880.0,0.006333505515595528,0.006313533155214912,2.0399932861328125,1,173.02999877929688
2022-08-16,169.8605499267578,173.02999877929688,173.7100067138672,171.66000366210938,172.77999877929688,56377100,168.31300201416016,162.41650009155273,149.77060028076173,74.7387653194986,6.336180034824224,5.6335966820660355,0.7025833527581886,176.05377283511953,162.41650009155273,148.77922734798594,3.528215358210005,62391890.0,-0.0009238620004263787,-0.0009242890239517587,2.0500030517578125,1,174.5500030517578
2022-08-17,171.35269165039062,174.5500030517578,176.14999389648438,172.57000732421875,172.77000427246094,79542000,169.15500183105468,163.49200057983398,150.3388003540039,76.15759165213365,6.46374267971521,5.799625881595871,0.6641167981193394,177.3919648072663,163.49200057983398,149.59203635240166,3.531913302071121,62095340.0,0.00878462857992468,0.008746268220925823,3.579986572265625,1,174.14999389648438
2022-08-18,170.9600067138672,174.14999389648438,174.89999389648438,173.1199951171875,173.75,62290100,169.98900146484374,164.43199996948243,150.84760009765625,74.96432066222276,6.4581144753804836,5.931323600352794,0.5267908750276895,178.54351156855682,164.43199996948243,150.32048837040804,3.406776550444389,62776940.0,-0.0022916594000563784,-0.002294289270071773,1.779998779296875,1,171.52000427246094
2022-08-19,168.37818908691406,171.52000427246094,173.74000549316406,171.30999755859375,173.02999877929688,70346300,170.6060012817383,165.30350036621093,151.31880004882814,67.47817930198046,6.170308425334213,5.979120565349079,0.191187859985134,178.89589754336308,165.30350036621093,151.71110318905878,3.3662922495476915,64141870.0,-0.015101864577650947,-0.015217058972706312,2.4300079345703125,1,167.57000732421875
2022-08-22,164.50057983398438,167.57000732421875,169.86000061035156,167.13999938964844,169.69000244140625,69026800,170.8760025024414,166.03450088500978,151.81740020751954,58.094636098120226,5.559402977998531,5.895177047878969,-0.3357740698804381,178.40872471546078,166.03450088500978,153.66027705455878,3.4387002947808925,65016860.0,-0.023029365962279114,-0.023298684670795898,2.720001220703125,1,167.22999572753906
2022-08-23,164.1667938232422,167.22999572753906,168.7100067138672,166.64999389648438,167.0800018310547,54147100,171.10700225830078,166.81600036621094,152.41940002441407,57.3552717642805,4.990294902111486,5.714200618725473,-0.7239057166139862,177.2703469892159,166.81600036621094,156.36165374320598,3.340222617823887,64118020.0,-0.0020290719210975805,-0.002031133276425555,2.0600128173828125,1,167.52999877929688
2022-08-24,164.46127319335938,167.52999877929688,168.11000061035156,166.25,167.32000732421875,53841500,170.93600158691407,167.35300064086914,153.13239990234376,57.86481842202949,4.511474916276285,5.473655478235635,-0.9621805619593502,176.74116772964769,167.35300064086914,157.9648335520906,3.2344924744330066,62485120.0,0.001793954789346408,0.0017923475743469117,1.8600006103515625,1,170.02999877929688
2022-08-25,166.91549682617188,170.02999877929688,170.13999938964844,168.35000610351562,168.77999877929688,51218200,171.09000091552736,167.98700027465821,153.87779998779297,61.94542310224703,4.284348432601689,5.235794069108846,-0.9514456365071569,176.23024860332143,167.98700027465821,159.743751945995,3.1898859127129033,61892020.0,0.014922700520600518,0.014812452471088687,1.7899932861328125,1,163.6199951171875
2022-08-26,160.6229248046875,163.6199951171875,171.0500030517578,163.55999755859375,170.57000732421875,78961000,170.24199981689452,168.0425003051758,154.44160003662108,48.875481318347184,3.5462365258210866,4.897882560451295,-1.3516460346302086,176.1513504312653,168.0425003051758,159.93365017908627,3.4970373113165576,62984180.0,-0.03769925135640162,-0.03842824864689697,7.4900054931640625,0,161.3800048828125
2022-08-29,158.42391967773438,161.3800048828125,162.89999389648438,159.82000732421875,161.14999389648438,73314000,169.06100006103514,168.0360008239746,155.06800018310548,45.28010475494705,2.7488420898368986,4.468074466328416,-1.7192323764915178,176.1659654022426,168.0360008239746,159.90603624570662,3.518676631434571,64906410.0,-0.013690198638440787,-0.013784773566182934,3.079986572265625,0,158.91000366210938
2022-08-30,155.99916076660156,158.91000366210938,162.55999755859375,157.72000122070312,162.1300048828125,77906200,167.6490005493164,167.9810012817383,155.61500030517578,41.64242029098838,1.8957398891682828,3.9536075508963897,-2.057867661728107,176.33908919731036,167.9810012817383,159.62291336616622,3.6130566104671464,67059320.0,-0.015305497248539135,-0.01542383540725122,4.839996337890625,0,157.22000122070312
2022-08-31,154.3401336669922,157.22000122070312,160.5800018310547,157.13999938964844,160.30999755859375,87991100,165.91600036621094,167.5355010986328,156.04200042724608,39.31512186384335,1.070936091162821,3.377073258949676,-2.306137167786855,177.10306812901194,167.5355010986328,157.96793406825367,3.600695598391368,67904230.0,-0.010634965719336975,-0.01069192113981396,3.44000244140625,0,157.9600067138672
2022-09-01,155.06661987304688,157.9600067138672,158.4199981689453,154.6699981689453,156.63999938964844,74229900,164.29700164794923,167.14300155639648,156.49420043945312,40.87335223496618,0.4715496666398451,2.7959685404877104,-2.3244188738478653,177.56723588642637,167.14300155639648,156.7187672263666,3.61136019850627,69098210.0,0.004706815210650195,0.004695772792128747,3.75,0,155.80999755859375
2022-09-02,152.95596313476562,155.80999755859375,160.36000061035156,154.97000122070312,159.75,76957800,162.7260009765625,166.6660011291504,156.84500030517577,37.83372496502128,-0.17493956913801867,2.2017869185625645,-2.376726487700583,178.18984480741312,166.6660011291504,155.14215745088768,3.7384058550164245,69759360.0,-0.013611098150736467,-0.013704578361899616,5.3899993896484375,0,154.52999877929688
2022-09-06,151.69940185546875,154.52999877929688,157.08999633789062,153.69000244140625,156.47000122070312,73714800,161.4220001220703,166.14900131225585,157.10240020751954,36.11191762502888,-0.781562781054447,1.6051169786391624,-2.3866797596936093,178.8194867396769,166.14900131225585,153.4785158848348,3.7142335722641353,70228160.0,-0.008215126110989845,-0.008249056213992514,3.399993896484375,0,155.9600067138672
2022-09-07,153.1032257080078,155.9600067138672,156.6699981689453,153.61000061035156,154.82000732421875,87449600,160.2950012207031,165.70100173950195,157.38840026855468,39.42847515024426,-1.1338559718944055,1.057322388532449,-2.1911783604268544,179.12483945223096,165.70100173950195,152.27716402677294,3.6675024284305366,73558410.0,0.00925391798269981,0.00921136281689767,3.05999755859375,0,154.4600067138672
2022-09-08,151.6306610107422,154.4600067138672,156.36000061035156,152.67999267578125,154.63999938964844,84923800,158.98800201416014,164.9620018005371,157.7288003540039,37.24440673831526,-1.5166058396819437,0.5425367428895704,-2.059142582571514,179.13175901857403,164.9620018005371,150.7922445825002,3.6683956788690923,76666640.0,-0.009617850316921195,-0.009664400555222502,3.6800079345703125,0,157.3699951171875
2022-09-09,154.48739624023438,157.3699951171875,157.82000732421875,154.75,155.47000122070312,68028800,157.7220016479492,164.40600128173827,158.09160034179686,43.753714232904706,-1.567062007744255,0.12061699276280535,-1.6876790005070603,178.84843266968193,164.40600128173827,149.9635698937946,3.646367459689269,78347700.0,0.01883975318420772,0.018664482977356994,3.07000732421875,0,163.42999267578125
2022-09-12,160.43638610839844,163.42999267578125,164.25999450683594,159.3000030517578,159.58999633789062,104956000,157.7030014038086,163.97250061035157,158.62580017089843,54.36853438764956,-1.1053163283867775,-0.12456967146711123,-0.9807466569196663,177.97903871180134,163.97250061035157,149.9659625089018,3.878055454686353,80947200.0,0.038507960517385253,0.03778502970415525,4.959991455078125,0,153.83999633789062
2022-09-13,151.02206420898438,153.83999633789062,160.5399932861328,153.3699951171875,159.89999389648438,122656600,156.9490005493164,163.00500030517577,158.92400024414061,41.1376483595035,-1.4959675258913308,-0.3988492423519551,-1.0971182835393756,177.00428395793796,163.00500030517577,149.00571665241358,4.319622747822596,85881460.0,-0.05867953721882391,-0.060471641813472615,7.1699981689453125,0,155.30999755859375
2022-09-14,152.46510314941406,155.30999755859375,157.10000610351562,153.61000061035156,154.7899932861328,87965400,156.58899993896483,162.11900024414064,159.19900024414062,43.410952907725935,-1.667720161305823,-0.6526234261427288,-1.0150967351630942,175.70511274664238,162.11900024414064,148.5328877416389,4.2603643724898435,86887380.0,0.009555390377639084,0.009510026386489658,3.4900054931640625,0,152.3699951171875
2022-09-15,149.57896423339844,152.3699951171875,155.24000549316406,151.3800048828125,154.64999389648438,90481100,156.10399932861327,161.0099998474121,159.38800018310548,40.07720952878906,-2.0178089432235993,-0.9256605295589029,-1.0921484136646964,173.9624351181763,161.0099998474121,148.0575645766479,4.236766394153515,87136380.0,-0.018929898188280392,-0.019111362426848168,3.8600006103515625,0,150.6999969482422
2022-09-16,147.93955993652344,150.6999969482422,151.35000610351562,148.3699951171875,151.2100067138672,162278800,155.37799835205078,159.8375,159.475,38.27897578319197,-2.4023192793630983,-1.220992279519742,-1.1813269998433562,172.04380571093733,159.8375,147.63119428906268,4.2198545088568356,95941270.0,-0.010960151095764759,-0.011020656053602453,2.980010986328125,0,154.47999572753906
2022-09-19,151.6503143310547,154.47999572753906,154.55999755859375,149.10000610351562,149.30999755859375,81474200,155.2449981689453,158.9854995727539,159.62380004882812,44.36403288501248,-2.374658594179607,-1.4517255424517153,-0.9229330517278918,170.14500983922292,158.9854995727539,147.82598930628487,4.3084357193012135,96392910.0,0.025082938658552933,0.024773525081309505,5.459991455078125,0,156.89999389648438
2022-09-20,154.0260009765625,156.89999389648438,158.0800018310547,153.0800018310547,153.39999389648438,107689800,155.48199768066405,158.45199890136718,159.86440002441407,47.90510492762271,-2.132877193801704,-1.5879558727217131,-0.544921321079991,168.9175275378053,158.45199890136718,147.98647026492904,4.357833167922555,99790410.0,0.01566544689199456,0.015544010375103367,5.0,0,153.72000122070312
2022-09-21,150.90423583984375,153.72000122070312,158.74000549316406,153.60000610351562,157.33999633789062,101696800,155.25799713134765,157.7764991760254,160.0216000366211,43.9468593916057,-2.1728156583109524,-1.7049278298395611,-0.4678878284713912,167.61366364950385,157.7764991760254,147.93933470254694,4.413702183760118,101215130.0,-0.02026764053209118,-0.020475847200587767,5.1399993896484375,0,152.74000549316406
2022-09-22,149.9421844482422,152.74000549316406,154.47000122070312,150.91000366210938,152.3800048828125,86652500,155.08599700927735,157.03699951171876,160.1666000366211,42.77390117306696,-2.2575213434331545,-1.8154465325582798,-0.44207481087487466,166.0163908432917,157.03699951171876,148.05760818014582,4.35272328196252,101388000.0,-0.006375199842290069,-0.006395608213339059,3.55999755859375,0,150.42999267578125
2022-09-23,147.6745147705078,150.42999267578125,151.47000122070312,148.55999755859375,151.19000244140625,96029900,154.39199676513672,156.05699920654297,160.20579986572267,40.059727814914986,-2.4824339842353993,-1.9488440228937038,-0.5335899613416955,163.2510778942916,156.05699920654297,148.86292051879434,4.340386471434505,104188110.0,-0.015123823060790742,-0.015239354403206042,2.910003662109375,0,150.77000427246094
2022-09-26,148.00828552246094,150.77000427246094,153.77000427246094,149.63999938964844,149.66000366210938,93339400,153.1259979248047,155.41449966430665,160.21779998779297,40.65661881716737,-2.603234313513582,-2.0797220810176795,-0.5235122324959023,162.06688473855948,155.41449966430665,148.7621145900538,4.325359215104362,103026450.0,0.0022602646628622214,0.0022577141072532394,4.1300048828125,0,151.75999450683594
2022-09-27,148.9801483154297,151.75999450683594,154.72000122070312,149.9499969482422,152.74000549316406,84442700,152.91799774169922,154.93349914550782,160.3115997314453,42.45349093206782,-2.5892383782855006,-2.181625340471244,-0.4076130378142566,161.1690754834734,154.93349914550782,148.69792280754226,4.357119576344117,99205060.0,0.0065662280713738586,0.006544764301935322,4.7700042724609375,0,149.83999633789062
2022-09-28,147.09530639648438,149.83999633789062,150.63999938964844,144.83999633789062,147.63999938964844,146691400,152.3709976196289,154.47999877929686,160.28839965820313,39.92837618824369,-2.701928158996651,-2.2856859041763253,-0.41624225482032573,160.81134922561665,154.47999877929686,148.14864833297707,4.540182332958488,105077660.0,-0.012651543479456517,-0.012732255734667894,5.8000030517578125,0,142.47999572753906
2022-09-29,139.8701171875,142.47999572753906,146.72000122070312,140.67999267578125,146.10000610351562,128138200,151.38199768066406,153.74299850463868,160.07719970703124,32.05697617133043,-3.346549224949399,-2.4978585683309404,-0.8486906566184587,161.8183816427559,153.74299850463868,145.66761536652146,4.87016957075498,108843370.0,-0.049119065604851575,-0.05036642470068572,6.040008544921875,0,138.1999969482422
2022-09-30,135.66851806640625,138.1999969482422,143.10000610351562,138.0,141.27999877929688,124925300,150.13199768066406,152.75499801635743,159.73419952392578,28.53418943090965,-4.154881310583363,-2.829263116781425,-1.325618193801938,163.053909648035,152.75499801635743,142.45608638467988,4.88658646595217,105108020.0,-0.030039296095161427,-0.030499719743629777,5.100006103515625,0,142.4499969482422
2022-10-03,139.84068298339844,142.4499969482422,143.07000732421875,137.69000244140625,138.2100067138672,114311700,148.9289978027344,152.08699798583984,159.50139953613282,36.04935721239347,-4.401809510888228,-3.143772395602786,-1.258037115285442,163.20701100724307,152.08699798583984,140.96698496443662,4.92183063858505,108391770.0,0.030752533240588242,0.03028915026917049,5.3800048828125,0,146.10000610351562
2022-10-04,143.423828125,146.10000610351562,146.22000122070312,144.25999450683594,145.02999877929688,87830100,147.8489990234375,151.66549835205078,159.3643997192383,41.71782656788407,-4.253939883231908,-3.3658058931286106,-0.8881339901032974,163.01975771210937,151.66549835205078,140.31123899199218,4.839557326719041,106405800.0,0.02562309044204225,0.025300321012384868,1.9600067138671875,0,146.39999389648438
2022-10-05,143.71832275390625,146.39999389648438,147.3800048828125,143.00999450683594,144.07000732421875,79471000,147.11699829101562,151.18749771118163,159.26039947509764,42.17151428503466,-4.065679013312973,-3.505780517165483,-0.5598984961474902,162.58319050210795,151.18749771118163,139.79180492025532,4.806018258808864,104183220.0,0.0020533044519943644,0.0020511993035892623,4.3700103759765625,0,145.42999267578125
2022-10-06,142.76611328125,145.42999267578125,147.5399932861328,145.22000122070312,145.80999755859375,68402200,146.38599700927733,150.73599700927736,159.03319946289062,41.05855737549876,-3.9492276711441434,-3.5944699479612154,-0.354757723182928,162.29170176761608,150.73599700927736,139.18029225093863,4.628444959281779,102358190.0,-0.0066256916744750205,-0.006647739009414898,2.3199920654296875,0,140.08999633789062
2022-10-07,137.52389526367188,140.08999633789062,143.10000610351562,139.4499969482422,142.5399932861328,85925600,145.35199737548828,149.8719970703125,158.68799926757814,35.50355380046429,-4.238968034904616,-3.7233695653498957,-0.5155984695547202,161.88922673291157,149.8719970703125,137.8547674077134,4.724984299871585,101347760.0,-0.03671867294799025,-0.03740977376021187,3.6500091552734375,0,140.4199981689453
2022-10-10,137.84786987304688,140.4199981689453,141.88999938964844,138.57000732421875,140.4199981689453,74899000,144.3169967651367,148.72149734497071,158.2461993408203,36.07910449348539,-4.3913403329814855,-3.856963718876214,-0.5343766141052715,159.68614134148586,148.72149734497071,137.75685334845556,4.624627711697165,99503720.0,0.0023556416566585803,0.0023528714823570222,3.3199920654296875,0,138.97999572753906
2022-10-11,136.43426513671875,138.97999572753906,141.35000610351562,138.22000122070312,139.89999389648438,77033700,143.03899688720702,147.97849731445314,157.79559936523438,34.62701169489216,-4.5755485637467075,-4.000680687850313,-0.5748678758963948,159.45694608392114,147.97849731445314,136.50004854498513,4.517868938205402,98762820.0,-0.01025496695758199,-0.010307911404631696,3.1300048828125,0,138.33999633789062
2022-10-12,135.80596923828125,138.33999633789062,140.36000061035156,138.16000366210938,139.1300048828125,70433700,141.88899688720704,147.12999725341797,157.36219940185546,33.97257431949653,-4.718782330457827,-4.144301016371816,-0.574481314086011,158.82208593714208,147.12999725341797,135.43790856969386,4.3523066532080295,91137050.0,-0.004604974883602009,-0.004615610443994246,2.1999969482421875,0,142.99000549316406
2022-10-13,140.3708038330078,142.99000549316406,143.58999633789062,134.3699951171875,134.99000549316406,113224000,141.93999786376952,146.6609977722168,156.8993994140625,42.47885202389803,-4.4062863195634066,-4.196698077010135,-0.2095882425532718,158.2265278753783,146.6609977722168,135.0954676690553,4.699999122314821,89645630.0,0.0336129050048255,0.033060339460541974,9.220001220703125,0,138.3800048828125
2022-10-14,135.84524536132812,138.3800048828125,144.52000427246094,138.19000244140625,144.30999755859375,88598000,141.95799865722657,146.0449981689453,156.35079956054688,37.34254513101637,-4.478988509921351,-4.253156163592378,-0.2258323463289731,157.99053835347863,146.0449981689453,134.099457984412,4.816427887224812,86012900.0,-0.03224001981433555,-0.03277117680497568,6.3300018310546875,0,142.41000366210938
2022-10-17,139.80142211914062,142.41000366210938,142.89999389648438,140.27000427246094,141.07000732421875,85250900,141.9539993286133,145.44149856567384,155.89199951171875,43.746077628026356,-4.1634249272673,-4.235209916327362,0.07178498906006148,156.8279766632225,145.44149856567384,134.05502046812518,4.795253681971031,83106820.0,0.02912269574429982,0.028706687590389787,2.6299896240234375,0,143.75
2022-10-18,141.11683654785156,143.75,146.6999969482422,140.61000061035156,145.49000549316406,99136600,141.71899871826173,144.78399887084962,155.469599609375,45.73205203741343,-3.761847769432933,-4.140537486948476,0.3786897175155435,154.89515461594007,144.78399887084962,134.67284312575916,4.887735300251003,84237470.0,0.009409425626236034,0.00936543273086938,6.089996337890625,0,143.86000061035156
2022-10-19,141.22486877441406,143.86000061035156,144.9499969482422,141.5,141.69000244140625,61758300,141.46499938964843,144.29099884033204,155.04839965820312,45.900896597454874,-3.3955767535582027,-3.991545340270422,0.5959685867122193,153.53565142108806,144.29099884033204,135.046346259576,4.785039703678946,82466200.0,0.0007652216372282528,0.0007649290044276629,3.4499969482421875,0,143.38999938964844
2022-10-20,140.76345825195312,143.38999938964844,145.88999938964844,142.64999389648438,143.02000427246094,64522000,141.26100006103516,143.82349853515626,154.53139953613282,45.25303835139973,-3.107409225922595,-3.8147181174008566,0.7073088914782617,152.21841321701154,143.82349853515626,135.42858385330098,4.674680117213597,82078180.0,-0.003267073673773546,-0.0032724222115235483,3.2400054931640625,0,147.27000427246094
2022-10-21,144.57241821289062,147.27000427246094,147.85000610351562,142.64999389648438,142.8699951171875,86548600,141.9790008544922,143.66549911499024,154.10699951171875,51.35681701921396,-2.5367088164575478,-3.559116257212195,1.0224074407546473,151.66682804473504,143.66549911499024,135.66417018524544,4.712203837914858,82140480.0,0.027059103837980825,0.026699479278780944,5.20001220703125,1,149.4499969482422
2022-10-24,146.7124786376953,149.4499969482422,150.22999572753906,146.0,147.19000244140625,75981900,142.8820007324219,143.5994987487793,153.65399932861328,54.43090706764277,-1.8867679538062987,-3.224646596531016,1.3378786427247173,151.38417117468683,143.5994987487793,135.81482632287177,4.677760401459444,82248770.0,0.014802693097965003,0.014694202560876541,4.2299957275390625,1,152.33999633789062
2022-10-25,149.54953002929688,152.33999633789062,152.49000549316406,149.36000061035156,150.08999633789062,74732300,144.21800079345704,143.62849884033204,153.23699920654298,58.20208176760119,-1.1255121362721923,-2.8048197044792516,1.6793075682070593,151.537878220223,143.62849884033204,135.71911946044108,4.567206435841805,82018630.0,0.019337567404898115,0.019152972595567083,3.1300048828125,1,149.35000610351562
2022-10-26,146.61427307128906,149.35000610351562,151.99000549316406,148.0399932861328,150.9600067138672,88194300,145.31900177001953,143.60399932861327,152.76339935302735,53.2885178387033,-0.7547780285671308,-2.3948113692968276,1.6400333407296968,151.43895115430078,143.60399932861327,135.76904750292576,4.548120479835806,83794690.0,-0.019627086164182295,-0.019822255376275157,3.95001220703125,1,144.8000030517578
2022-10-27,142.1476287841797,144.8000030517578,149.0500030517578,144.1300048828125,148.07000732421875,109180200,145.5000015258789,143.71999969482422,152.16839935302735,46.81199575692927,-0.8186785804647343,-2.0795848115304088,1.2609062310656745,151.55364852108067,143.71999969482422,135.88635086856777,4.596111961326328,83390310.0,-0.03046536903791064,-0.030939084502022027,4.9199981689453125,1,155.74000549316406
2022-10-28,152.8872528076172,155.74000549316406,157.5,147.82000732421875,148.1999969482422,164762400,147.23600158691406,144.5970001220703,151.80019958496095,59.54366083580243,0.01329330246801419,-1.6610091887307243,1.6743024911987385,153.60208517161408,144.5970001220703,135.59191507252655,5.1749608889631755,91006750.0,0.07555250145606562,0.07283448439292384,9.67999267578125,1,153.33999633789062
2022-10-31,150.5312042236328,153.33999633789062,154.24000549316406,151.9199981689453,153.16000366210938,97943200,148.3290008544922,145.14150009155273,151.43659942626954,56.35655760128059,0.4735179128639402,-1.2341037684117915,1.7076216812757317,154.8508619615591,145.14150009155273,135.43213822154635,5.078178491481431,92275980.0,-0.015410357458724877,-0.01553033117175072,2.32000732421875,1,150.64999389648438
2022-11-01,147.8905029296875,150.64999389648438,155.4499969482422,149.1300048828125,155.0800018310547,80379300,149.0190002441406,145.36899948120117,151.09819915771484,52.936449247782974,0.6141094451945719,-0.8644611256905188,1.4785705708850907,155.3664810679995,145.36899948120117,135.37151789440284,5.166879461049163,90400250.0,-0.0175427318745901,-0.017698429186696122,6.3199920654296875,1,145.02999877929688
2022-11-02,142.37342834472656,145.02999877929688,152.1699981689453,145.0,148.9499969482422,93604600,149.13600006103516,145.3004997253418,150.65419921875,46.57680207330224,0.26894240909453515,-0.637780418733508,0.9067228278280431,155.28755452695722,145.3004997253418,135.3134449237264,5.309959368756031,93584880.0,-0.03730498071609045,-0.0380186159065104,7.1699981689453125,0,138.8800048828125
2022-11-03,136.33609008789062,138.8800048828125,142.8000030517578,138.75,142.05999755859375,97918500,148.68500061035155,144.97300033569337,150.08119934082032,40.80029921202399,-0.495150279411007,-0.6092543908690078,0.11410411145800081,155.3437976690394,144.97300033569337,134.60220300234735,5.3792478980803775,96924530.0,-0.04240497792352105,-0.043330323084718216,4.0500030517578125,0,138.3800048828125
2022-11-04,136.07057189941406,138.3800048828125,142.6699981689453,134.3800048828125,142.08999633789062,140814800,147.7960006713867,144.88750076293945,149.4481994628906,40.36202264564016,-1.1280416988451236,-0.713011852464231,-0.4150298463808926,155.4444401310235,144.88750076293945,134.3305613948554,5.587158282941266,102351150.0,-0.003600230288167805,-0.0036067267143389315,8.289993286132812,0,138.9199981689453
2022-11-07,136.60157775878906,138.9199981689453,139.14999389648438,135.6699981689453,137.11000061035156,83374600,146.74300079345704,144.81250076293946,148.95419952392578,41.097922228154886,-1.5679652359883676,-0.8840025291690584,-0.6839627068193092,155.51562976233956,144.81250076293946,134.10937176353937,5.436646671841109,103090420.0,0.003902249364639898,0.0038946553390313667,3.4799957275390625,0,139.5
2022-11-08,137.17189025878906,139.5,141.42999267578125,137.49000549316406,140.41000366210938,89908500,145.45900115966796,144.8385009765625,148.51659942626952,41.926812424857474,-1.8484981718884228,-1.0769016577129313,-0.7715965141754915,155.48721809211298,144.8385009765625,134.18978386101202,5.3297424226108285,104608040.0,0.004175078021159573,0.004166386566188452,3.9399871826171875,0,134.8699951171875
2022-11-09,132.6191864013672,134.8699951171875,138.5500030517578,134.58999633789062,138.5,74917800,144.01100006103516,144.66500091552734,148.0357992553711,37.402024148686245,-2.416568546257963,-1.3448350354219378,-1.0717335108360253,155.8320451273236,144.66500091552734,133.4979567037311,5.29976108257501,103280390.0,-0.03318999915994625,-0.033753285936499205,3.9600067138671875,0,146.8699951171875
2022-11-10,144.41891479492188,146.8699951171875,146.8699951171875,139.5,141.24000549316406,118854000,144.21799926757814,144.8590003967285,147.82879913330078,51.893039474468985,-1.8768337279291814,-1.4512347739233866,-0.4255989540057947,156.03771280855258,144.8590003967285,133.68028798490442,5.778349576676795,104247770.0,0.08897457132383879,0.08523649319503668,7.3699951171875,1,149.6999969482422
2022-11-11,147.20166015625,149.6999969482422,150.00999450683594,144.3699951171875,145.82000732421875,93979700,143.61399841308594,145.425,147.66359893798827,54.56435609662419,-1.2068210178959475,-1.4023520227178987,0.19553100482195118,156.37825348611722,145.425,134.4717465138828,5.7684674204604836,97169500.0,0.019268754171310798,0.01908546251980096,5.6399993896484375,1,148.27999877929688
2022-11-14,145.8053436279297,148.27999877929688,150.27999877929688,147.42999267578125,148.97000122070312,73374100,143.10799865722657,145.71849975585937,147.51299896240235,52.974811846972734,-0.7814055461003306,-1.2781627273943852,0.49675718129405455,156.64742269121024,145.71849975585937,134.7895768205085,5.560005897821566,94712590.0,-0.009485625904429806,-0.009530900989646466,2.850006103515625,1,150.0399932861328
2022-11-15,147.5360107421875,150.0399932861328,153.58999633789062,148.55999755859375,152.22000122070312,89868300,143.0469985961914,146.03299942016602,147.42319885253906,54.73490336846002,-0.2987994973265131,-1.0822900813808107,0.7834905840542976,157.07862205450024,146.03299942016602,134.9873767858318,5.5421481593052935,95661490.0,0.011869399253607638,0.011799510416391273,5.029998779296875,1,148.7899932861328
2022-11-16,146.30686950683594,148.7899932861328,149.8699951171875,147.2899932861328,149.1300048828125,64218300,143.422998046875,146.27949905395508,147.2797985839844,53.21157269177455,-0.0169993223917686,-0.8692319295830023,0.8522326071912337,157.3401748638768,146.27949905395508,135.21882324403336,5.342709005069201,92722860.0,-0.00833111207633952,-0.00836600975000626,2.5800018310546875,1,150.72000122070312
2022-11-17,148.2046661376953,150.72000122070312,151.47999572753906,146.14999389648438,146.42999267578125,80389400,144.60699768066405,146.6459991455078,147.20499847412108,55.281025070017236,0.35793876183782913,-0.6237977912988361,0.9817365531366652,157.78489632343016,146.6459991455078,135.50710196758544,5.34180134978245,90969950.0,0.01297135574741759,0.012887948210700441,5.3300018310546875,1,151.2899932861328
2022-11-18,148.76510620117188,151.2899932861328,152.6999969482422,149.97000122070312,152.30999755859375,74829600,145.8979965209961,146.8469985961914,147.0833984375,55.90137457630994,0.693084049438454,-0.36042142315137804,1.053505472589832,158.1672851234647,146.8469985961914,135.52671206891813,5.155243805336495,84371430.0,0.003781794458686649,0.003774661452076533,2.7299957275390625,1,148.00999450683594
2022-11-21,145.53988647460938,148.00999450683594,150.3699951171875,147.72000122070312,150.16000366210938,58724100,146.80699615478517,146.7749984741211,146.7749984741211,51.476104038421646,0.6861115482194009,-0.15111482887722225,0.8372263770966232,158.04635787761507,146.7749984741211,135.50363907062714,5.042011538200294,81906380.0,-0.02168020969565021,-0.02191867844364332,2.649993896484375,1,150.17999267578125
2022-11-22,147.67364501953125,150.17999267578125,150.4199981689453,146.92999267578125,148.1300048828125,51804100,147.87499542236327,146.66699829101563,146.7017984008789,54.06678849222301,0.8459350943799393,0.04829515577421006,0.7976399386057292,157.76302656704507,146.66699829101563,135.5709700149862,4.9311539635548485,78095940.0,0.014661159715434469,0.014554723966504158,3.4900054931640625,1,151.07000732421875
2022-11-23,148.548828125,151.07000732421875,151.8300018310547,149.33999633789062,149.4499969482422,58301400,149.4949966430664,146.75299835205078,146.6169985961914,55.12503168048121,1.0325110059835936,0.24513832581608677,0.7873726801675068,157.95700883871842,146.75299835205078,135.54898786538314,4.756786215669792,76434300.0,0.0059263196953200925,0.005908828135781974,2.4900054931640625,1,148.11000061035156
2022-11-25,145.63821411132812,148.11000061035156,148.8800048828125,147.1199951171875,148.30999755859375,35195900,149.6189971923828,146.91849822998046,146.5317987060547,50.9230576113816,0.9307963156097685,0.38226992377482316,0.5485263918349453,158.09998932214668,146.91849822998046,135.73700713781423,4.699159500767039,68068490.0,-0.01959360938875554,-0.019788108978101654,1.760009765625,1,144.22000122070312
2022-11-28,141.81312561035156,144.22000122070312,146.63999938964844,143.3800048828125,145.13999938964844,69246000,149.0709976196289,146.3424980163574,146.4021987915039,45.964363827407745,0.5301846118337039,0.4118528613865993,0.11833175044710459,156.8110804038039,146.3424980163574,135.8739156289109,4.701362088393613,65595120.0,-0.02626425881856731,-0.026615325107028288,3.2599945068359375,0,141.1699981689453
2022-11-29,138.81399536132812,141.1699981689453,144.80999755859375,140.35000610351562,144.2899932861328,83763800,148.35999755859376,145.73399810791017,146.13599884033204,42.47221196596061,-0.03303203328019322,0.32287588245324084,-0.35590791573343405,155.91575056172476,145.73399810791017,135.55224565409557,4.684121328871078,66634090.0,-0.021148266717113118,-0.02137509502724408,4.459991455078125,0,148.02999877929688
2022-11-30,145.5595245361328,148.02999877929688,148.72000122070312,140.5500030517578,141.39999389648438,111380900,148.15899810791015,145.60299835205078,145.95859893798828,51.413429774842236,0.07331431377576791,0.2729635687177463,-0.19964925494197838,155.59401232384388,145.60299835205078,135.61198438025767,4.933112531733523,68785350.0,0.04859389884061516,0.04745012275353514,8.169998168945312,1,148.30999755859375
2022-12-01,145.83486938476562,148.30999755859375,149.1300048828125,146.61000061035156,148.2100067138672,71250400,148.11099853515626,145.76699829101562,145.8503988647461,51.74311158135672,0.17813469555812844,0.25399779408582274,-0.0758630985276943,155.82247836425987,145.76699829101562,135.71151821777138,4.760747656071196,69488560.0,0.0018915002472865705,0.0018897136132848358,2.5200042724609375,1,147.80999755859375
2022-12-02,145.3432159423828,147.80999755859375,148.0,145.64999389648438,145.9600067138672,65447400,147.81999816894532,146.2134979248047,145.7517987060547,51.07661277375952,0.21834286139261394,0.246866807547181,-0.028523946154567048,155.78762270841045,146.2134979248047,136.63937314119894,4.610694513645352,67994360.0,-0.0033713168918532155,-0.0033770125855744227,2.350006103515625,1,146.6300048828125
2022-12-05,144.1829071044922,146.6300048828125,150.9199981689453,145.77000427246094,147.77000427246094,68826400,147.35399932861327,146.6259979248047,145.67579895019531,49.45751484960129,0.1532262780223448,0.22813870164221375,-0.07491242361986897,155.49984789725062,146.6259979248047,137.75214795235877,4.649215898133853,67394040.0,-0.00798317228381984,-0.008015208417572792,5.149993896484375,1,142.91000366210938
2022-12-06,140.5250244140625,142.91000366210938,147.3000030517578,141.9199981689453,147.07000732421875,64727200,146.84400024414063,146.82549819946288,145.5185989379883,44.65199526542065,-0.19628939069161788,0.14325308317544744,-0.3395424738670653,155.16043959816142,146.82549819946288,138.49055680076435,4.701415111325185,67994350.0,-0.025369986338581674,-0.025697353170228365,5.3800048828125,0,140.94000244140625
2022-12-07,138.58786010742188,140.94000244140625,143.3699951171875,140.0,142.19000244140625,69721100,145.9200012207031,146.8974983215332,145.3021990966797,42.30758101566346,-0.6250406314701422,-0.010405659753670485,-0.6146349717164717,154.99970415321752,146.8974983215332,138.79529248984886,4.606313683172494,69786050.0,-0.013784907775671984,-0.01388080189780191,3.3699951171875,0,142.64999389648438
2022-12-08,140.26934814453125,142.64999389648438,143.52000427246094,141.10000610351562,142.36000061035156,62128300,145.0779998779297,147.28649826049804,145.15839904785156,45.00666067667174,-0.8174243008320161,-0.17180938796933962,-0.6456149128626765,153.5886048631328,147.28649826049804,140.98439165786328,4.461577122306936,70168740.0,0.012132761639400691,0.012059749651672716,2.4199981689453125,0,142.16000366210938
2022-12-09,139.78750610351562,142.16000366210938,145.57000732421875,140.89999389648438,142.33999633789062,76097000,144.48300018310547,147.05099868774414,145.15199920654297,44.366149285871096,-0.9979244103297162,-0.337032392441415,-0.6608920178883013,153.7380160972989,147.05099868774414,140.36398127818939,4.476465429837467,74258850.0,-0.0034349124103753015,-0.0034408252659857237,4.670013427734375,0,144.49000549316406
2022-12-12,142.07859802246094,144.49000549316406,144.5,141.05999755859375,142.6999969482422,70462700,144.51000061035157,146.79049911499024,145.2777993774414,48.14527973605248,-0.9421004251474017,-0.45804599898261233,-0.48405442616478933,153.45030846644934,146.79049911499024,140.13068976353114,4.402432359235237,74380520.0,0.01638999557563814,0.016257129416253947,3.44000244140625,0,145.47000122070312
2022-12-13,143.0422821044922,145.47000122070312,149.97000122070312,144.24000549316406,149.5,93886200,144.94000091552735,146.64999923706054,145.33819946289063,49.69314285415458,-0.809451200085249,-0.5283270392031397,-0.28112416088210923,153.29673684454582,146.64999923706054,140.00326162957526,4.497258314114082,75392760.0,0.006782446468835079,0.00675954915368667,5.7299957275390625,0,143.2100067138672
2022-12-14,140.8199920654297,143.2100067138672,146.66000366210938,141.16000366210938,145.35000610351562,82291200,144.45800170898437,146.30849990844726,145.28039947509765,46.26348728478815,-0.8765836915353304,-0.5979783696695778,-0.2786053218657526,152.92521596993598,146.30849990844726,139.69178384695854,4.56888272024879,72483790.0,-0.015535811424151502,-0.01565775680492927,5.5,0,136.5
2022-12-15,134.22195434570312,136.5,141.8000030517578,136.02999877929688,141.11000061035156,98931900,143.277001953125,145.69400024414062,145.08239959716798,37.899903667754856,-1.4544620059823785,-0.769275096932138,-0.6851869090502405,153.45803684263342,145.69400024414062,137.92996364564783,4.755391664128899,75251940.0,-0.04685431463789913,-0.04798751674686917,5.7700042724609375,0,134.50999450683594
2022-12-16,132.26515197753906,134.50999450683594,137.64999389648438,133.72999572753906,136.69000244140625,160156900,141.9470016479492,144.88349990844728,144.86399963378906,35.83105089069147,-2.0493874824997533,-1.0252975740456611,-1.0240899084540922,153.69354422327527,144.88349990844728,136.0734555936193,4.6957207001872145,84722890.0,-0.014578794821714758,-0.014686109742857282,3.9199981689453125,0,132.3699951171875
2022-12-19,130.16087341308594,132.3699951171875,135.1999969482422,131.32000732421875,135.11000061035156,79592600,140.52100067138673,143.9375,144.709599609375,33.70059241678561,-2.6628545452417427,-1.3528089682848776,-1.310045576956865,153.7937744723662,143.9375,134.0812255276338,4.637454194746945,85799510.0,-0.01590959391154889,-0.01603751004408507,3.8799896240234375,0,132.3000030517578
2022-12-20,130.09207153320312,132.3000030517578,133.25,129.88999938964844,131.38999938964844,77432800,139.46000061035156,143.1520004272461,144.54719970703124,33.63016166467243,-3.1187286247434827,-1.7059928995765987,-1.412735725166884,154.03535160700048,143.1520004272461,132.2686492474917,4.5462075101472745,87070070.0,-0.0005287608069164396,-0.0005289006502098463,3.3600006103515625,0,135.4499969482422
2022-12-21,133.1894989013672,135.4499969482422,136.80999755859375,132.75,132.97999572753906,85928000,138.91100006103517,142.41550064086914,144.4765997314453,39.73450694952937,-3.189072295006838,-2.0026087786626467,-1.1864635163441912,153.29039106190575,142.41550064086914,131.54061021983253,4.543620867053607,88690760.0,0.023809477126406797,0.02353045181272995,4.05999755859375,0,132.22999572753906
2022-12-22,130.0232391357422,132.22999572753906,134.55999755859375,130.3000030517578,134.35000610351562,77852100,137.86900024414064,141.47350006103517,144.35439971923827,36.08124469622853,-3.464708347206482,-2.295028692371414,-1.1696796548350683,152.44995605472423,141.47350006103517,130.4970440673461,4.586933226298663,90263140.0,-0.02377261936693542,-0.024059747742690325,4.2599945068359375,0,131.86000061035156
2022-12-23,129.65940856933594,131.86000061035156,132.4199981689453,129.63999938964844,130.9199981689453,63814900,136.83899993896483,140.66100006103517,144.13179962158202,35.67535690564253,-3.6706939433527452,-2.57016174256768,-1.1005322007850653,151.95335179177923,140.66100006103517,129.3686483302911,4.45786648008425,89034930.0,-0.0027981178941416385,-0.002802039943963447,2.779998779296875,0,130.02999877929688
2022-12-27,127.85992431640625,130.02999877929688,131.41000366210938,128.72000122070312,131.3800048828125,69007800,135.39299926757812,139.95149993896484,143.9647994995117,33.65856851298905,-3.9362304517183873,-2.8433754843978214,-1.0928549673205659,152.01690443767643,139.95149993896484,127.88609544025326,4.363733116481692,88889440.0,-0.01387836965405731,-0.01397557463856748,2.69000244140625,0,126.04000091552734
2022-12-28,123.93651580810547,126.04000091552734,131.02999877929688,125.87000274658203,129.6699981689453,85438400,133.44999923706055,139.19500007629395,143.63739944458007,29.714325176251222,-4.4177049764455205,-3.158241382807361,-1.2594635936381593,152.6743854842855,139.19500007629395,125.71561466830242,4.420609039069774,88044660.0,-0.03068521034551308,-0.03116585952251297,5.159996032714844,0,129.61000061035156
2022-12-29,127.44692993164062,129.61000061035156,130.47999572753906,127.7300033569336,127.98999786376953,75703700,132.089998626709,138.27400016784668,143.3545994567871,36.84537423250273,-4.459798090232113,-3.4185527242923115,-1.041245365939801,151.7299977223853,138.27400016784668,124.81800261330808,4.421993737137056,87385910.0,0.02832433885189234,0.027930621991565215,2.7499923706054688,0,129.92999267578125
2022-12-30,127.76162719726562,129.92999267578125,129.9499969482422,127.43000030517578,128.41000366210938,77034200,131.4329978942871,137.35499992370606,143.0759992980957,37.457886613535656,-4.41642668310493,-3.6181275160548356,-0.7982991670500947,150.4494975419021,137.35499992370606,124.26050230551002,4.286136801846295,85196140.0,0.00246888406699175,0.002465841379722708,2.5199966430664062,0,125.06999969482422
2023-01-03,122.98271942138672,125.06999969482422,130.89999389648438,124.16999816894531,130.27999877929688,112117500,130.48899841308594,136.21800003051757,142.70959930419923,32.329407746866565,-4.719808334883851,-3.838463679820639,-0.881344655063212,149.43229697966044,136.21800003051757,123.00370308137471,4.460698153681493,80392200.0,-0.03740470449409117,-0.03812220940337041,6.7299957275390625,0,126.36000061035156
2023-01-04,124.25119018554688,126.36000061035156,128.66000366210938,125.08000183105469,126.88999938964844,89113600,129.88799896240235,135.20449981689453,142.29139923095704,34.87806624800292,-4.8008074666926746,-4.030932437195046,-0.7698750294976282,148.1761217136671,135.20449981689453,122.23287792012195,4.39850571179604,81344300.0,0.010314231379827232,0.010261402643368283,3.5800018310546875,0,125.0199966430664
2023-01-05,122.93354797363281,125.0199966430664,127.7699966430664,124.76000213623047,127.12999725341797,80962700,129.1599983215332,134.30999946594238,141.80279922485352,33.46799170584532,-4.916453171720178,-4.208036584100073,-0.7084165876201052,147.49833955100377,134.30999946594238,121.121659380881,4.299326340013176,81697290.0,-0.010604653061194957,-0.010661283111650382,3.0099945068359375,0,129.6199951171875
2023-01-06,127.456787109375,129.6199951171875,130.2899932861328,124.88999938964844,126.01000213623047,87754700,128.57699813842774,133.74399909973144,141.34839920043945,42.1189178187692,-4.584079379470268,-4.2832451431741125,-0.30083423629615513,146.71545733727632,133.74399909973144,120.77254086218656,4.37794545118969,81879960.0,0.036794101724815675,0.036133357676866824,5.399993896484375,0,130.14999389648438
2023-01-09,127.97792053222656,130.14999389648438,133.41000366210938,129.88999938964844,130.47000122070312,70790800,128.36899795532227,133.11899909973144,140.96439895629882,43.03792652250228,-4.229153236430619,-4.272426761825414,0.043273525394794454,145.5051306517782,133.11899909973144,120.73286754768469,4.3359499578848455,81173830.0,0.004088865910060413,0.004080529215203643,3.5200042724609375,0,130.72999572753906
2023-01-10,128.54823303222656,130.72999572753906,131.25999450683594,128.1199951171875,130.25999450683594,63896200,128.25599746704103,132.54749870300293,140.68299880981445,44.08422716654194,-3.856613767623884,-4.189264162985108,0.33265039536122387,144.24806786581925,132.54749870300293,120.84692954018662,4.250524917296531,81181960.0,0.004456410743407302,0.004446510347639705,3.1399993896484375,0,133.49000549316406
2023-01-11,131.26220703125,133.49000549316406,133.50999450683594,130.4600067138672,131.25,69458900,128.60199813842775,131.99749870300292,140.23799880981446,48.89484999442557,-3.3006163817838683,-4.01153460674486,0.7109182249609916,142.35830411846848,131.99749870300292,121.63669328753735,4.164772265558832,81227070.0,0.02111229140844828,0.020892514925815384,3.04998779296875,1,133.41000366210938
2023-01-12,131.1835479736328,133.41000366210938,134.25999450683594,131.44000244140625,133.8800048828125,71379600,129.33899841308593,131.39449882507324,139.83939895629882,48.76388980068784,-2.8337739448505204,-3.7759824743659918,0.9422085295154714,139.76045499756316,131.39449882507324,123.02854265258333,4.068716536978179,79821190.0,-0.0005993095195339082,-0.0005994891772679897,2.8199920654296875,1,134.75999450683594
2023-01-13,132.510986328125,134.75999450683594,134.9199981689453,131.66000366210938,132.02999877929688,57809700,129.85399780273437,130.97199821472168,139.52159896850586,51.141976398080644,-2.3280289032881,-3.4863917601504135,1.1583628568623134,137.57648627359467,130.97199821472168,124.36751015584869,4.010950677682304,78031790.0,0.010119112567793076,0.01006825713502946,3.2599945068359375,1,135.94000244140625
2023-01-17,133.67132568359375,135.94000244140625,137.2899932861328,134.1300048828125,134.8300018310547,63646600,130.4549987792969,130.943998336792,139.33979904174805,53.187263732252234,-1.8111279796106317,-3.151339004042457,1.3402110244318255,137.45864176516187,130.943998336792,124.42935490842211,3.950167658085019,76693030.0,0.008756366745847899,0.008718252102151425,3.1599884033203125,1,135.2100067138672
2023-01-18,132.95350646972656,135.2100067138672,138.61000061035156,135.02999877929688,136.82000732421875,69672800,131.46899948120117,130.97899894714357,139.26639907836915,51.74415256706105,-1.4437422657683214,-2.80981965638763,1.3660773906193087,137.57689092758736,130.97899894714357,124.38110696669979,3.9237272418685665,72448560.0,-0.005369984658148752,-0.005384454852158148,3.5800018310546875,1,135.27000427246094
2023-01-19,133.01251220703125,135.27000427246094,136.25,133.77000427246094,134.0800018310547,58280400,132.3599998474121,131.12399940490724,139.20419906616212,51.859763339564076,-1.1346654224340398,-2.4747888095969124,1.3401233871628726,137.96093214744334,131.12399940490724,124.28706666237113,3.8206035622736016,69365240.0,0.00044373608175840573,0.0004436376600177206,2.4799957275390625,1,137.8699951171875
2023-01-20,135.56912231445312,137.8699951171875,138.02000427246094,134.22000122070312,135.27999877929688,80223600,133.6449996948242,131.40249900817872,139.18319900512697,56.70092814068026,-0.6721738632915617,-2.1142658203358424,1.4420919570442807,138.83610485759067,131.40249900817872,123.96889315876678,3.8191320972367597,69291330.0,0.01922074933545259,0.019038364081683426,3.8000030517578125,1,141.11000061035156
2023-01-23,138.75502014160156,141.11000061035156,143.32000732421875,137.89999389648438,138.1199951171875,81760300,134.79400024414062,131.68549919128418,139.215399017334,61.84964323669894,-0.04370084897266224,-1.7001528260632064,1.6564519770905441,140.08245155902654,131.68549919128418,123.28854682354184,3.9356235336506518,68691890.0,0.02350043960188808,0.023228555627554673,5.420013427734375,1,142.52999877929688
2023-01-24,140.15133666992188,142.52999877929688,143.16000366210938,140.3000030517578,140.30999755859375,66435100,136.03200073242186,132.20049934387208,139.36859909057617,63.877002766282345,0.5624667608964558,-1.247628908671274,1.8100956695677297,141.83944365353344,132.20049934387208,122.56155503421074,3.858793324843574,68256320.0,0.010063058343160014,0.010012762907375555,2.8600006103515625,1,141.86000061035156
2023-01-25,139.4925079345703,141.86000061035156,142.42999267578125,138.80999755859375,140.88999938964844,65799300,137.14500122070314,132.70049934387208,139.26839920043946,62.19751924444474,0.977527378958996,-0.80259765114522,1.780125030104216,143.2146446952865,132.70049934387208,122.18635399245767,3.8488796031192565,68446630.0,-0.00470075194473818,-0.004711835225971918,3.6199951171875,1,143.9600067138672
2023-01-26,141.5574493408203,143.9600067138672,144.25,141.89999389648438,143.1699981689453,54105100,138.19200134277344,133.3969997406006,139.15359939575194,65.27897136883699,1.45909926314647,-0.35025826828688195,1.809357531433352,144.90941859373527,133.3969997406006,121.88458088746592,3.7446738735856266,66911250.0,0.014803370185255682,0.014694869771428311,2.350006103515625,1,145.92999267578125
2023-01-27,143.49456787109375,145.92999267578125,147.22999572753906,143.0800018310547,143.16000366210938,70555800,139.44400024414062,134.3914993286133,139.10659927368164,67.92069472459241,1.976921137883096,0.11517761294711365,1.8617435249359824,146.60500685790274,134.3914993286133,122.17799179932385,3.7736253037926804,66828870.0,0.013684258613779976,0.0135914746418463,4.149993896484375,1,143.0
2023-01-30,140.61346435546875,143.0,145.5500030517578,142.85000610351562,144.9600067138672,64015300,140.26800079345702,135.0609992980957,138.965799407959,60.54260483457486,2.1263614116129474,0.5174143726802805,1.608947038932667,147.6159009741251,135.0609992980957,122.50609762206632,3.7240796801121765,67449430.0,-0.020078070464177533,-0.0202823742298003,2.6999969482421875,1,144.2899932861328
2023-01-31,141.88194274902344,144.2899932861328,144.33999633789062,142.27999877929688,142.6999969482422,65874500,141.10299987792968,135.77899932861328,138.875799407959,62.47530545903307,2.322117655604302,0.8783550292650848,1.4437626263392171,148.7147204192239,135.77899932861328,122.84327823800267,3.605216671432289,67672220.0,0.009020932070858745,0.008980486518885233,2.05999755859375,1,145.42999267578125
2023-02-01,143.00294494628906,145.42999267578125,146.61000061035156,141.32000732421875,143.97000122070312,77663600,142.1249984741211,136.79699897766113,138.76999923706055,64.1466565502113,2.539965175220715,1.210677058456211,1.3292881167645039,149.40173566187377,136.79699897766113,124.19226229344848,3.7255578581966122,68471300.0,0.007900751560697472,0.007869704048322388,5.2899932861328125,1,150.82000732421875
2023-02-02,148.302978515625,150.82000732421875,151.17999267578125,148.1699981689453,148.89999389648438,118339000,143.67999877929688,138.0199993133545,138.76059951782227,70.77462740820033,3.1116706377560206,1.590875774316173,1.5207948634398476,151.07523708321486,138.0199993133545,124.96476154349415,3.8701608683254256,74477160.0,0.03706260688917107,0.036392300510034066,3.0099945068359375,1,154.5
2023-02-03,151.9215545654297,154.5,157.3800048828125,147.8300018310547,148.02999877929688,154357300,145.34299926757814,139.49399948120117,138.89039962768555,74.2716933701803,3.8176880581777937,2.036238231088497,1.7814498270892964,152.99461420384264,139.49399948120117,125.9933847585597,4.275863881427739,81890530.0,0.024399897209064214,0.024106975000651183,9.550003051757812,1,151.72999572753906
2023-02-06,149.1977996826172,151.72999572753906,153.10000610351562,150.77999877929688,152.57000732421875,69858300,146.40499877929688,140.59949951171876,138.9213996887207,67.7045045990587,4.106360191381157,2.4502626231470295,1.6560975682341272,154.30434555285578,140.59949951171876,126.89465347058173,4.236159405661695,80700330.0,-0.01792883024246561,-0.018091498958964447,2.32000732421875,1,154.64999389648438
2023-02-07,152.0690460205078,154.64999389648438,155.22999572753906,150.63999938964844,150.63999938964844,83322600,147.61699829101562,141.82449951171876,138.99299942016603,70.6505717588618,4.518666016440619,2.8639433018057474,1.6547227146348717,155.94771267239747,141.82449951171876,127.70128635104004,4.261433472249476,82389080.0,0.019244699473851767,0.0190618622856037,4.589996337890625,1,151.9199981689453
2023-02-08,149.38461303710938,151.9199981689453,154.5800018310547,151.1699981689453,153.8800048828125,64120100,148.622998046875,142.88399963378907,139.0691993713379,64.70739458599598,4.572425439387899,3.205639729322178,1.3667857100657215,156.69490850074905,142.88399963378907,129.0730907668291,4.205616490484447,82221160.0,-0.017652737376545935,-0.017810405213165126,3.410003662109375,1,150.8699951171875
2023-02-09,148.35214233398438,150.8699951171875,154.3300018310547,150.4199981689453,153.77999877929688,56007100,149.31399688720703,143.75299911499025,139.20219924926758,62.528703300620094,4.478676305780311,3.460247044613805,1.0184292611665064,157.27432903950253,143.75299911499025,130.23166919047796,4.184501288457656,82411360.0,-0.006911552556695955,-0.0069355479636618615,3.910003662109375,1,151.00999450683594
2023-02-10,148.7165069580078,151.00999450683594,151.33999633789062,149.22000122070312,149.4600067138672,57450700,149.8219970703125,144.63299865722655,139.3989991760254,62.70899103500452,4.365355126136279,3.6412686609183,0.7240864652179795,157.6278457739092,144.63299865722655,131.6381515405439,4.0370365619383595,81100850.0,0.0009279472007650558,0.0009275169239235722,2.1199951171875,1,153.85000610351562
2023-02-13,151.51341247558594,153.85000610351562,154.25999450683594,150.9199981689453,150.9499969482422,62199000,150.90699768066406,145.58749923706054,139.51539932250978,66.255855073812,4.453376721009164,3.8036902729364725,0.6496864480726914,158.34356325464063,145.58749923706054,132.83143521948045,3.9872479745063782,80919220.0,0.01880677902118011,0.01863211802837362,3.339996337890625,1,153.1999969482422
2023-02-14,150.87326049804688,153.1999969482422,153.77000427246094,150.86000061035156,152.1199951171875,61707600,151.797998046875,146.45049896240235,139.61319931030275,64.73815905134576,4.419736194964571,3.926899457342093,0.49283673762247826,158.80822045598504,146.45049896240235,134.09277746881966,3.9160163686962126,80502530.0,-0.004224953717818392,-0.004233904053509201,2.910003662109375,1,155.3300018310547
2023-02-15,152.97093200683594,155.3300018310547,155.5,152.8800048828125,153.11000061035156,65573800,152.78799896240236,147.4564987182617,139.76359939575195,67.37540970093204,4.512927212846705,4.044105008443015,0.4688222044036898,159.25329995922533,147.4564987182617,135.6596974772981,3.823443422159876,79293550.0,0.013903426404976438,0.0138076604015739,2.6199951171875,1,153.7100067138672
2023-02-16,151.37550354003906,153.7100067138672,156.3300018310547,153.35000610351562,153.50999450683594,68167900,153.07699890136718,148.37849884033204,139.90519943237305,63.486350298034516,4.405280368929169,4.116340080540246,0.2889402883889236,159.05011191864034,148.37849884033204,137.70688576202375,3.7631971582583894,74276440.0,-0.010429376798369527,-0.010484143872342174,2.9799957275390625,1,152.5500030517578
2023-02-17,150.23313903808594,152.5500030517578,153.0,150.85000610351562,152.35000610351562,59144100,152.88199920654296,149.11249923706055,140.09799942016602,60.78089366369022,4.178203143595539,4.1287126931513045,0.04949045044423439,158.76251782465133,149.11249923706055,139.46248064946977,3.6986831191221876,64755120.0,-0.007546702305912589,-0.007575322747986234,2.149993896484375,1,148.47999572753906
2023-02-21,146.22496032714844,148.47999572753906,151.3000030517578,148.41000366210938,150.1999969482422,58867200,152.55699920654297,149.48099899291992,140.24879928588868,52.35127392230242,3.6280058369879953,4.028571321918642,-0.40056548493064703,158.41697715674664,149.48099899291992,140.5450208290932,3.730205709874063,63656010.0,-0.026679824600448265,-0.027042190904412126,2.8899993896484375,0,148.91000366210938
2023-02-22,146.64840698242188,148.91000366210938,149.9499969482422,147.16000366210938,148.8699951171875,51011300,151.98300018310547,149.79999923706055,140.37399948120117,53.091489981888884,3.1898974025233997,3.860836538039594,-0.6709391355161944,158.15742632085514,149.79999923706055,141.44257215326596,3.6630476796068305,60424880.0,0.0028960664530148783,0.0028918809316494888,2.7899932861328125,0,149.39999389648438
2023-02-23,147.13096618652344,149.39999389648438,150.33999633789062,147.24000549316406,150.08999633789062,48394200,151.7309997558594,150.1769989013672,140.51879928588866,53.969002328471966,2.8493854864967716,3.6585463277310297,-0.8091608412342581,157.70702929237243,150.1769989013672,142.64696851036197,3.6228293342582396,58852290.0,0.0032905125399556034,0.0032851106503145153,3.0999908447265625,0,146.7100067138672
2023-02-24,144.4818572998047,146.7100067138672,147.19000244140625,145.72000122070312,147.11000061035156,55469600,151.31500091552735,150.3144989013672,140.56319931030274,48.59452307306017,2.335545144711631,3.39394609112715,-1.058400946415519,157.47686871053034,150.3144989013672,143.15212909220404,3.626912430081312,58798540.0,-0.018005269695533066,-0.018169336930799952,1.470001220703125,0,147.9199981689453
2023-02-27,145.67347717285156,147.9199981689453,149.1699981689453,147.4499969482422,147.7100067138672,44998500,151.0060012817383,150.41399917602538,140.61219924926758,50.9602105667368,2.0028713161430574,3.1157311361303317,-1.1128598199872743,157.3826351865842,150.41399917602538,143.44536316546657,3.5435609318667987,57553320.0,0.008247504598905886,0.008213679785789116,1.720001220703125,0,147.41000366210938
2023-02-28,145.1711883544922,147.41000366210938,149.0800018310547,146.8300018310547,147.0500030517578,50547000,150.36200103759765,150.63449935913087,140.6961991882324,49.91748844912417,1.6787213608372156,2.828329181071709,-1.1496078202344933,156.89379065909145,150.63449935913087,144.3752080591703,3.451163722447742,56388120.0,-0.003447772533457294,-0.0034537297979819336,2.25,0,145.30999755859375
2023-03-01,143.1031036376953,145.30999755859375,147.22999572753906,145.00999450683594,146.8300018310547,55479000,149.5730010986328,150.6854995727539,140.8723991394043,45.76498117503095,1.2381051384700186,2.5102843725513706,-1.272179234081352,156.7507972499769,150.6854995727539,144.62020189553093,3.3760812533638633,55765260.0,-0.014246021649447993,-0.014348470370965045,2.220001220703125,0,145.91000366210938
2023-03-02,143.6940155029297,145.91000366210938,146.7100067138672,143.89999389648438,144.3800048828125,52238100,148.6310012817383,150.70950012207032,141.10039932250976,47.1185514649647,0.9266472729246402,2.193556952626025,-1.2669096797013846,156.69469297590115,150.70950012207032,144.7243072682395,3.335647793650931,54431690.0,0.0041291453691869595,0.004120643843103321,2.8100128173828125,0,151.02999877929688
2023-03-03,148.73622131347656,151.02999877929688,151.11000061035156,147.3300018310547,148.0399932861328,70732300,148.36300048828124,150.71999969482422,141.47359939575196,56.98423593383396,1.0805001537354144,1.9709455928479027,-0.8904454391124883,156.70666771994027,150.71999969482422,144.73333166970818,3.4688155904074494,54688130.0,0.035090089703815774,0.0344884661213861,3.779998779296875,1,153.8300018310547
2023-03-06,151.4936981201172,153.8300018310547,156.3000030517578,153.4600067138672,153.7899932861328,87558000,148.49100036621093,150.68649978637694,141.90419937133788,61.24268275015223,1.4120888348101346,1.8591742412403491,-0.44708540643021455,156.59517537939513,150.68649978637694,144.77782419335875,3.5974719248398412,57529520.0,0.01853938339660255,0.018369623975035526,2.839996337890625,1,151.60000610351562
2023-03-07,149.29757690429688,151.60000610351562,154.02999877929688,151.1300048828125,153.6999969482422,56182000,148.8030014038086,150.68000030517578,142.22719955444336,56.449602666449344,1.4778969589845588,1.7829187847891912,-0.30502182580463244,156.58435465539492,150.68000030517578,144.77564595495664,3.5476520656715933,57261000.0,-0.014496494188358522,-0.014602595001837332,2.899993896484375,1,152.8699951171875
2023-03-08,150.5482940673828,152.8699951171875,153.47000122070312,151.8300018310547,152.80999755859375,47204800,149.1990005493164,150.59100036621095,142.63999954223632,58.444276729128376,1.6139235649527564,1.7491197408219044,-0.135196175869148,156.303859717598,150.59100036621095,144.8781410148239,3.4278194264941577,56880350.0,0.00837723590066819,0.008342341603068149,1.6399993896484375,1,150.58999633789062
2023-03-09,148.3029327392578,150.58999633789062,154.5399932861328,150.22999572753906,153.55999755859375,53833600,149.31800079345703,150.5245002746582,143.0145994567871,53.689918543166215,1.5202245807964516,1.703340708816814,-0.18311612802036237,156.20480185905532,150.5245002746582,144.8441986902611,3.490832150215557,57424290.0,-0.014914625839747453,-0.015026967291677991,4.30999755859375,1,148.5
2023-03-10,146.24461364746094,148.5,150.94000244140625,147.61000061035156,150.2100067138672,68572400,149.49700012207032,150.40600051879883,143.38399948120116,49.69882740327098,1.2627658445368866,1.6152257359608284,-0.35245989142394185,156.1510422293807,150.40600051879883,144.66095880821698,3.4793442702754946,58734570.0,-0.0138787196275717,-0.013975929537563428,3.3300018310546875,0,150.47000122070312
2023-03-13,148.1847381591797,150.47000122070312,153.13999938964844,147.6999969482422,147.80999755859375,84457100,149.7520004272461,150.37900085449218,143.87259948730468,53.22813296253431,1.2038137600074208,1.532943340770147,-0.32912958076272614,156.11750639158862,150.37900085449218,144.64049531739573,3.61939128249912,62680430.0,0.013266001486216261,0.013178778640633647,5.44000244140625,1,152.58999633789062
2023-03-14,150.27252197265625,152.58999633789062,153.39999389648438,150.10000610351562,151.27999877929688,73695900,150.2699996948242,150.31600036621094,144.33219940185546,56.74533377543432,1.3130239736701697,1.4889594673501516,-0.17593549367998196,155.92694451768529,150.31600036621094,144.7050562147366,3.596576747532665,64995320.0,0.01408915464869298,0.013990825020587742,3.29998779296875,1,152.99000549316406
2023-03-15,150.6664276123047,152.99000549316406,153.25,149.9199981689453,151.19000244140625,77167900,151.03800048828126,150.30550079345704,144.79339965820313,57.39633111434756,1.4155338574599625,1.4742743453721139,-0.05874048791215136,155.89556579608563,150.30550079345704,144.71543579082845,3.577535682069952,67164210.0,0.0026214638237991306,0.002618033780690968,3.3300018310546875,1,155.85000610351562
2023-03-16,153.48300170898438,155.85000610351562,156.4600067138672,151.63999938964844,152.16000366210938,76161100,152.03200073242186,150.33150100708008,145.40899978637697,61.82073430870939,1.7078646258423191,1.5209924014661549,0.18687222437616424,156.01879459722193,150.33150100708008,144.64420741693823,3.666283656509152,69556510.0,0.018694035607962345,0.018521449691435207,4.82000732421875,1,155.0
2023-03-17,152.64593505859375,155.0,156.74000549316406,154.27999877929688,156.0800018310547,98944600,152.4290008544922,150.39600067138673,145.98179977416993,59.831977607892895,1.84962910419938,1.5867197420128,0.2629093621865799,156.261559805937,150.39600067138673,144.53044153683646,3.5801210177490117,72377740.0,-0.00545400109224925,-0.00546892845685537,2.4600067138671875,1,157.39999389648438
2023-03-20,155.00946044921875,157.39999389648438,157.82000732421875,154.14999389648438,155.07000732421875,73641400,152.78600006103517,150.63850021362305,146.62939971923828,63.41104802523056,2.131072250162248,1.6955902436426897,0.43548200651955815,157.1999633749522,150.63850021362305,144.0770370522939,3.5865419041765376,70986080.0,0.015483831590221708,0.015365180286954876,3.670013427734375,1,159.27999877929688
2023-03-21,156.86094665527344,159.27999877929688,159.39999389648438,156.5399932861328,157.32000732421875,73938300,153.5539993286133,151.17850036621093,147.22259979248048,65.9690309002712,2.477262315284463,1.8519246579710444,0.6253376573134186,158.65443972706169,151.17850036621093,143.70256100536017,3.5346460974747536,72761710.0,0.011944122971497162,0.011873354885857336,2.8600006103515625,1,157.8300018310547
2023-03-22,155.43295288085938,157.8300018310547,162.13999938964844,157.80999755859375,159.3000030517578,75701800,154.05,151.6245002746582,147.77619995117186,62.348545634714064,2.6045936659872666,2.002458459574289,0.6021352064129775,159.55628976643342,151.6245002746582,143.69271078288298,3.5914572213018916,75611410.0,-0.009103446505241086,-0.009145136079797108,4.3300018310546875,1,158.92999267578125
2023-03-23,156.51626586914062,158.92999267578125,161.5500030517578,157.67999267578125,158.8300018310547,67622100,154.88399963378907,152.10100021362305,148.34019989013672,63.964267848832584,2.7624212740546454,2.1544510224703606,0.6079702515842849,160.56796152768172,152.10100021362305,143.6340388995644,3.611353875207225,76990260.0,0.006969466083539766,0.006945291611907683,3.8700103759765625,1,160.25
2023-03-24,157.81619262695312,160.25,160.33999633789062,157.85000610351562,158.86000061035156,59196500,156.05899963378906,152.7779998779297,148.87539978027343,65.85769967024223,2.9598945281869646,2.315539723613681,0.6443548045732834,161.57145181858817,152.7779998779297,143.9845479372712,3.531256472290638,76052670.0,0.008305589788276002,0.008271288176609921,2.489990234375,1,158.27999877929688
2023-03-27,155.8760986328125,158.27999877929688,160.77000427246094,157.8699951171875,159.94000244140625,52390300,156.83999938964843,153.29599990844727,149.3727996826172,60.72921756053707,2.9237279543805528,2.4371773697670553,0.4865505846134974,162.10428368949303,153.29599990844727,144.4877161274015,3.486167378217981,72845990.0,-0.012293299349161457,-0.012369486995857677,2.9000091552734375,1,157.64999389648438
2023-03-28,155.25564575195312,157.64999389648438,158.49000549316406,155.97999572753906,157.97000122070312,45992200,157.34599914550782,153.80799942016603,149.83059967041015,59.14305339773901,2.8118166827764526,2.512105232368935,0.2997114504075178,162.3753649157325,153.80799942016603,145.24063392459956,3.4164418344613394,70075620.0,-0.003980318976947728,-0.003988261529460803,2.510009765625,1,160.77000427246094
2023-03-29,158.3282928466797,160.77000427246094,161.0500030517578,159.35000610351562,159.3699951171875,51305700,158.1239990234375,154.58099975585938,150.32719970703124,64.13851397298718,2.940983133218367,2.597880812538821,0.34310232067954605,162.72104451270872,154.58099975585938,146.44095499901005,3.4152680716622035,67489400.0,0.019790742129842442,0.019597451474395997,1.6999969482421875,1,162.36000061035156
2023-03-30,159.8941650390625,162.36000061035156,162.47000122070312,161.27000427246094,161.52999877929688,49501700,158.7749984741211,155.40349960327148,150.87019958496094,66.39356728213716,3.1355037565790553,2.7054054013468685,0.43009835523218687,163.1893612033006,155.40349960327148,147.61763800324238,3.2927487057036307,64823460.0,0.009889881791605992,0.009841296980088399,1.1999969482421875,1,164.89999389648438
2023-03-31,162.3955535888672,164.89999389648438,165.0,161.91000366210938,162.44000244140625,68749800,159.76499786376954,156.09699935913085,151.4627993774414,69.67422940492428,3.454794264868468,2.8552831740511886,0.5995110908172796,164.63556200690948,156.09699935913085,147.55843671135221,3.2782663937169874,61803980.0,0.015644205941022005,0.015523096822170946,3.089996337890625,1,166.1699981689453
2023-04-03,163.64627075195312,166.1699981689453,166.2899932861328,164.22000122070312,164.27000427246094,56976200,160.64199829101562,156.7139991760254,152.02879943847657,71.18869468312342,3.7668906533272093,3.0376046699063926,0.7292859834208167,166.23500240257096,156.7139991760254,147.19299594947984,3.1919610845536086,60137460.0,0.00770166355044366,0.007672157141840555,2.0699920654296875,1,165.6300048828125
2023-04-04,163.11447143554688,165.6300048828125,166.83999633789062,165.11000061035156,166.60000610351562,46278300,161.2769989013672,157.41549911499024,152.51919952392578,69.59719314786055,3.9254066994842844,3.215165075821971,0.7102416236623132,167.38292307035474,157.41549911499024,147.44807515962574,3.087534987623998,57371460.0,-0.003249643690696802,-0.003254935249652321,1.7299957275390625,1,163.75999450683594
2023-04-05,161.27285766601562,163.75999450683594,165.0500030517578,161.8000030517578,164.74000549316406,51511700,161.8699981689453,157.95999908447266,152.94379943847656,64.24108612163391,3.8556915865723624,3.3432703779720496,0.5124212086003128,168.06355402694356,157.95999908447266,147.85644414200175,3.1405683335833325,54952450.0,-0.011290287513422759,-0.0113545066352627,3.25,1,164.66000366210938
2023-04-06,162.15919494628906,164.66000366210938,164.9600067138672,162.0,162.42999267578125,45390100,162.44299926757813,158.6634994506836,153.39979949951172,65.61273438896276,3.8289275807335628,3.4404018185243523,0.3885257622092104,168.57393816880474,158.6634994506836,148.75306073256243,3.1276710750321794,52729250.0,0.005495903672834368,0.005480856301668929,2.9600067138671875,1,162.02999877929688
2023-04-10,159.5691375732422,162.02999877929688,162.02999877929688,160.0800018310547,161.4199981689453,47716900,162.62099914550782,159.33999938964843,153.76119934082033,58.54554682725731,3.5545231686328407,3.46322608854605,0.0912970800867905,168.17139261184482,159.33999938964843,150.50860616745203,3.231408986176644,51581290.0,-0.01597233586979263,-0.016101268371610637,1.9499969482421875,1,160.8000030517578
2023-04-11,158.35781860351562,160.8000030517578,162.36000061035156,160.50999450683594,162.35000610351562,47644200,162.8729995727539,159.85649948120118,154.05859954833986,55.532950381975766,3.200907253039304,3.410762321444701,-0.20985506840539703,167.70617243630028,159.85649948120118,152.0068265261021,3.132737351700857,51106680.0,-0.007591160506113748,-0.007620120015640883,1.850006103515625,1,160.10000610351562
2023-04-12,157.66847229003906,160.10000610351562,162.05999755859375,159.77999877929688,161.22000122070312,50133100,163.11800079345704,160.23199996948242,154.40059967041014,53.835136280173614,2.831539958591577,3.2949178488740767,-0.46337789028249965,167.33867349117233,160.23199996948242,153.1253264477925,3.071827453672001,51520770.0,-0.004353214769634461,-0.004362717597645155,2.279998779296875,0,165.55999755859375
2023-04-13,163.04556274414062,165.55999755859375,165.8000030517578,161.4199981689453,161.6300048828125,68445600,163.5970001220703,160.8604995727539,154.82599975585939,63.26836127176405,2.9454362404568144,3.2250215271906244,-0.27958528673381,167.50225961069162,160.8604995727539,154.21873953481617,3.2595538461413005,53234760.0,0.03410363052421039,0.0335349940083643,4.3800048828125,1,165.2100067138672
2023-04-14,162.7008514404297,165.2100067138672,166.32000732421875,163.82000732421875,164.58999633789062,49386500,163.8820007324219,161.3284996032715,155.22160003662108,62.388323415992524,2.973185496578651,3.17465432106823,-0.20146882448957903,167.80920279045344,161.3284996032715,154.84779641608955,3.2052999999883505,53223240.0,-0.0021139819394035975,-0.0021162195532967317,2.5,1,165.22999572753906
2023-04-17,162.72056579589844,165.22999572753906,165.38999938964844,164.02999877929688,165.08999633789062,41516200,163.91500091552734,161.83999938964843,155.5097998046875,62.42047374589339,2.9626384761513407,3.1322511520848524,-0.1696126759335117,167.83894418271885,161.83999938964843,155.841054596578,3.07349290072858,50499880.0,0.0001209915432451858,0.00012098422435876032,1.3600006103515625,1,166.47000122070312
2023-04-18,163.94171142578125,166.47000122070312,167.41000366210938,165.64999389648438,166.10000610351562,49923000,163.94500122070312,162.2934997558594,155.74919982910157,64.45055089650197,3.019530696340695,3.1097070609360213,-0.09017636459532641,168.25247130613042,162.2934997558594,156.33452820558836,3.0096725460029896,49794560.0,0.0075047238711354325,0.007476703533550668,1.760009765625,1,167.6300048828125
2023-04-19,165.0841064453125,167.6300048828125,168.16000366210938,165.5399932861328,165.8000030517578,47720200,164.14500122070314,162.71100006103515,156.06720001220702,66.28539733222559,3.122229671570807,3.1122115830629786,0.01001808850782826,168.9312521205984,162.71100006103515,156.4907480014719,2.981839533858245,49938750.0,0.006968244450070493,0.006944078432907277,2.6200103759765625,1,166.64999389648438
2023-04-20,164.1189727783203,166.64999389648438,167.8699951171875,165.55999755859375,166.08999633789062,52456400,164.43400115966796,163.15199966430663,156.30720001220703,63.312286408720034,3.088933352154328,3.1075559368812486,-0.0186225847269208,169.17295630151003,163.15199966430663,157.13104302710323,2.9338508213393526,50033220.0,-0.0058462742813449875,-0.005863430642706429,2.30999755859375,1,165.02000427246094
2023-04-21,162.51373291015625,165.02000427246094,166.4499969482422,164.49000549316406,165.0500030517578,58337300,164.47000122070312,163.4565002441406,156.56920013427734,58.60403799482393,2.897617310214713,3.0655682115479417,-0.16795090133322876,169.20226877894873,163.4565002441406,157.7107317093325,2.8785749343379927,51327940.0,-0.00978091619394783,-0.009829063562230548,1.959991455078125,1,165.3300018310547
2023-04-24,162.8190460205078,165.3300018310547,165.60000610351562,163.88999938964844,165.0,41949600,164.8000015258789,163.71050033569335,156.85840026855467,59.22508229668358,2.7394336944493887,3.0003413081282315,-0.26090761367884285,169.31420132215345,163.71050033569335,158.10679934923326,2.795105775732935,50751210.0,0.001878545331279513,0.00187678307164327,1.7100067138671875,1,163.77000427246094
2023-04-25,161.28271484375,163.77000427246094,166.30999755859375,163.72999572753906,165.19000244140625,48714100,165.0970016479492,163.98500061035156,157.1136004638672,54.771878540482014,2.4598377948656776,2.892240605475721,-0.43240281061004326,169.0052298735821,163.98500061035156,158.96477134712103,2.7797412082559174,50858200.0,-0.0094356592349637,-0.00948045708845073,2.5800018310546875,0,163.75999450683594
2023-04-26,161.27285766601562,163.75999450683594,165.27999877929688,162.8000030517578,163.05999755859375,45498800,165.46300048828124,164.29050064086914,157.3118002319336,54.7434350027366,2.211950339018159,2.7561825521842085,-0.5442322131660493,168.39087188225514,164.29050064086914,160.19012939948314,2.758330816776142,50394770.0,-6.112087295517821e-05,-6.11227409118481e-05,2.4799957275390625,0,168.41000366210938
2023-04-27,165.85226440429688,168.41000366210938,168.55999755859375,165.19000244140625,165.19000244140625,64902300,165.7480010986328,164.67250061035156,157.61600036621093,64.07641318837278,2.3634700103386876,2.6776400438151047,-0.31417003347641703,168.81310811443257,164.67250061035156,160.53189310627056,2.904164547846261,50040440.0,0.02839526936524983,0.02799959640412221,3.3699951171875,1,169.67999267578125
2023-04-28,167.1029510498047,169.67999267578125,169.85000610351562,167.8800048828125,168.49000549316406,55275900,166.19499969482422,165.03850021362305,157.90300018310546,66.13076531459728,2.556557537274898,2.6534235425070634,-0.09686600523216526,169.5721821358072,165.03850021362305,160.5048182914389,2.8374385959074653,50629380.0,0.007541054486406518,0.0075127628783707495,1.970001220703125,1,169.58999633789062
2023-05-01,167.01429748535156,169.58999633789062,170.4499969482422,168.63999938964844,169.27999877929688,52472900,166.63099975585936,165.27300033569335,158.22059997558594,65.84341142874894,2.6715231848458814,2.657043470974827,0.0144797138710544,170.2200901000297,165.27300033569335,160.325910571357,2.7640499503850573,51725050.0,-0.0005303886243240852,-0.0005305293301251952,1.80999755859375,1,168.5399932861328
2023-05-02,165.98028564453125,168.5399932861328,170.35000610351562,167.5399932861328,170.08999633789062,48425700,166.83799896240234,165.39150009155273,158.54039978027345,62.43470204413925,2.6473903497844162,2.6551128467367446,-0.007722496952328406,170.52874214667514,165.39150009155273,160.25425803643031,2.7673330123134683,51575320.0,-0.006191420923589042,-0.006210667252655721,2.8100128173828125,1,167.4499969482422
2023-05-03,164.9068145751953,167.4499969482422,170.9199981689453,167.16000366210938,169.5,65136000,166.81999816894532,165.4824996948242,158.9197998046875,59.01893546592415,2.511361892513804,2.6263626558921565,-0.1150007633783523,170.69730910423172,165.4824996948242,160.2676902854167,2.8382374047793593,53316900.0,-0.006467285993302041,-0.006488289493430346,3.7599945068359375,1,165.7899932861328
2023-05-04,163.27207946777344,165.7899932861328,167.0399932861328,164.30999755859375,164.88999938964844,81235400,166.73399810791017,165.58399963378906,159.25739959716796,54.15929813476672,2.2437454370763703,2.549839212128999,-0.3060937750526289,170.73943694435886,165.58399963378906,160.42856232321927,2.859791832270008,56194800.0,-0.009913429037699317,-0.00996289426016366,2.7299957275390625,1,173.57000732421875
2023-05-05,170.93389892578125,173.57000732421875,174.3000030517578,170.75999450683594,170.97999572753906,113453200,167.58899841308593,166.02949981689454,159.74079986572266,67.61732140854915,2.629132576884956,2.5656978850801906,0.06343469180476546,172.22378446209848,166.02949981689454,159.8352151716906,3.2633788275096505,61706390.0,0.04692692172716728,0.045859131675121956,3.540008544921875,1,173.5
2023-05-08,170.8649444580078,173.5,173.85000610351562,172.11000061035156,172.47999572753906,55962800,168.40599822998047,166.60299987792968,160.27659973144532,67.42549784280257,2.8955278135279627,2.6316638707697453,0.26386394275821745,173.31239820214506,166.60299987792968,159.8936015537143,3.154566446484966,63107710.0,-0.0004033376808469935,-0.00040341904336783815,1.7400054931640625,1,171.77000427246094
2023-05-09,169.16123962402344,171.77000427246094,173.5399932861328,171.60000610351562,173.0500030517578,45326900,169.20599822998048,167.15149993896483,160.75359985351562,62.692403587491754,2.933239205128018,2.6919789376414,0.24126026748661822,173.66435254399656,167.15149993896483,160.6386473339331,3.0678107847801246,62768990.0,-0.009971156931060876,-0.010021201864830388,1.9399871826171875,1,173.55999755859375
2023-05-10,170.92404174804688,173.55999755859375,174.02999877929688,171.89999389648438,173.02000427246094,53724500,170.18599853515624,167.82449951171876,161.27659973144532,65.3988681881361,3.0721494270118512,2.7680130355154904,0.30413639149636085,174.0594486407045,167.82449951171876,161.58955038273302,3.010109622069826,63591560.0,0.010420872338650744,0.01036694934142512,2.1300048828125,1,173.75
2023-05-11,171.11114501953125,173.75,174.58999633789062,172.1699981689453,173.85000610351562,49514700,170.71999816894532,168.23399963378907,161.84539978027342,65.68344611597735,3.1611288619673132,2.8466362008058548,0.31449266116145846,174.88234879950824,168.23399963378907,161.5856504680699,2.9679588039895033,62052800.0,0.0010947363682816125,0.0010941375813929384,2.4199981689453125,1,172.57000732421875
2023-05-12,170.18414306640625,172.57000732421875,174.05999755859375,171.0,173.6199951171875,45533100,171.00899963378907,168.60199966430665,162.37859985351562,62.25879427039387,3.100687364084166,2.8974464334615173,0.2032409306226488,175.35404649780972,168.60199966430665,161.84995283080357,2.9745330007469493,61078520.0,-0.006791324752697836,-0.006814490743398574,3.05999755859375,1,172.07000732421875
2023-05-15,169.6910400390625,172.07000732421875,173.2100067138672,171.47000122070312,173.16000366210938,37266700,171.2570007324219,168.94400024414062,162.79940002441407,60.81194019230667,2.9781114057531113,2.9135794279198364,0.06453197783327491,175.671080752899,168.94400024414062,162.21691973538225,2.886352464491029,59557900.0,-0.002897374855299284,-0.002901580371093546,1.7400054931640625,1,172.07000732421875
2023-05-16,169.6910400390625,172.07000732421875,173.13999938964844,171.8000030517578,171.99000549316406,42110300,171.61000213623046,169.2240005493164,163.16420013427734,60.81194019230667,2.8481375192458245,2.900491046185034,-0.052353526939209694,175.98197815412297,169.2240005493164,162.46602294450983,2.775898455448143,58926360.0,0.0,0.0,1.339996337890625,1,172.69000244140625
2023-05-17,170.30250549316406,172.69000244140625,172.92999267578125,170.4199981689453,171.7100067138672,57951600,172.13400268554688,169.47700042724608,163.58600006103515,62.07926632406034,2.7633070190030082,2.873054240748629,-0.10974722174562057,176.35513207329387,169.47700042724608,162.5988687811983,2.7569053162615567,58207920.0,0.0036031562201266354,0.0035966804036770515,2.5099945068359375,1,175.0500030517578
2023-05-18,172.62986755371094,175.0500030517578,175.24000549316406,172.5800018310547,173.0,65496700,173.06000366210938,169.89700088500976,164.02960021972658,66.5179590405744,2.853615855034491,2.869166563605801,-0.015550708571310246,177.0535623406143,169.89700088500976,162.74043942940523,2.7499837695364007,56634050.0,0.013666110237923634,0.013573571100223046,2.660003662109375,1,175.16000366210938
2023-05-19,172.73838806152344,175.16000366210938,176.38999938964844,174.94000244140625,176.38999938964844,55809500,173.21900329589843,170.40400085449218,164.52100036621093,66.71353420248926,2.9006257797591672,2.8754584068364744,0.025167372922692888,177.54339833930914,170.40400085449218,163.26460336967523,2.6571275680153854,50869680.0,0.0006283953638037687,0.0006281980061119212,1.4499969482421875,1,174.1999969482422
2023-05-22,171.79161071777344,174.1999969482422,174.7100067138672,173.4499969482422,173.97999572753906,43570900,173.28900299072265,170.84750061035157,165.03500030517577,63.241622759960606,2.8278196207619715,2.865930649621574,-0.03811102885960249,177.76971502217123,170.84750061035157,163.92528619853192,2.5894760784333712,49630490.0,-0.005480741572254533,-0.0054958159407207455,1.260009765625,1,171.55999755859375
2023-05-23,169.18812561035156,171.55999755859375,173.3800048828125,171.27999877929688,173.1300048828125,50747300,173.26800231933595,171.23700027465821,165.45680023193358,54.79623406695699,2.5279536517663814,2.7983352500505356,-0.2703815982841542,177.3520270045182,171.23700027465821,165.12197354479824,2.6130847991842243,50172530.0,-0.015154991021227304,-0.015271001481647386,2.100006103515625,1,171.83999633789062
2023-05-24,169.46426391601562,171.83999633789062,172.4199981689453,170.52000427246094,171.08999633789062,45143500,173.09600219726562,171.64100036621093,165.8418002319336,55.475365751414536,2.2865434231038932,2.6959768846612073,-0.4094334615573141,176.70383409951162,171.64100036621093,166.57816663291024,2.5621497347056637,49314430.0,0.00163207497832496,0.001630744591288417,1.899993896484375,1,172.99000549316406
2023-05-25,170.59835815429688,172.99000549316406,173.89999389648438,171.69000244140625,172.41000366210938,56058300,173.02000274658204,171.87000045776367,166.24180023193358,58.2497601155417,2.163085502229393,2.589398608174845,-0.4263131059454519,176.73812291610918,171.87000045776367,167.00187799941816,2.536995571875125,49968790.0,0.0066923253013353445,0.006670031103772704,2.209991455078125,1,175.42999267578125
2023-05-26,173.0045928955078,175.42999267578125,175.77000427246094,173.11000061035156,173.32000732421875,54835000,173.30600128173828,172.15750045776366,166.6333999633789,63.45317460409395,2.2363515160866427,2.5187891897572046,-0.28243767367056183,177.15184459597512,172.15750045776366,167.1631563195522,2.554352943833822,50898980.0,0.014104787011603337,0.014006240077885338,2.660003662109375,1,177.3000030517578
2023-05-30,174.84877014160156,177.3000030517578,178.99000549316406,176.57000732421875,176.9600067138672,55964400,173.8290008544922,172.54300079345703,167.07940002441407,66.86194404864573,2.4174427932198057,2.498519910449725,-0.08107711722991917,177.8646248350764,172.54300079345703,167.22137675183765,2.626185791944464,52768750.0,0.010659581907596527,0.010603169101558126,2.4199981689453125,1,177.25
2023-05-31,174.79945373535156,177.25,179.35000610351562,176.75999450683594,177.3300018310547,99625300,174.3470001220703,172.9785011291504,167.47640014648437,66.68284253661962,2.527785370397936,2.504373002439367,0.023412367958568936,178.34388972235814,172.9785011291504,167.61311253594266,2.623601920854123,58520250.0,-0.0002820251037627397,-0.00028206488032115034,2.5900115966796875,1,180.08999633789062
2023-06-01,177.60018920898438,180.08999633789062,180.1199951171875,176.92999267578125,177.6999969482422,68901800,175.08699951171874,173.61050109863282,167.89260009765624,71.37313565965727,2.8119818510342043,2.5658947721583347,0.24608707887586956,179.19543619543933,173.61050109863282,168.02556600182632,2.6640591008935606,59615270.0,0.016022546335066945,0.015895540184739647,3.19000244140625,1,180.9499969482422
2023-06-02,178.44827270507812,180.9499969482422,181.77999877929688,179.25999450683594,181.02999877929688,61996900,175.6769989013672,174.36850128173828,168.355,72.62967934470063,3.071201571434983,2.6669561320136643,0.40424543942131885,179.60632662260238,174.36850128173828,169.13067594087417,2.6537694702912304,59265290.0,0.004775393568990927,0.004764027547575428,2.5200042724609375,1,179.5800018310547
2023-06-05,177.09725952148438,179.5800018310547,184.9499969482422,178.0399932861328,182.6300048828125,121946500,176.1189987182617,174.66900100708008,168.76800018310547,67.54349295720326,3.130007137085215,2.7595663330279745,0.37044080405724067,180.35917174588408,174.66900100708008,168.97883026827608,2.957786198278241,65878990.0,-0.0075711253953729685,-0.007599931855572029,6.910003662109375,1,179.2100067138672
2023-06-06,176.73236083984375,179.2100067138672,180.1199951171875,177.42999267578125,179.97000122070312,64848400,176.61999969482423,174.95450134277343,169.1472003173828,66.1952546622567,3.110894996698363,2.8298320657620524,0.28106293093631063,180.94639880225316,174.95450134277343,168.9626038832937,2.938658787073099,68006740.0,-0.002060335858196427,-0.002062461269997269,2.69000244140625,1,177.82000732421875
2023-06-07,175.36155700683594,177.82000732421875,181.2100067138672,177.32000732421875,178.44000244140625,61944600,177.24600067138672,175.25700149536132,169.53800048828126,61.24890544573783,2.949586160506527,2.8537828847109474,0.09580327579557979,181.18581506836475,175.25700149536132,169.3281879223579,3.0066116872570516,69126470.0,-0.007756259904993845,-0.007786496137042584,3.8899993896484375,1,180.57000732421875
2023-06-08,178.0735626220703,180.57000732421875,180.83999633789062,177.4600067138672,177.89999389648438,50214900,178.11900177001954,175.60750198364258,169.99640075683592,66.57101568968505,3.0089642955641693,2.884819166881592,0.12414512868257743,181.91060199312207,175.60750198364258,169.30440197416308,3.0332815398832222,69633610.0,0.01546507640721173,0.015346710907507015,3.3799896240234375,1,180.9600067138672
2023-06-09,178.45814514160156,180.9600067138672,182.22999572753906,180.6300048828125,181.5,48900000,178.91600189208984,175.96800231933594,170.40020080566407,67.257805113264,3.0523064974694307,2.9183166329991597,0.13398986447027106,182.61999648762313,175.96800231933594,169.31600815104875,2.9351891729858717,68917780.0,0.002159823746078704,0.002157494679750581,1.5999908447265625,1,183.7899932861328
2023-06-12,181.2490234375,183.7899932861328,183.88999938964844,180.97000122070312,181.27000427246094,54274900,179.752001953125,176.52900161743165,170.82880065917968,71.7873038200593,3.277233858032133,2.9901000780057547,0.28713378002637846,183.80344868264774,176.52900161743165,169.25455455221555,2.934817994614113,68861770.0,0.015638740424785524,0.015517715478083682,2.9199981689453125,1,183.30999755859375
2023-06-13,180.77566528320312,183.30999755859375,184.14999389648438,182.44000244140625,182.8000030517578,54929100,180.3530014038086,177.09100112915038,171.19700073242188,70.01805039506209,3.377821346213068,3.0676443316472173,0.3101770145658507,184.63249046941803,177.09100112915038,169.54951178888274,2.847330384647257,68758240.0,-0.002611653218746124,-0.002615069534464595,1.709991455078125,1,183.9499969482422
2023-06-14,181.40682983398438,183.9499969482422,184.38999938964844,182.02000427246094,183.3699951171875,57462900,181.02300109863282,177.68500061035155,171.55260070800782,71.0428184142155,3.4691895991335002,3.147953385144474,0.32123621398902635,185.41997371348063,177.68500061035155,169.95002750722247,2.8132350084001314,64542000.0,0.003491350161869189,0.003485269547817915,2.3699951171875,1,186.00999450683594
2023-06-15,183.4383544921875,186.00999450683594,186.52000427246094,183.77999877929688,183.9600067138672,65433200,181.61500091552733,178.35100021362305,171.96020050048827,74.1101899743761,3.6655697780429364,3.2514766637241665,0.41409311431876983,186.53187366048945,178.35100021362305,170.17012676675665,2.808004328740412,64195140.0,0.011198682211304156,0.011136441216671795,2.7400054931640625,1,184.9199981689453
2023-06-16,182.36338806152344,184.9199981689453,186.99000549316406,184.27000427246094,186.72999572753906,101256200,182.01200103759766,178.84449996948243,172.38340057373046,69.89150124521151,3.690704742792178,3.339322279537769,0.35138246325440914,187.3535276867005,178.84449996948243,170.33547225226437,2.8017183924520346,68121070.0,-0.005859880490725833,-0.005877116959156801,2.720001220703125,1,185.00999450683594
2023-06-20,182.45217895507812,185.00999450683594,186.10000610351562,184.41000366210938,184.41000366210938,49799100,182.55500030517578,179.33699951171874,172.790400390625,70.04312961947458,3.6755172607289524,3.406561275776006,0.26895598495294637,188.07318240049742,179.33699951171874,170.60081662294007,2.722310110234478,60906330.0,0.0004866771511018442,0.0004865587621870376,1.69000244140625,1,183.9600067138672
2023-06-21,181.41665649414062,183.9600067138672,185.41000366210938,182.58999633789062,184.89999389648438,49515700,183.03000030517578,179.825,173.2290005493164,65.87486564172535,3.5379722897505133,3.4328434785709074,0.10512881117960582,188.44851399434862,179.825,171.20148600565136,2.729288482661926,59373060.0,-0.0056753030870986265,-0.0056914688122718686,2.82000732421875,1,187.0
2023-06-22,184.41464233398438,187.0,187.0500030517578,183.6699981689453,183.74000549316406,51245300,183.9479995727539,180.5970001220703,173.75300048828126,71.21579640575044,3.632396950245237,3.472754172905774,0.1596427773394633,188.88042506502276,180.5970001220703,172.31357517911786,2.775768225529824,58303130.0,0.016525294494369236,0.016390237686521526,3.3800048828125,1,186.67999267578125
2023-06-23,184.0990753173828,186.67999267578125,187.55999755859375,185.00999450683594,185.5500030517578,53117000,184.55899810791016,181.33899993896483,174.28460021972657,69.97427850805931,3.639453898270716,3.506094117978763,0.13335978029195328,188.9859869599366,181.33899993896483,173.69201291799305,2.7596421416889663,58593340.0,-0.0017112691134693048,-0.0017127350070563138,2.5500030517578125,1,185.27000427246094
2023-06-26,182.7085723876953,185.27000427246094,188.0500030517578,185.22999572753906,186.8300018310547,48088700,184.98999786376953,181.9529998779297,174.6788003540039,64.62815812458035,3.4910298806666162,3.5030812705163337,-0.012051389849717431,188.7440118909881,181.9529998779297,175.1619878648713,2.7639539404410938,58512210.0,-0.007552970101992296,-0.0075816382248820756,2.82000732421875,1,188.05999755859375
2023-06-27,185.4600067138672,188.05999755859375,188.38999938964844,185.6699981689453,185.88999938964844,50730800,185.41699829101563,182.58450012207032,175.13580017089845,69.58063787465427,3.5575230078686673,3.5139696179868007,0.04355338988186652,189.1778174563546,182.58450012207032,175.99118278778604,2.789385453065837,58157800.0,0.015059066345298966,0.014946804244222203,2.720001220703125,1,189.25
2023-06-28,186.63352966308594,189.25,189.89999389648438,187.60000610351562,187.92999267578125,51216800,186.01099853515626,183.18199996948243,175.61620025634767,71.41876443500007,3.6640061597446447,3.5439769263383694,0.12002923340627536,189.91582541028865,183.18199996948243,176.44817452867622,2.7544284773446166,57786570.0,0.006327780797909854,0.00630784445068761,2.29998779296875,1,189.58999633789062
2023-06-29,186.96884155273438,189.58999633789062,190.07000732421875,188.94000244140625,189.0800018310547,46347300,186.5749984741211,183.79899978637695,176.07860015869142,71.94045974071213,3.7328002896245494,3.5817415989956056,0.15105869062894373,190.50693603644476,183.79899978637695,177.09106353630915,2.6383982205923227,56675010.0,0.0017965460390521049,0.0017949341804469375,1.1300048828125,1,193.97000122070312
2023-06-30,191.28826904296875,193.97000122070312,194.47999572753906,191.25999450683594,191.6300048828125,85213200,187.37099914550782,184.49300003051758,176.60540008544922,77.6102835345688,4.093561888704983,3.684105656937481,0.4094562317675017,192.30378591279208,184.49300003051758,176.68221414824308,2.7992268755249023,58653010.0,0.023102510509079632,0.022839687725452428,3.220001220703125,1,192.4600067138672
2023-07-03,189.79916381835938,192.4600067138672,193.8800048828125,191.75999450683594,193.77999877929688,31458200,188.125,185.06850051879883,177.12160034179686,72.1942995169332,4.209104185003838,3.7891053625507527,0.4199988224530853,193.4271868857463,185.06850051879883,176.70981415185136,2.75713972112078,51673210.0,-0.007784680606965799,-0.007815139410722646,2.1200103759765625,1,191.3300018310547
2023-07-05,188.6847686767578,191.3300018310547,192.97999572753906,190.6199951171875,191.57000732421875,46920300,188.7570007324219,185.65600051879883,177.64780029296875,68.35025943464647,4.161518937207262,3.863588077482055,0.29793085972520705,194.04072287249627,185.65600051879883,177.2712781651014,2.7287726417801217,51385330.0,-0.005871375056598072,-0.005888679345684716,2.3600006103515625,1,191.80999755859375
2023-07-06,189.15814208984375,191.80999755859375,192.02000427246094,189.1999969482422,189.83999633789062,45094300,189.54199981689453,186.28600006103517,178.17740020751953,69.10282697167125,4.115102588142378,3.91389097961412,0.2012116085282578,194.53100703145287,186.28600006103517,178.04099309061746,2.7352894048114527,50943190.0,0.002508732153585047,0.0025055905382930246,2.82000732421875,1,190.67999267578125
2023-07-07,188.0437774658203,190.67999267578125,192.6699981689453,190.24000549316406,191.41000366210938,46815000,189.90999908447264,186.9289993286133,178.71559997558595,65.17387686659109,3.9416979070478533,3.919452365100867,0.022245541946986247,194.4024975272839,186.9289993286133,179.45550112994266,2.7134824955950094,50500160.0,-0.0058912720775532446,-0.005908694079767804,2.42999267578125,1,188.61000061035156
2023-07-10,186.0023956298828,188.61000061035156,189.99000549316406,187.0399932861328,189.25999450683594,59922200,190.10299987792968,187.33099899291992,179.21260009765626,58.600955450292425,3.595792332229564,3.8547203585266065,-0.25892802629704237,194.23639960436682,187.33099899291992,180.425598381473,2.7796622737416827,51180680.0,-0.010855843008916843,-0.01091519762644529,2.95001220703125,1,188.0800018310547
2023-07-11,185.47975158691406,188.0800018310547,189.3000030517578,186.60000610351562,189.16000366210938,46638100,190.38399963378907,187.6869987487793,179.60600006103516,57.01544796358973,3.241526895693198,3.732081665959925,-0.4905547702667268,193.94574517488087,187.6869987487793,181.42825232267774,2.7739718933488615,51035620.0,-0.002810024800285138,-0.0028139803318065135,2.6999969482421875,1,189.77000427246094
2023-07-12,187.1463623046875,189.77000427246094,191.6999969482422,188.47000122070312,189.67999267578125,60750200,190.55500030517578,187.9859992980957,180.00780029296874,60.66961922089852,3.0618430373716023,3.598033940242261,-0.5361909028706586,194.0394903238948,187.9859992980957,181.9325082722966,2.83440212362305,52037560.0,0.008985550962107736,0.008945421112453576,3.2299957275390625,1,190.5399932861328
2023-07-13,187.9057159423828,190.5399932861328,191.19000244140625,189.77999877929688,190.5,41342300,190.68399963378906,188.34749908447264,180.42680023193358,62.24446837664487,2.947595912570705,3.4679463347079498,-0.5203504221372448,194.0967254517196,188.34749908447264,182.59827271722568,2.733373269717497,51050110.0,0.004057485357729984,0.004049275962856601,1.410003662109375,1,190.69000244140625
2023-07-14,188.05364990234375,190.69000244140625,191.17999267578125,189.6300048828125,190.22999572753906,41616200,190.79400024414062,188.68449935913085,180.86980041503907,62.55900851392719,2.8364617626479856,3.341649420295957,-0.5051876576479715,194.146109604213,188.68449935913085,183.2228891140487,2.648845735664015,50577000.0,0.0007872843526774975,0.0007869746069128465,1.54998779296875,1,193.99000549316406
2023-07-17,191.30804443359375,193.99000549316406,194.32000732421875,191.80999755859375,191.89999389648438,50520200,190.7960006713867,189.08349990844727,181.4006005859375,68.73058953684615,2.9803146035878,3.269382456954326,-0.2890678533665261,194.86203471775912,189.08349990844727,183.30496509913542,2.7189285318889067,47107700.0,0.017305590274832694,0.017157554010205783,2.510009765625,1,193.72999572753906
2023-07-18,191.05160522460938,193.72999572753906,194.3300018310547,192.4199981689453,193.35000610351562,48288200,190.9229995727539,189.52399978637695,181.95940063476561,67.78254881727045,3.0383146018972127,3.2231688859429033,-0.1848542840456906,195.30900966579836,189.52399978637695,183.73898990695554,2.6611481840475117,48790700.0,-0.0013403255748356546,-0.0013412246145860394,1.910003662109375,1,195.10000610351562
2023-07-19,192.4026641845703,195.10000610351562,198.22999572753906,192.64999389648438,193.10000610351562,80507300,191.3,190.02850036621095,182.39000061035156,70.12116755435343,3.158420105187332,3.2102191297917892,-0.05179902460445707,195.9099437708353,190.02850036621095,184.1470569615866,2.8696377302623097,52149400.0,0.007071751438550322,0.007046863867935629,5.5800018310546875,1,193.1300048828125
2023-07-20,190.45989990234375,193.1300048828125,196.47000122070312,192.5,195.08999633789062,59581200,191.43200073242187,190.48700027465821,182.7826007080078,63.03550003101257,3.059375372436193,3.18005037832067,-0.12067500588447677,195.80762344015358,190.48700027465821,185.16637710916285,2.9482351224366536,53598090.0,-0.010097391896840224,-0.010148716346077368,3.970001220703125,1,191.94000244140625
2023-07-21,189.28636169433594,191.94000244140625,194.97000122070312,191.22999572753906,194.10000610351562,71951700,191.55800170898436,190.7340003967285,183.18600067138672,59.14743443268825,2.851982576551052,3.1144368179667463,-0.2624542414156945,195.8384497797879,190.7340003967285,185.6295510136691,3.004790148917183,56111760.0,-0.006161665258219817,-0.006180726657910663,3.7400054931640625,1,192.75
2023-07-24,190.0851593017578,192.75,194.91000366210938,192.25,193.41000366210938,45377800,191.9720016479492,191.03750076293946,183.56980072021486,60.914624301507125,2.7216093072234457,3.0358713158180866,-0.3142620085946408,195.8554680495482,191.03750076293946,186.21953347633072,3.0023052254733216,54657320.0,0.004220055998181094,0.004211176534324878,2.660003662109375,1,193.6199951171875
2023-07-25,190.943115234375,193.6199951171875,194.44000244140625,192.9199981689453,193.3300018310547,37283200,192.5260009765625,191.4550003051758,183.9672006225586,62.77710513307598,2.6578508371016767,2.9602672200748046,-0.3024163829731279,195.60188317887363,191.4550003051758,187.30811743147794,2.9085693123256737,53721830.0,0.004513593344682265,0.004503437629952575,1.5200042724609375,1,194.5
2023-07-26,191.8109893798828,194.5,195.63999938964844,193.32000732421875,193.6699981689453,47471900,192.9990005493164,191.7770004272461,184.4058004760742,64.61391010962484,2.6478085410528536,2.8977754842704146,-0.24996694321756108,195.81817564643052,191.7770004272461,187.73582520806167,2.8665280804045317,52394000.0,0.00454501035536059,0.004534712985109489,2.3199920654296875,1,193.22000122070312
2023-07-27,190.54867553710938,193.22000122070312,197.1999969482422,192.5500030517578,196.02000427246094,47460200,193.26700134277343,191.97550048828126,184.8288003540039,59.9778114129151,2.5076580242495936,2.8197519922662506,-0.312093968016657,195.8886567695137,191.97550048828126,188.06234420704882,2.9939184958388063,53005790.0,-0.006580970587644619,-0.00660272065145234,4.649993896484375,1,195.8300018310547
2023-07-28,193.12255859375,195.8300018310547,196.6300048828125,194.13999938964844,194.6699981689453,48291400,193.78100128173827,192.28750076293946,185.30400024414064,65.42534852448168,2.5774813657650952,2.7712978669660195,-0.1938165012009243,196.38099871771882,192.28750076293946,188.1940028081601,3.0236388648581327,53673310.0,0.013507921508448373,0.013417502871921925,2.4900054931640625,1,196.4499969482422
2023-07-31,193.7340087890625,196.4499969482422,196.49000549316406,195.25999450683594,196.05999755859375,38824100,194.0270004272461,192.4115005493164,185.77920013427735,66.58873659304878,2.6522715558931793,2.747492604751452,-0.09522104885827254,196.8380494373502,192.4115005493164,187.9849516612826,2.895522587820275,52503700.0,0.003165986372825502,0.0031609851909711805,1.230010986328125,1,195.61000061035156
2023-08-01,192.9056396484375,195.61000061035156,196.72999572753906,195.27999877929688,196.24000549316406,35175100,194.21500091552736,192.56900024414062,186.19040008544923,63.47252884542773,2.613634286949349,2.7207209411910314,-0.1070866542416824,197.21019840853336,192.56900024414062,187.9278020797479,2.79227075642184,51192390.0,-0.004275878599845129,-0.004285046311426489,1.4499969482421875,1,192.5800018310547
2023-08-02,189.91751098632812,192.5800018310547,195.17999267578125,191.85000610351562,195.0399932861328,50389300,193.96300048828124,192.63150024414062,186.53880004882814,53.708702759773345,2.3118686119417475,2.6389504753411748,-0.32708186339942724,197.23781071941465,192.63150024414062,188.0251897688666,2.8613938814514186,48180590.0,-0.015489999334607263,-0.015611222838356394,3.329986572265625,0,191.1699981689453
2023-08-03,188.52700805664062,191.1699981689453,192.3699951171875,190.69000244140625,191.57000732421875,61235200,193.76699981689453,192.5995002746582,186.8782000732422,49.86464885557836,1.936617507628597,2.498483881798659,-0.5618663741700622,197.23698068250033,192.5995002746582,187.96201986681606,2.7920085606083487,48345990.0,-0.007321651514710981,-0.007348586357380715,1.67999267578125,0,181.99000549316406
2023-08-04,179.47390747070312,181.99000549316406,187.3800048828125,181.9199981689453,185.52000427246094,115956800,192.77200012207032,192.16500091552734,187.08680023193358,33.20272074431135,0.8882405314504922,2.176435211729026,-1.2881946802785338,198.68623084400414,192.16500091552734,185.64377098705054,3.253293663422038,52746500.0,-0.04802004898105661,-0.049211304266584634,5.4600067138671875,0,178.85000610351562
2023-08-07,176.3773193359375,178.85000610351562,183.1300048828125,177.35000610351562,182.1300048828125,97576100,191.3820007324219,191.67700119018554,187.22700042724608,29.56385921886617,-0.19374412235274008,1.7023993449126729,-1.896143467265413,200.30857559970946,191.67700119018554,183.04542678066161,3.433772600270241,57966330.0,-0.017253691383433578,-0.017404270864717172,5.779998779296875,0,179.8000030517578
2023-08-08,177.31419372558594,179.8000030517578,180.27000427246094,177.5800018310547,179.69000244140625,67823000,190.0000015258789,191.26300125122071,187.36320037841796,31.992298683795482,-0.9634617541353236,1.1692271251030735,-2.132688879238397,201.2351338750592,191.26300125122071,181.29086862738222,3.3806461603513847,61020310.0,0.005311696482092065,0.005297639179112393,2.69000244140625,0,178.19000244140625
2023-08-09,175.72645568847656,178.19000244140625,180.92999267578125,177.00999450683594,180.8699951171875,60378500,188.36900177001954,190.68400115966796,187.41840057373048,30.098371648300613,-1.6839703547436216,0.5985876291337344,-2.282557983877356,202.1660443673866,190.68400115966796,179.2019579519493,3.4191713038223797,62310970.0,-0.00895439701348677,-0.008994728570124953,3.9199981689453125,0,177.97000122070312
2023-08-10,175.50949096679688,177.97000122070312,180.75,177.60000610351562,179.47999572753906,54686900,186.84400177001953,190.05550155639648,187.43180053710938,29.838429032312902,-2.2468308046809398,0.029503942370799563,-2.2763347470517394,202.80627723690873,190.05550155639648,177.30472587588423,3.3999443461553795,63033640.0,-0.0012346440186814522,-0.0012354068195308636,3.149993896484375,0,177.7899932861328
2023-08-11,175.56875610351562,177.7899932861328,178.6199951171875,176.5500030517578,177.32000732421875,52036700,185.04000091552734,189.4105010986328,187.44260040283203,29.613072991828673,-2.676573034544191,-0.5117114530121986,-2.1648615815319925,203.22810575514433,189.4105010986328,175.5928964421213,3.304947754674973,63408170.0,-0.0010114509936260951,-0.0010119628553601626,2.0699920654296875,0,179.4600067138672
2023-08-14,177.2178955078125,179.4600067138672,179.69000244140625,177.30999755859375,177.97000122070312,43675600,183.34100189208985,188.68400115966796,187.43000061035156,34.55168297860034,-2.849542963597372,-0.9792777551292333,-1.8702652084681388,202.98166129686285,188.68400115966796,174.38634102247306,3.2388804066847965,63893320.0,0.009393180104611876,0.009349338515834794,2.3800048828125,0,177.4499969482422
2023-08-15,175.23301696777344,177.4499969482422,179.47999572753906,177.0500030517578,178.8800048828125,43622600,181.5250015258789,187.87000122070313,187.36000061035156,31.67135308939295,-3.1129299495595717,-1.406008194015301,-1.7069217555442706,202.7670096346386,187.87000122070313,172.97299280676765,3.1811027116202575,64738070.0,-0.01120032146677552,-0.011263517386748526,2.42999267578125,0,176.57000732421875
2023-08-16,174.36398315429688,176.57000732421875,178.5399932861328,176.5,177.1300048828125,46964900,179.92400207519532,186.9435012817383,187.29980072021485,30.473617102270524,-3.3540108920496436,-1.7956087336221696,-1.558402158427474,202.22651896242814,186.9435012817383,171.66048360104844,3.0995948955140116,64395630.0,-0.004959085033290345,-0.004971422099414284,2.0399932861328125,0,174.0
2023-08-17,171.8260955810547,174.0,177.50999450683594,173.47999572753906,177.13999938964844,66062900,178.20700225830078,185.98700103759765,187.1956005859375,27.23430848776239,-3.7096844552823995,-2.1784238779542155,-1.531260577328184,201.97960364896045,185.98700103759765,169.99439842623485,3.166052315784216,64878400.0,-0.014555174817995509,-0.014662140580715842,4.029998779296875,0,174.49000549316406
2023-08-18,172.30999755859375,174.49000549316406,175.10000610351562,171.9600067138672,172.3000030517578,61172200,177.45700225830078,185.11450119018554,187.1290005493164,28.78858822903146,-3.9069817152803523,-2.524135445419443,-1.3828462698609094,201.60895027213522,185.11450119018554,168.62005210823585,3.1641913924888034,59399940.0,0.0028161235239314575,0.002812165676863434,3.1399993896484375,0,175.83999633789062
2023-08-21,173.64312744140625,175.83999633789062,176.1300048828125,173.74000549316406,175.07000732421875,46311900,177.15600128173827,184.26900100708008,187.03440032958986,33.032636221421555,-3.909343755126457,-2.801177107360846,-1.1081666477656111,200.8446001791951,184.26900100708008,167.69340183496504,3.1088919637144916,54273520.0,0.007736780344014926,0.007707004937545953,2.3899993896484375,0,177.22999572753906
2023-08-22,175.0157470703125,177.22999572753906,177.67999267578125,176.25,177.05999755859375,42038900,176.8990005493164,183.44950103759766,186.9598001098633,37.18380854178068,-3.7557602879669503,-2.9920937434820667,-0.7636665444848836,199.71251023055837,183.44950103759766,167.18649184463695,3.0182565618699297,51695110.0,0.007904910251348207,0.007873830131237547,1.42999267578125,0,181.1199951171875
2023-08-23,178.85716247558594,181.1199951171875,181.5500030517578,178.3300018310547,178.52000427246094,52722800,177.19199981689454,182.78050079345704,186.90640014648437,47.07191909400949,-3.282317332038531,-3.0501384611933595,-0.2321788708451713,198.25169456791156,182.78050079345704,167.30930701900252,3.1112387591805595,50929540.0,0.021948877071738204,0.02171146809565055,3.220001220703125,0,176.3800048828125
2023-08-24,174.1763458251953,176.3800048828125,181.10000610351562,176.00999450683594,180.6699981689453,54945800,177.03300018310546,181.9385009765625,186.76780029296876,39.013202071771886,-3.252099794585604,-3.0905307278718084,-0.16156906671379545,196.8689603729261,181.9385009765625,167.0080415801989,3.2540074628356312,50955430.0,-0.02617044148719283,-0.026518981912310478,5.0900115966796875,0,178.61000061035156
2023-08-25,176.37847900390625,178.61000061035156,179.14999389648438,175.82000732421875,177.3800048828125,51449600,177.11500091552733,181.07750091552734,186.66100036621094,43.88092420320773,-3.013472722366231,-3.075119126770693,0.06164640440446201,194.6264623925394,181.07750091552734,167.52853943851528,3.2594345420806308,50896720.0,0.01264313224744873,0.012563875190106717,3.329986572265625,0,180.19000244140625
2023-08-28,177.9387664794922,180.19000244140625,180.58999633789062,178.5500030517578,180.08999633789062,43820700,177.18800048828126,180.26450119018554,186.54460052490234,47.10246492416547,-2.6661325884080327,-2.993321819098161,0.3271892306901285,191.83278916832143,180.26450119018554,168.69621321204966,3.1723315952272153,50911230.0,0.008846099466185864,0.008807201954166228,2.0399932861328125,0,184.1199951171875
2023-08-29,181.8196563720703,184.1199951171875,184.89999389648438,179.5,179.6999969482422,53003900,177.8550003051758,179.69000091552735,186.52860046386718,54.15244837342144,-2.0501130382256747,-2.804680062923664,0.7545670246979892,189.09112747972816,179.69000091552735,170.28887435132654,3.331450331031298,51849360.0,0.02181027039532446,0.021575829141522288,5.399993896484375,1,187.64999389648438
2023-08-30,185.30555725097656,187.64999389648438,187.85000610351562,184.74000549316406,184.94000244140625,60813900,178.96299896240234,179.44350051879883,186.58140045166016,59.38812911572604,-1.2625181827459926,-2.49624768688813,1.2337295041421372,187.66420631725018,179.44350051879883,171.22279472034748,3.3599189492667856,53234260.0,0.019172272827023162,0.018990800625655557,3.1100006103515625,1,187.8699951171875
2023-08-31,185.52279663085938,187.8699951171875,189.1199951171875,187.47999572753906,187.83999633789062,60794500,180.3499984741211,179.27850036621095,186.65960021972657,59.69703714821587,-0.6135190597614439,-2.119701961462793,1.506182901701349,186.63853545028715,179.27850036621095,171.91846528213475,3.2370675521511894,52707420.0,0.001172401960345848,0.0011717152338614467,1.6399993896484375,1,189.4600067138672
2023-09-01,187.09292602539062,189.4600067138672,189.9199981689453,188.27999877929688,189.49000549316406,45766500,181.8469985961914,179.6520004272461,186.7088003540039,61.94969009429083,0.02878623871953323,-1.6900043214263278,1.718790560145861,188.18864318346078,179.6520004272461,171.1153576710314,3.1522772306945197,51166850.0,0.008463361036912254,0.008427747595417956,1.6399993896484375,1,189.6999969482422
2023-09-05,187.3299560546875,189.6999969482422,189.97999572753906,187.61000061035156,188.27999877929688,45280000,183.23299865722657,180.19449996948242,186.76920043945313,62.29227295324302,0.5508333574941844,-1.2418367856422254,1.7926701431364098,189.7736885766691,180.19449996948242,170.61531136229576,3.0963999368725896,51063660.0,0.0012667065653462206,0.001265904969438001,2.3699951171875,1,182.91000366210938
2023-09-06,180.62478637695312,182.91000366210938,188.85000610351562,181.47000122070312,188.39999389648438,81755800,183.8009994506836,180.35,186.7220004272461,48.88250306044022,0.411915443594836,-0.9110863397948132,1.3230017833896492,189.9992383031722,180.35,170.70076169682778,3.4630853504916237,55035350.0,-0.03579332311737149,-0.036449612244476785,7.3800048828125,1,177.55999755859375
2023-09-07,175.34161376953125,177.55999755859375,178.2100067138672,173.5399932861328,175.17999267578125,112488800,183.44499969482422,180.31849975585936,186.5120004272461,41.33248073810319,-0.1283986845964762,-0.7545488087551459,0.6261501241586697,189.99979799544823,180.31849975585936,170.6372015162705,3.8850085665976906,61011950.0,-0.029249390390909014,-0.0296856823931267,4.670013427734375,0,178.17999267578125
2023-09-08,175.953857421875,178.17999267578125,180.24000549316406,177.7899932861328,178.35000610351562,65551300,183.6249984741211,180.3289993286133,186.2906002807617,42.44196070768675,-0.5008001866846996,-0.7037990843410566,0.20299889765635704,190.00053736928382,180.3289993286133,170.65746128794277,3.798937092881449,62072500.0,0.0034917499758519988,0.003485667970687328,2.45001220703125,0,179.36000061035156
2023-09-11,177.11911010742188,179.36000061035156,180.3000030517578,177.33999633789062,180.07000732421875,58953100,183.6999984741211,180.40749969482422,186.08600036621092,44.58975723576862,-0.692728933577996,-0.7015850541884446,0.008856120610448603,190.02064071160973,180.40749969482422,170.79435867803872,3.7390134943804303,62822850.0,0.006622561359722834,0.006600728540023095,2.9600067138671875,0,176.3000030517578
2023-09-12,174.0973663330078,176.3000030517578,180.1300048828125,174.82000732421875,179.49000549316406,90370200,183.31099853515624,180.24949951171874,185.73260040283202,40.38160399831998,-1.0793084814468443,-0.7771297396401247,-0.30217874180671966,190.02228729831918,180.24949951171874,170.4767117251183,3.851226641824239,67477800.0,-0.017060646455066664,-0.017207856012939438,5.30999755859375,0,174.2100067138672
2023-09-13,172.0334930419922,174.2100067138672,177.3000030517578,173.97999572753906,176.50999450683594,84267900,182.31999969482422,180.0875,185.36760040283204,37.76039248763327,-1.5366077384243226,-0.9290253393969643,-0.6075823990273583,190.14384414114875,180.0875,170.03115585885126,3.8132824048524188,70604200.0,-0.011854771989295187,-0.011925600122853191,3.32000732421875,0,175.74000549316406
2023-09-14,173.5443572998047,175.74000549316406,176.10000610351562,173.5800018310547,174.0,60895800,181.12900085449218,180.04599990844727,185.0558004760742,40.79038118560566,-1.7553282480961343,-1.0942859211367983,-0.661042326959336,190.16670933058663,180.04599990844727,169.92529048630792,3.7209053953958846,70612390.0,0.008782496529087691,0.008744154734033161,2.5200042724609375,0,175.00999450683594
2023-09-15,172.823486328125,175.00999450683594,176.5,173.82000732421875,176.47999572753906,109259500,179.84300079345704,180.09649963378905,184.71980041503906,39.79491896366325,-1.964921224690272,-1.2684129818474932,-0.6965082428427789,190.10549585822457,180.09649963378905,170.08750340935353,3.6465544868519824,75458890.0,-0.004153926047057777,-0.0041625775646815045,2.67999267578125,0,177.97000122070312
2023-09-18,175.74649047851562,177.97000122070312,179.3800048828125,176.1699981689453,176.47999572753906,67257600,178.69400024414062,180.270499420166,184.4656005859375,45.59282507800012,-1.870614089865029,-1.3888532034510004,-0.4817608864140286,190.00069702908053,180.270499420166,170.54030181125148,3.698229907503738,77608000.0,0.016913358132535583,0.016771919860582848,3.2100067138671875,0,179.07000732421875
2023-09-19,176.832763671875,179.07000732421875,179.6300048828125,177.1300048828125,177.52000427246094,51826900,177.6310012817383,180.43199996948243,184.27480072021484,47.61192385383747,-1.687659419395402,-1.4486144466398807,-0.23904497275552128,189.96797294243507,180.43199996948243,170.8960269965298,3.612642056967757,78262690.0,0.006180851244426799,0.006161828129162566,2.5,0,175.49000549316406
2023-09-20,173.2974853515625,175.49000549316406,179.6999969482422,175.39999389648438,179.25999450683594,58436200,176.88900146484374,180.34500045776366,184.02300079345704,42.13186848246478,-1.8106704712837427,-1.521025651568653,-0.2896448197150896,190.02687013920607,180.34500045776366,170.66313077632125,3.661739270881332,75930730.0,-0.01999219123598317,-0.020194739222717015,4.3000030517578125,0,173.92999267578125
2023-09-21,171.7569580078125,173.92999267578125,176.3000030517578,173.86000061035156,174.5500030517578,63149100,176.5260009765625,179.98550033569336,183.70620056152345,39.97281428936996,-2.0108576971266814,-1.6189920606802588,-0.3918656364464226,190.0518790689575,179.98550033569336,169.91912160242921,3.5744723544902546,70996760.0,-0.008889468166570769,-0.00892921521746959,2.44000244140625,0,174.7899932861328
2023-09-22,172.606201171875,174.7899932861328,177.0800018310547,174.0500030517578,174.6699981689453,56725400,176.18700103759767,179.90599975585937,183.39120056152345,41.745127029538466,-2.0761797462106415,-1.7104295977863353,-0.3657501484243062,190.10920702813385,179.90599975585937,169.7027924835849,3.544153554546196,70114170.0,0.0049445216268977354,0.004932337626036867,3.029998779296875,0,176.0800018310547
2023-09-25,173.88009643554688,176.0800018310547,176.97000122070312,174.14999389648438,174.1999969482422,46172700,175.85900115966797,179.77949981689454,183.0990005493164,44.39709555588574,-2.0007911571947545,-1.7685019096680192,-0.2322892475267353,190.10583309496832,179.77949981689454,169.45316653882077,3.4924288238085213,68836130.0,0.00738033408360006,0.007353232681253352,2.82000732421875,0,171.9600067138672
2023-09-26,169.81161499023438,171.9600067138672,175.1999969482422,171.66000366210938,174.82000732421875,64588900,175.4250015258789,179.36800003051758,182.65840057373046,38.38666855938438,-2.247585563670839,-1.8643186404685832,-0.38326692320225564,190.23772968078094,179.36800003051758,168.4982703802542,3.5586837770325777,66258000.0,-0.023398427273646605,-0.02367651694592774,3.5399932861328125,0,170.42999267578125
2023-09-27,168.30068969726562,170.42999267578125,173.0399932861328,169.0500030517578,172.6199951171875,66921800,175.0470001220703,178.68349990844726,182.19240051269531,36.41508368871687,-2.537381895843623,-1.9989312915435913,-0.5384506043000319,189.98563088606724,178.68349990844726,167.38136893082728,3.589491381128465,64523390.0,-0.008897499292564004,-0.008937318409065484,3.989990234375,0,170.69000244140625
2023-09-28,168.5574493408203,170.69000244140625,172.02999877929688,167.6199951171875,169.33999633789062,56294400,174.54199981689453,177.83550033569335,181.70420043945313,37.00719712247677,-2.7147727514750954,-2.1420995835298924,-0.5726731679452031,188.86098667405204,177.83550033569335,166.81001399733466,3.6480994011985297,64063250.0,0.0015256103784480057,0.0015244478171947313,4.410003662109375,0,171.2100067138672
2023-09-29,169.0709686279297,171.2100067138672,173.07000732421875,170.33999633789062,172.02000427246094,51861100,174.16200103759766,177.00250091552735,181.26580047607422,38.245764104343905,-2.781334787554414,-2.2699466243347968,-0.5113881632196171,187.36720124423704,177.00250091552735,166.63780058681766,3.5825216572792153,58323410.0,0.003046483478957418,0.0030418523515483935,2.730010986328125,0,173.75
2023-10-02,171.57920837402344,173.75,174.3000030517578,170.92999267578125,171.22000122070312,52164500,173.74000091552733,176.21700057983398,180.9020004272461,44.03420475552513,-2.599167860944391,-2.3357908716567155,-0.2633769892876754,184.9369106764134,176.21700057983398,167.49709048325457,3.5673422800433117,56814100.0,0.014835542237771948,0.01472657201395238,3.3700103759765625,0,172.39999389648438
2023-10-03,170.24609375,172.39999389648438,173.6300048828125,170.82000732421875,172.25999450683594,49594600,173.0729995727539,175.35200042724608,180.49500030517578,41.79199723139563,-2.5345171334141696,-2.3755361240082062,-0.15898100940596338,181.64482179977588,175.35200042724608,169.05917905471628,3.5218173083103075,56590870.0,-0.007769819300809333,-0.00780016161853228,2.80999755859375,0,173.66000366210938
2023-10-04,171.49034118652344,173.66000366210938,174.2100067138672,170.97000122070312,171.08999633789062,53020300,172.88999938964844,174.8895004272461,180.09580047607423,44.62608775961612,-2.3544678683373377,-2.3713224728740325,0.01685460453669485,180.17077525985758,174.8895004272461,169.60822559463463,3.5016878929427184,56049280.0,0.00730864159068112,0.0072820628939414345,3.2400054931640625,0,174.91000366210938
2023-10-05,172.72476196289062,174.91000366210938,175.4499969482422,172.67999267578125,173.7899932861328,48527900,172.98800048828124,174.7570007324219,179.70400054931642,47.36409085320701,-2.0868569869428484,-2.3144293756877956,0.22757238874494723,179.8946473018039,174.7570007324219,169.61935416303987,3.4494247771940194,54587160.0,0.007197972898999483,0.007172191135768029,2.7700042724609375,1,177.49000549316406
2023-10-06,175.27249145507812,177.49000549316406,177.99000549316406,173.17999267578125,173.8000030517578,57266700,173.25800170898438,174.722501373291,179.38940063476562,52.5762676859901,-1.647596384091571,-2.1810627773685507,0.5334663932769796,179.77632563659384,174.722501373291,169.66867710998818,3.546609637207504,54641290.0,0.014750453244736894,0.01464272339332305,4.8100128173828125,1,178.99000549316406
2023-10-09,176.75376892089844,178.99000549316406,179.0500030517578,175.8000030517578,176.80999755859375,42390800,173.54900207519532,174.70400161743163,179.05260070800782,55.34489234014914,-1.1650121922953929,-1.9778526603539193,0.8128404680585264,179.69206829384646,174.70400161743163,169.7159349410168,3.5254232345498253,54263100.0,0.008451180086631815,0.008415668798788524,3.25,1,178.38999938964844
2023-10-10,176.16123962402344,178.38999938964844,179.72000122070312,177.9499969482422,178.10000610351562,43698000,174.19200134277344,174.80850143432616,178.69140075683595,53.98717901973962,-0.8215064070683411,-1.7465834096968036,0.9250770026284625,180.00898219297906,174.80850143432616,169.60802067567326,3.400036165829191,52174010.0,-0.00335217657467779,-0.003357807706458779,1.7700042724609375,1,179.8000030517578
2023-10-11,177.5536346435547,179.8000030517578,179.85000610351562,177.60000610351562,178.1999969482422,47551100,175.1290023803711,175.0880012512207,178.37520080566406,56.676853829777,-0.4305371218695484,-1.4833741521313526,1.0528370302618042,180.71329217914814,175.0880012512207,169.46271032329327,3.3178907254128203,50236940.0,0.007904051050695804,0.007872977668857532,2.25,1,180.7100067138672
2023-10-12,178.4522705078125,180.7100067138672,182.33999633789062,179.0399932861328,180.07000732421875,56743100,176.1310028076172,175.33650131225585,178.1378009033203,58.36827927591229,-0.046722864159562505,-1.1960438945369947,1.1493210303774322,181.471096333982,175.33650131225585,169.2019062905297,3.3166130344374625,50281810.0,0.005061199369654101,0.005048434552198421,3.3000030517578125,1,178.85000610351562
2023-10-13,176.61549377441406,178.85000610351562,181.92999267578125,178.13999938964844,181.4199981689453,51427100,176.89500274658204,175.52850189208985,177.8914010620117,53.749159935814916,0.1061426493363058,-0.9356065857623346,1.0417492350986404,181.84779149099288,175.52850189208985,169.20921229318682,3.350425909558559,50238410.0,-0.01029273721015711,-0.010346073731310877,3.7899932861328125,1,178.72000122070312
2023-10-16,176.48712158203125,178.72000122070312,179.0800018310547,176.50999450683594,176.75,52517000,177.39200286865236,175.56600189208984,177.8260009765625,53.43088246345097,0.21432871456497082,-0.7056195256968736,0.9199482402618444,181.9513559021184,175.56600189208984,169.1806478820613,3.2946817248914297,50273660.0,-0.0007268933652552212,-0.0007271576803311256,2.57000732421875,1,177.14999389648438
2023-10-17,174.9367218017578,177.14999389648438,178.4199981689453,174.8000030517578,176.64999389648438,57549400,177.86700286865235,175.47000122070312,177.79200073242188,49.61027392292675,0.17140463479717027,-0.5302146935980648,0.7016193283952351,181.69752694430161,175.47000122070312,169.24247549710464,3.339347185180993,51069140.0,-0.0087847320585005,-0.008823545293605795,3.6199951171875,1,175.83999633789062
2023-10-18,173.64312744140625,175.83999633789062,177.5800018310547,175.11000061035156,175.5800018310547,54764400,178.08500213623046,175.48750076293945,177.71280059814453,46.61511127173853,0.03132009885425191,-0.4179077351076015,0.4492278339618534,181.7171196072454,175.48750076293945,169.2578819186335,3.277251044861145,51243550.0,-0.007394849583563845,-0.007422327028601251,2.470001220703125,1,175.4600067138672
2023-10-19,173.26785278320312,175.4600067138672,177.83999633789062,175.19000244140625,176.0399932861328,59302900,178.14000244140624,175.56400146484376,177.65820068359375,45.75223790679998,-0.1091022295000812,-0.35614663398609747,0.24704440448601628,181.75267873967385,175.56400146484376,169.37532419001366,3.2324469628342327,52321050.0,-0.002160996541954341,-0.0021633348643265698,2.649993896484375,0,172.8800048828125
2023-10-20,170.7201385498047,172.8800048828125,175.4199981689453,172.63999938964844,175.30999755859375,64244000,177.6790023803711,175.46850204467773,177.55640075683593,40.29796998995497,-0.42368850485325993,-0.36965500815952995,-0.05403349669372998,181.7600992706069,175.46850204467773,169.17690481874857,3.2029869886474125,53018780.0,-0.014704215959948308,-0.01481339452204075,2.779998779296875,0,173.0
2023-10-23,170.83859252929688,173.0,174.00999450683594,169.92999267578125,170.91000366210938,55980100,177.0800018310547,175.314501953125,177.46060089111327,40.652339195010434,-0.6557586143161416,-0.4268757293908523,-0.2288828849252893,181.68892315129622,175.314501953125,168.94008075495375,3.265630905962218,54377710.0,0.0006940948276166203,0.0006938540552079055,4.0800018310546875,0,173.44000244140625
2023-10-24,171.27308654785156,173.44000244140625,173.6699981689453,171.4499969482422,173.0500030517578,43816600,176.58500213623046,175.38850173950195,177.34020080566407,42.01154313014476,-0.79500698265133,-0.5005019800429479,-0.2945050026083821,181.63858683972302,175.38850173950195,169.13841663928088,3.190943071300854,54389570.0,0.0025433667133309967,0.002540137829876088,2.220001220703125,0,171.10000610351562
2023-10-25,168.9623260498047,171.10000610351562,173.05999755859375,170.64999389648438,171.8800048828125,57157000,175.71500244140626,175.42200241088867,177.21320098876953,37.13998869800604,-1.0817111730288502,-0.6167438186401284,-0.46496735438872183,181.57179518114089,175.42200241088867,169.27220964063645,3.1623048908452125,55350160.0,-0.013491676112499795,-0.013583515757294929,2.410003662109375,0,166.88999938964844
2023-10-26,164.80490112304688,166.88999938964844,171.3800048828125,165.6699981689453,170.3699951171875,70625300,174.33300170898437,175.23200225830078,177.01960083007813,30.326449132630742,-1.6298507617752591,-0.8193652072671546,-0.8104855545081046,182.14258843125077,175.23200225830078,168.3214160853508,3.344283592489639,56738380.0,-0.02460553222493822,-0.024913307472257184,5.7100067138671875,0,168.22000122070312
2023-10-27,166.11831665039062,168.22000122070312,168.9600067138672,166.8300018310547,166.91000366210938,58499100,173.27000122070314,175.08250198364257,176.90400085449218,34.41961293081033,-1.9346340455035431,-1.0424189749144324,-0.8922150705891108,182.4489897494399,175.08250198364257,167.71601421784524,3.257549398941272,57445580.0,0.007969332110484562,0.007937744692775679,2.1300048828125,0,170.2899932861328
2023-10-30,168.16244506835938,170.2899932861328,171.1699981689453,168.8699951171875,169.02000427246094,51131000,172.4270004272461,174.9095016479492,176.82000061035157,40.29828348852962,-1.9862496837121455,-1.2311851166739751,-0.7550645670381704,182.5504401475644,174.9095016479492,167.26856314833404,3.2355813667484803,57306980.0,0.012305267212035398,0.012230172821553692,2.3000030517578125,0,170.77000427246094
2023-10-31,168.63645935058594,170.77000427246094,170.89999389648438,167.89999389648438,169.35000610351562,44846000,171.78900146484375,174.82800216674804,176.71860076904298,41.6054904221226,-1.9657624875734996,-1.37810059085388,-0.5876618967196197,182.60777943647497,174.82800216674804,167.0482248970211,3.218754126266446,56036640.0,0.0028187856318813154,0.002814820305517639,3.0,0,173.97000122070312
2023-11-01,171.7964630126953,173.97000122070312,174.22999572753906,170.1199951171875,171.0,56934900,171.602001953125,174.84350204467773,176.65340087890624,49.53791238290272,-1.6720390019917488,-1.4368882730814536,-0.2351507289102952,182.61514037935413,174.84350204467773,167.07186371000134,3.2824145894153824,56253690.0,0.018738635990994235,0.018565230655253766,4.1100006103515625,0,177.57000732421875
2023-11-02,175.3514862060547,177.57000732421875,177.77999877929688,175.4600067138672,175.52000427246094,77334800,171.81300201416016,174.97650222778321,176.58240112304688,56.66921274327787,-1.1356792144094072,-1.3766464613470444,0.24096724693763716,182.8386576526674,174.97650222778321,167.11434680289904,3.3200990872138374,58056880.0,0.020693257908003027,0.020482061044476387,2.3199920654296875,1,176.64999389648438
2023-11-03,174.44297790527344,176.64999389648438,176.82000732421875,173.35000610351562,174.24000549316406,79829200,172.19000091552735,174.93450164794922,176.5878009033203,54.54765332568409,-0.7759034808874219,-1.25649786525512,0.4805943843676981,182.7513428814806,174.93450164794922,167.11766041441783,3.3843778110345006,59615400.0,-0.005181130764130404,-0.0051945993639879095,3.470001220703125,1,179.22999572753906
2023-11-06,176.99075317382812,179.22999572753906,179.42999267578125,176.2100067138672,176.3800048828125,63841300,172.81300048828126,174.94650115966797,176.60020080566406,59.164604843337436,-0.27937358940133095,-1.0610730100843622,0.7816994206830312,182.78890273743474,174.94650115966797,167.1040995819012,3.3726355360973264,60401520.0,0.014605162299448304,0.014499534151946178,3.2199859619140625,1,181.82000732421875
2023-11-07,179.5484161376953,181.82000732421875,182.44000244140625,178.97000122070312,179.17999267578125,70530000,173.6510009765625,175.11800155639648,176.63280090332032,63.20525440004229,0.3194399126594192,-0.7849704255356059,1.104410338195025,183.39224438275187,175.11800155639648,166.8437587300411,3.3795902278548833,63072860.0,0.014450770844278482,0.014347353570873111,3.470001220703125,1,182.88999938964844
2023-11-08,180.60504150390625,182.88999938964844,183.4499969482422,181.58999633789062,182.35000610351562,49340300,174.8300003051758,175.27250137329102,176.60820098876954,64.75676148935727,0.8703109418562462,-0.45391415205723556,1.3242250939134819,183.9939792319634,175.27250137329102,166.55102351461863,3.271048112318932,62291190.0,0.005884897273828127,0.005867648902712359,1.8600006103515625,1,182.41000366210938
2023-11-09,180.1310272216797,182.41000366210938,184.1199951171875,181.80999755859375,182.9600067138672,53763500,176.3820007324219,175.3575012207031,176.50340118408204,63.463946050514345,1.2536967221713553,-0.11239197721151739,1.3660886993828727,184.3191289222923,175.3575012207031,166.39587351911393,3.2024016441957044,60605010.0,-0.0026245050529877245,-0.002627955104147514,2.30999755859375,1,186.39999389648438
2023-11-10,184.31365966796875,186.39999389648438,186.57000732421875,183.52999877929688,183.97000122070312,66133400,178.2,175.73500061035156,176.47400115966798,69.00359105509051,1.8580728739106291,0.2817009930129119,1.5763718808977172,185.8190751208256,175.73500061035156,165.65092609987752,3.270801788332395,61368440.0,0.02187374680264753,0.02163794873223134,3.040008544921875,1,184.8000030517578
2023-11-13,182.73158264160156,184.8000030517578,186.02999877929688,184.2100067138672,185.82000732421875,43627500,179.6510009765625,176.03900070190429,176.38080108642578,64.76308056658394,2.1827777359627873,0.661916341602887,1.5208613943599003,186.80801656380714,176.03900070190429,165.26998484000143,3.193600745067023,60618090.0,-0.008583642151914983,-0.008620693785883092,1.8199920654296875,1,187.44000244140625
2023-11-14,185.342041015625,187.44000244140625,188.11000061035156,186.3000030517578,187.6999969482422,60108400,181.31800079345703,176.5535011291504,176.33560119628908,68.23209449451608,2.622899414112794,1.0541129561048685,1.5687864580079256,188.41362620574688,176.5535011291504,164.6933760525539,3.201914803176075,62144330.0,0.01428571074703422,0.014184631503116924,1.80999755859375,1,188.00999450683594
2023-11-15,185.90565490722656,188.00999450683594,189.5,187.77999877929688,187.85000610351562,53790500,182.7220001220703,177.16200103759766,176.43760101318358,68.94300864414201,2.98330295162512,1.439950955208919,1.5433519964162012,190.02006887702632,177.16200103759766,164.303933198169,3.1203492857059087,61829890.0,0.003040930740533243,0.0030363164627483044,1.720001220703125,1,189.7100067138672
2023-11-16,187.58663940429688,189.7100067138672,190.9600067138672,188.64999389648438,189.57000732421875,54412900,183.93600006103514,177.87450103759767,176.68060119628908,71.02563077571156,3.3672861505033893,1.8254179942678133,1.541868156235576,191.81044075898293,177.87450103759767,163.9385613162124,3.108182351514862,59537700.0,0.009042137421952035,0.009001502067323369,2.3100128173828125,1,189.69000244140625
2023-11-17,187.56686401367188,189.69000244140625,190.3800048828125,188.57000732421875,190.25,50922700,185.24000091552733,178.71500091552736,176.91080139160155,70.96532586150485,3.6281582743227716,2.185966050278805,1.4421922240439664,193.35456621151647,178.71500091552736,164.07543561953824,3.015454866306211,56647050.0,-0.0001054465855937492,-0.00010545214547580637,1.80999755859375,1,191.4499969482422
2023-11-20,189.30715942382812,191.4499969482422,191.91000366210938,189.8800048828125,189.88999938964844,46505100,186.46200103759764,179.63750076293945,177.1526013183594,73.12716937506934,3.9315971550761333,2.535092271238271,1.3965048838378622,195.02634821423942,179.63750076293945,164.2486533116395,2.9586367487631335,54913430.0,0.009278267089376957,0.009235488373932033,2.029998779296875,1,190.63999938964844
2023-11-21,188.50621032714844,190.63999938964844,191.52000427246094,189.74000549316406,191.41000366210938,38134500,187.34400024414063,180.49750061035155,177.43940124511718,70.52458442274026,4.05991445406832,2.840056707804281,1.2198577462640388,196.32113562403435,180.49750061035155,164.67386559666875,2.8744483223726864,51673880.0,-0.004230856994020926,-0.004239832394175006,1.779998779296875,1,191.30999755859375
2023-11-22,189.16871643066406,191.30999755859375,192.92999267578125,190.8300018310547,191.49000549316406,39617700,188.18600006103514,181.50800018310548,177.78140106201172,71.43032947991931,4.167628266424572,3.1055710195283392,1.0620572468962326,197.38321435331585,181.50800018310548,165.6327860128951,2.8327015340698383,50701620.0,0.0035144679557825853,0.003508306644876359,2.0999908447265625,1,189.97000122070312
2023-11-24,187.84375,189.97000122070312,190.89999389648438,189.25,190.8699951171875,24048300,188.94199981689454,182.6620002746582,178.0660009765625,66.99617592135074,4.0976307959725204,3.3039829748171754,0.793647821155345,197.43628411440446,182.6620002746582,167.88771643491194,2.7775083929644033,47730100.0,-0.0070043194552873445,-0.007028964851045005,1.649993896484375,1,189.7899932861328
2023-11-27,187.66574096679688,189.7899932861328,190.6699981689453,188.89999389648438,189.9199981689453,40552600,189.28099975585937,183.7404998779297,178.36160095214845,66.39987149211122,3.9817332184050827,3.439533023534757,0.5422001948703254,197.23398745304513,183.7404998779297,170.24701230281426,2.705543812928442,45172020.0,-0.0009475597905649336,-0.0009480090091400063,1.7700042724609375,1,190.39999389648438
2023-11-28,188.26890563964844,190.39999389648438,191.0800018310547,189.39999389648438,189.77999877929688,38415400,189.84099884033202,184.74599990844726,178.61020080566405,67.45693193159772,3.894215413234633,3.530469501474733,0.36374591175990023,197.02267015309204,184.74599990844726,172.46932966380248,2.6322912501885756,44650810.0,0.003214082048213829,0.0032089279273993677,1.6800079345703125,1,189.3699951171875
2023-11-29,187.25045776367188,189.3699951171875,192.08999633789062,188.97000122070312,190.89999389648438,43014200,190.03399810791015,185.6759994506836,178.81620056152343,63.806733158366924,3.6991036642456834,3.5641963340289236,0.13490733021675982,196.28107423760392,185.6759994506836,175.0709246637633,2.6671272406884987,42941390.0,-0.0054096576277038455,-0.005424342810680695,3.1199951171875,1,189.9499969482422
2023-11-30,187.82391357421875,189.9499969482422,190.32000732421875,188.19000244140625,189.83999633789062,48794400,190.22799835205078,186.47499923706056,179.105400390625,64.9566665346617,3.5503512586632837,3.561427318955796,-0.011076060292512402,195.7573125592564,186.47499923706056,177.1926859148647,2.62876135798307,42441780.0,0.0030627968844576525,0.0030581160772190498,2.1300048828125,1,191.24000549316406
2023-12-01,189.09951782226562,191.24000549316406,191.55999755859375,189.22999572753906,190.3300018310547,45704800,190.38099822998046,187.15849914550782,179.45160064697265,67.4349159045463,3.4962541723043614,3.5483926896255094,-0.05213851732114794,195.70097728961844,187.15849914550782,178.6160210013972,2.6074213917739,41570970.0,0.006791305952341675,0.006768348914307308,2.3300018310546875,1,189.42999267578125
2023-12-04,187.30975341796875,189.42999267578125,190.0500030517578,187.4499969482422,189.97999572753906,43389500,190.35499725341796,187.79749908447266,179.7444006347656,60.924546319884975,3.2696385759378757,3.492641866887983,-0.2230032909501074,194.888821190574,187.79749908447266,180.70617697837133,2.6918919027130412,40817650.0,-0.00946461391650355,-0.009509688006157202,2.600006103515625,1,193.4199981689453
2023-12-05,191.25509643554688,193.4199981689453,194.39999389648438,190.17999267578125,190.2100067138672,66628400,190.55199737548827,188.50699920654296,180.09120056152344,68.21042686204535,3.3731209420462562,3.468737681919638,-0.09561673987338182,194.8248599169712,188.50699920654296,182.1891384961147,2.85461399685519,42829980.0,0.02106321938149014,0.020844456346414825,4.220001220703125,1,192.32000732421875
2023-12-06,190.1674041748047,192.32000732421875,194.75999450683594,192.11000061035156,194.4499969482422,41089700,190.71999816894532,189.03199920654296,180.49840057373046,64.6325173787491,3.3280081877991563,3.4405917830955417,-0.1125835952963854,194.75716278941195,189.03199920654296,183.30683562367398,2.8399982754001316,43125500.0,-0.0056870585003612195,-0.00570329139174604,2.649993896484375,1,194.27000427246094
2023-12-07,192.09559631347656,194.27000427246094,195.0,193.58999633789062,193.6300048828125,47477700,191.01599884033203,189.6009994506836,180.97520080566406,67.85183829055032,3.410292730197,3.4345319725158334,-0.024239242318833565,195.0254773060397,189.6009994506836,184.17652159532747,2.828569303998783,43911500.0,0.010139334827264257,0.010088276612733347,1.410003662109375,1,195.7100067138672
2023-12-08,193.51947021484375,195.7100067138672,195.99000549316406,193.6699981689453,194.1999969482422,53406400,191.58999938964843,190.2659996032715,181.4756008911133,70.02192852529329,3.550768931330879,3.4577793642788426,0.0929895670520362,195.24374699074974,190.2659996032715,185.28825221579325,2.792243448300209,46847310.0,0.00741237663940475,0.00738503997898364,2.32000732421875,1,193.17999267578125
2023-12-11,191.01779174804688,193.17999267578125,193.49000549316406,191.4199981689453,193.11000061035156,60943700,191.9289993286133,190.60499954223633,181.91500061035157,62.09147521530181,3.4185395481972307,3.4499314010625204,-0.03139185286528967,195.40368231143637,190.60499954223633,185.8063167730363,2.899226669487471,48886420.0,-0.012927361664163084,-0.013011647184869976,2.07000732421875,1,194.7100067138672
2023-12-12,192.5306854248047,194.7100067138672,194.72000122070312,191.72000122070312,193.0800018310547,52696900,192.36000061035156,191.1004997253418,182.3342007446289,64.69553386497856,3.3980357148976736,3.439552263829551,-0.041516548931877395,195.42206130867248,191.1004997253418,186.7789381420111,2.90642476452408,50314570.0,0.007920147510585007,0.007888947771707804,3.0,1,197.9600067138672
2023-12-13,195.7443084716797,197.9600067138672,198.0,194.85000610351562,195.08999633789062,70404200,193.21900177001953,191.62649993896486,182.84540100097655,69.48988988796687,3.6025066635673113,3.472143143777103,0.13036351979020822,196.55599370319436,191.62649993896486,186.69700617473535,2.933822516067561,53053570.0,0.016691489332522957,0.016553717390059137,3.149993896484375,1,198.11000061035156
2023-12-14,195.89259338378906,198.11000061035156,199.6199951171875,196.16000366210938,198.02000427246094,66831600,194.03500213623047,192.13150024414062,183.33440093994142,69.6944391269684,3.733615818357748,3.524437678693232,0.20917813966451604,197.523266320457,192.13150024414062,186.73973416782425,2.971406011711173,54857290.0,0.000757697976345284,0.0007574110681509634,3.459991455078125,1,197.57000732421875
2023-12-15,195.35867309570312,197.57000732421875,198.39999389648438,197.0,197.52999877929688,128538400,194.66800231933593,192.5245002746582,183.7876010131836,67.92877801695855,3.7507119502159014,3.5696925329977662,0.1810194172181352,198.28610517211067,192.5245002746582,186.76289537720575,2.8591622891949733,63140650.0,-0.002725724519050843,-0.002729446070281669,1.399993896484375,1,195.88999938964844
2023-12-18,193.69747924804688,195.88999938964844,196.6300048828125,194.38999938964844,196.08999633789062,55751900,195.31400299072266,192.83450012207032,184.1556008911133,62.61396391393054,3.587345472415791,3.573223120881371,0.014122351534419764,198.61983785102123,192.83450012207032,187.04916239311942,2.8820798352932115,64376890.0,-0.008503355126233125,-0.008539714917303858,2.2400054931640625,1,196.94000244140625
2023-12-19,194.73570251464844,196.94000244140625,196.9499969482422,195.88999938964844,196.16000366210938,40714100,195.66600341796874,193.1090003967285,184.51460083007814,64.48429555777808,3.502231290548366,3.55902475481477,-0.0567934642664043,199.1220188638562,193.1090003967285,187.0959819296008,2.75193110124325,61785460.0,0.005360166700849378,0.005345852136834865,1.05999755859375,1,194.8300018310547
2023-12-20,192.6493377685547,194.8300018310547,197.67999267578125,194.8300018310547,196.89999389648438,52242800,195.91700286865233,193.31850051879883,184.84340087890624,58.18493512486199,3.2273157855181864,3.4926829609554533,-0.26536717543726684,199.26442398569833,193.31850051879883,187.37257705189933,2.758935368634915,62900770.0,-0.010713925988598105,-0.010771733360343535,2.8499908447265625,1,194.67999267578125
2023-12-21,192.50099182128906,194.67999267578125,197.0800018310547,193.5,196.10000610351562,46482500,195.95800170898437,193.48700027465821,185.1410006713867,57.75298184249691,2.9631810750537397,3.3867825837751107,-0.4236015087213709,199.3865216581097,193.48700027465821,187.58747889120673,2.81758297309347,62801250.0,-0.0007699489496669765,-0.0007702455125948375,3.5800018310546875,1,193.60000610351562
2023-12-22,191.43309020996094,193.60000610351562,195.41000366210938,192.97000122070312,195.17999267578125,37149600,195.74700164794922,193.66850051879882,185.3988006591797,54.609713928757074,2.6363167055341705,3.2366894081269226,-0.6003727025927521,199.3431177564348,193.66850051879882,187.99388328116285,2.7906129351158113,61175570.0,-0.005547496470601487,-0.005562940974518443,2.44000244140625,0,193.0500030517578
2023-12-26,190.88926696777344,193.0500030517578,193.88999938964844,192.8300018310547,193.61000061035156,28919300,195.73400268554687,193.83150100708008,185.68280059814452,53.02688305157299,2.3063080049950315,3.0506131275005446,-0.7443051225055131,199.2317739918035,193.83150100708008,188.43122802235666,2.666997551078521,57973130.0,-0.0028409247645567737,-0.002844967850533354,1.05999755859375,0,193.14999389648438
2023-12-27,190.98812866210938,193.14999389648438,193.5,191.08999633789062,192.49000549316406,48087700,195.5780014038086,193.96900100708007,185.97140045166014,53.29193822151598,2.0294479451206655,2.846380091024569,-0.8169321459039036,199.14830264802336,193.96900100708007,188.78969936613677,2.6486408447235816,57512210.0,0.0005179530854488856,0.0005178189940495606,2.410003662109375,0,193.5800018310547
2023-12-28,191.413330078125,193.5800018310547,194.66000366210938,193.1699981689453,194.13999938964844,34049900,195.14000091552734,194.17950134277345,186.30000061035156,54.48146998749512,1.8237098081464183,2.641846034448939,-0.8181362263025207,198.91743517085774,194.17950134277345,189.44156751468915,2.567310053359397,53876780.0,0.002226290179438317,0.002223815667430748,1.4900054931640625,0,192.52999877929688
2023-12-29,190.3750762939453,192.52999877929688,194.39999389648438,191.72999572753906,193.89999389648438,42672100,194.58200073242188,194.30850143432616,186.63380065917968,51.06183765920385,1.557975015127255,2.4250718305846024,-0.8670968154573475,198.70712430080766,194.30850143432616,189.90987856784466,2.574644918758391,51460830.0,-0.005424129774904141,-0.0054388937789295,2.6699981689453125,0,185.63999938964844
2024-01-02,183.56216430664062,185.63999938964844,188.44000244140625,183.88999938964844,187.14999389648438,82488700,193.38899993896484,194.02850112915038,186.83740051269533,35.3723736657564,0.7823939580020749,2.096536256068097,-1.314142298066022,199.70121957002786,194.02850112915038,188.3557826882729,3.0078845238219656,46855860.0,-0.03578662771169838,-0.0364426683157658,4.5500030517578125,0,184.25
2024-01-03,182.187744140625,184.25,185.8800048828125,183.42999267578125,184.22000122070312,58414500,192.225,193.76950149536134,187.06480041503906,33.158816237552145,0.054945668966212224,1.68821813864772,-1.6332724696815077,200.61099052448932,193.76950149536134,186.92801246623335,2.968036501194057,47122120.0,-0.007487607165581278,-0.007515780015705521,2.45001220703125,0,181.91000366210938
2024-01-04,179.87391662597656,181.91000366210938,183.08999633789062,180.8800048828125,182.14999389648438,71983600,190.7220001220703,193.19400177001953,187.24300048828124,29.7801959037089,-0.7022849852265551,1.210117513872865,-1.9124024990994202,201.77224632567032,193.19400177001953,184.61575721436873,2.9967478309078746,50249070.0,-0.012700115809447077,-0.012781451663886221,2.209991455078125,0,181.17999267578125
2024-01-05,179.15208435058594,181.17999267578125,182.75999450683594,180.1699981689453,181.99000549316406,62379700,189.35699920654298,192.63700103759766,187.39780029296875,28.794487128601972,-1.3457881122330662,0.6989363886516788,-2.0447245008847448,202.689850884179,192.63700103759766,182.5841511910163,2.967694152835214,51262760.0,-0.004013033761925966,-0.0040211075895140265,2.589996337890625,0,185.55999755859375
2024-01-08,183.48306274414062,185.55999755859375,185.60000610351562,181.5,182.08999633789062,59144500,188.44499969482422,192.2015007019043,187.68700012207032,41.34010929482108,-1.4852185132562,0.26210540827010315,-1.747323921526303,202.67931553151968,192.2015007019043,181.72368587228894,3.07143124389944,52528960.0,0.024174881663950876,0.023887294910533066,4.100006103515625,0,185.13999938964844
2024-01-09,183.06776428222656,185.13999938964844,185.14999389648438,182.72999572753906,183.9199981689453,42841800,187.5989990234375,191.67300033569336,188.05200012207033,40.601394126123296,-1.6110374162727226,-0.11252315663846199,-1.4985142596342607,202.45160833138425,191.67300033569336,180.89439234000247,3.0541862858391005,53098180.0,-0.002263409002323802,-0.0022659743842163706,2.4199981689453125,0,186.19000244140625
2024-01-10,184.10604858398438,186.19000244140625,186.39999389648438,183.9199981689453,184.35000610351562,46792900,186.91299896240236,191.3235008239746,188.41140014648437,43.3278767130775,-1.6074931519286793,-0.4115171556965055,-1.1959759962321739,202.3347786194505,191.3235008239746,180.3122230284987,3.0131726745319547,54885540.0,0.005671400319862574,0.0056553784780440505,2.4799957275390625,0,185.58999633789062
2024-01-11,183.51275634765625,185.58999633789062,187.0500030517578,183.6199951171875,186.5399932861328,49128400,186.15699920654296,190.86750030517578,188.71740020751952,42.13760499525744,-1.6342610311198769,-0.6560659307811798,-0.978195100338697,202.03430034397365,190.86750030517578,179.7007002663779,3.042946621677552,54989610.0,-0.0032225473744458277,-0.0032277509624493044,3.4300079345703125,0,185.9199981689453
2024-01-12,183.8390655517578,185.9199981689453,186.74000549316406,185.19000244140625,186.05999755859375,40477800,185.39099884033203,190.2654998779297,189.0204000854492,43.064031107933936,-1.6102840265146483,-0.8469095499278736,-0.7633744765867747,201.13208310795264,190.2654998779297,179.39891664790676,2.9363077952547134,55632400.0,0.0017781229460982484,0.0017765439569733025,1.5500030517578125,0,183.6300048828125
2024-01-16,181.57469177246094,183.6300048828125,184.25999450683594,180.92999267578125,182.16000366210938,65603000,184.5009994506836,189.54150009155273,189.2136001586914,38.46200720798226,-1.7558253360281242,-1.0286927071479237,-0.7271326288802005,200.14737811980547,189.54150009155273,178.9356220633,3.0830004879625243,57925490.0,-0.012317089655153213,-0.012393573693348117,3.3300018310546875,0,182.67999267578125
2024-01-17,180.63528442382812,182.67999267578125,182.92999267578125,180.3000030517578,181.27000427246094,47317400,184.2049987792969,188.79699935913087,189.31579986572265,36.70937480243049,-1.9256284715522156,-1.208079860028782,-0.7175486115234335,199.13103025294055,188.79699935913087,178.46296846532118,3.100643441040536,54408360.0,-0.005173512943255187,-0.005186941897946375,2.6299896240234375,0,188.6300048828125
2024-01-18,186.51873779296875,188.6300048828125,189.13999938964844,185.8300018310547,186.08999633789062,78005800,184.64299926757812,188.43399963378906,189.5554000854492,51.58858878519791,-1.562075783763163,-1.2788790447756584,-0.2831967389875045,198.2425962131301,188.43399963378906,178.62540305444801,3.3405979605281537,56367490.0,0.032570683411353496,0.032051502019659395,3.30999755859375,1,191.55999755859375
2024-01-19,189.41590881347656,191.55999755859375,191.9499969482422,188.82000732421875,189.3300018310547,68903000,185.60799865722657,188.16499938964844,189.80200012207033,56.955139851579084,-1.0257080139656978,-1.2282448386136664,0.20253682464796863,197.29752796520785,188.16499938964844,179.03247081408904,3.3391261108782637,56059430.0,0.015533014896551123,0.015413612486248647,3.1299896240234375,1,193.88999938964844
2024-01-22,191.71987915039062,193.88999938964844,195.3300018310547,192.25999450683594,192.3000030517578,60133900,186.87899932861328,188.1179992675781,190.0433999633789,60.687257112706796,-0.4079187831403601,-1.0641796275190052,0.6562608443786451,197.1216049691135,188.1179992675781,179.11439356604274,3.3699031224198834,55834850.0,0.01216330058858972,0.012089922065442798,3.07000732421875,1,195.17999267578125
2024-01-23,192.9954071044922,195.17999267578125,195.75,193.8300018310547,195.02000427246094,42355600,187.84099884033202,188.14299926757812,190.28919982910156,62.61964062314482,0.18365821293161844,-0.8146120594288805,0.9982702723604989,197.2218105504698,188.14299926757812,179.06418798468644,3.2663384828859856,54155960.0,0.006653222395139657,0.006631187392870378,1.9199981689453125,1,194.5
2024-01-24,192.3230438232422,194.5,196.3800048828125,194.33999633789062,195.4199981689453,53631300,188.7769989013672,188.18799896240233,190.53099975585937,60.91975540969563,0.5908070623509332,-0.5335282350729178,1.124335297423851,197.38273774940072,188.18799896240233,178.99326017540395,3.1787434873171208,55234910.0,-0.0034839261261312426,-0.0034900091293561765,2.040008544921875,1,194.1699981689453
2024-01-25,191.99673461914062,194.1699981689453,196.27000427246094,193.11000061035156,195.22000122070312,54822100,189.5749984741211,188.2439987182617,190.6863998413086,60.06754718440807,0.8767405497337393,-0.2514744781115864,1.1282150278453256,197.56921848076283,188.2439987182617,178.9187789557606,3.1774049283737105,56037830.0,-0.0016966675118492702,-0.001698108482301312,3.160003662109375,1,192.4199981689453
2024-01-26,190.26629638671875,192.4199981689453,194.75999450683594,191.94000244140625,194.27000427246094,44594000,190.25799865722655,188.20749893188477,190.83879974365234,55.623750113476696,0.9511700278857518,-0.010945576912118782,0.9621156047978705,197.4610620956608,188.20749893188477,178.95393576810875,3.151875438163423,55584390.0,-0.009012720896651283,-0.00905358115900819,2.8199920654296875,1,191.72999572753906
2024-01-29,189.58404541015625,191.72999572753906,192.1999969482422,189.5800018310547,192.00999450683594,47145600,190.83899841308593,188.114998626709,190.924599609375,53.92964957475888,0.9436012473184405,0.1799637879339931,0.7636374593844475,197.18710120852117,188.114998626709,179.04289604489682,3.1295983595725088,56251170.0,-0.003585918553020817,-0.0035923633706288183,2.6199951171875,1,188.0399932861328
2024-01-30,185.93531799316406,188.0399932861328,191.8000030517578,187.47000122070312,190.94000244140625,55859400,191.27999725341797,187.89049835205077,190.92519958496095,45.88179650085186,0.6325588313507637,0.2704827966173472,0.36207603473341654,196.7338078938677,187.89049835205077,179.04718881023385,3.2153414646783784,55276810.0,-0.01924582758897042,-0.01943343959509632,4.3300018310546875,1,184.39999389648438
2024-01-31,182.33607482910156,184.39999389648438,187.10000610351562,184.35000610351562,187.0399932861328,55467800,191.45199737548828,187.82849807739257,190.81899932861327,39.60345597323949,0.0912856614742168,0.23464336958872112,-0.14335770811450432,196.75108305435248,187.82849807739257,178.90591310043266,3.249244730245436,56091850.0,-0.01935758093816564,-0.01954739242829894,2.75,0,186.86000061035156
2024-02-01,184.76852416992188,186.86000061035156,186.9499969482422,183.82000732421875,183.99000549316406,64885400,191.27499694824218,187.95899810791016,190.76239929199218,45.07367436518486,-0.13758919998923602,0.1601968556731297,-0.2977860556623657,196.74369328816329,187.95899810791016,179.17430292765704,3.240726508372436,54779810.0,0.013340600842146166,0.013252398607999679,3.1299896240234375,0,185.85000610351562
2024-02-02,183.7698516845703,185.85000610351562,187.3300018310547,179.25,179.86000061035156,102551700,190.70399780273436,188.15599822998047,190.65039947509766,43.338151410313365,-0.39590850566986546,0.048975783404530654,-0.44488428907439614,196.55761330753748,188.15599822998047,179.75438315242346,3.586389031421168,58144680.0,-0.0054050867148502935,-0.005419747046821537,8.080001831054688,0,187.67999267578125
2024-02-05,185.57933044433594,187.67999267578125,189.25,185.83999633789062,188.14999389648438,69668800,190.08299713134767,188.48099822998046,190.5911993408203,47.29774126556291,-0.4478018134079207,-0.050379735957959616,-0.39742207744996105,196.25769556692975,188.48099822998046,180.70430089303116,3.5737900764703254,59098170.0,0.009846577950857638,0.00979841629578317,3.410003662109375,0,189.3000030517578
2024-02-06,187.1812286376953,189.3000030517578,189.30999755859375,186.77000427246094,186.86000061035156,43490800,189.4949981689453,188.66799850463866,190.5509994506836,50.58953760713137,-0.35412421183238507,-0.11112863113284471,-0.24299558069954036,196.33382199952786,188.66799850463866,181.00217500974946,3.4999474485890745,59211690.0,0.0086317691773099,0.008594728456425801,2.5399932861328125,1,189.41000366210938
2024-02-07,187.29000854492188,189.41000366210938,191.0500030517578,188.61000061035156,190.63999938964844,53439000,188.98599853515626,188.88149871826172,190.53979949951173,50.8141871630539,-0.26791949852622565,-0.1424868046115209,-0.12543269391470474,196.37838335586915,188.88149871826172,181.3846140806543,3.4242370909331585,59192460.0,0.0005810914346444651,0.0005809226663934482,2.44000244140625,1,188.32000732421875
2024-02-08,186.21218872070312,188.32000732421875,189.5399932861328,187.35000610351562,189.38999938964844,40962000,188.4009994506836,188.98799896240234,190.51039978027345,48.46287418548517,-0.2842782543884823,-0.1708450945669132,-0.1134331598215691,196.38881879111304,188.98799896240234,181.58717913369165,3.3360763831963034,57806450.0,-0.005754692554861496,-0.005771314598571634,2.1899871826171875,0,188.85000610351562
2024-02-09,186.97454833984375,188.85000610351562,189.99000549316406,188.0,188.64999389648438,45155200,188.04400024414062,189.1509994506836,190.47940002441408,49.6820954231049,-0.25157620032652517,-0.1869913157188356,-0.06458488460768957,196.38704682054652,189.1509994506836,181.91495208082068,3.2399284624797144,57862570.0,0.0028143519471321987,0.002810399073472704,1.9900054931640625,0,187.14999389648438
2024-02-12,185.2914276123047,187.14999389648438,188.6699981689453,186.7899932861328,188.4199981689453,41781900,187.58600006103515,189.21249923706054,190.435,45.928827741566906,-0.3587014770459689,-0.22133334798426224,-0.13736812906170665,196.3580001595341,189.21249923706054,182.06699831458698,3.1556487735442214,57326200.0,-0.009001917670574011,-0.009042679740372516,1.8800048828125,0,185.0399932861328
2024-02-13,183.20236206054688,185.0399932861328,186.2100067138672,183.50999450683594,185.77000427246094,56529500,187.28600006103517,189.28299865722656,190.3367999267578,41.716406890440965,-0.6068629080417338,-0.2984392599957566,-0.3084236480459772,196.23191334220857,189.28299865722656,182.33408397224454,3.190245246123094,57393210.0,-0.011274382469489308,-0.011338420097622396,2.70001220703125,0,184.14999389648438
2024-02-14,182.32122802734375,184.14999389648438,185.52999877929688,182.44000244140625,185.32000732421875,54630500,187.26100006103516,189.35649871826172,190.19499969482422,40.04793707539826,-0.8653726653118667,-0.41182594105897863,-0.4535467242528881,196.0509304521604,189.35649871826172,182.66206698436304,3.183084609820775,57309480.0,-0.004809767736384418,-0.004821371893041141,3.089996337890625,0,183.86000061035156
2024-02-15,182.03408813476562,183.86000061035156,184.49000549316406,181.35000610351562,183.5500030517578,65434500,186.96100006103515,189.11799850463868,190.08359985351564,39.493666490107564,-1.0811803707243257,-0.545696826992048,-0.5354835437322777,196.22606620716516,189.11799850463868,182.0099308021122,3.1800070940941794,57364390.0,-0.0015747667431138535,-0.0015760079915504534,3.1399993896484375,0,182.30999755859375
2024-02-16,180.49949645996094,182.30999755859375,184.85000610351562,181.6699981689453,183.4199981689453,49752500,186.60699920654298,188.65549850463867,189.86139984130858,36.57953492888143,-1.3615863050683288,-0.7088747226073042,-0.6527115824610246,196.25458430255333,188.65549850463867,181.05641270672402,3.1800071541281887,52084470.0,-0.008430343993322875,-0.008466080331399369,3.1800079345703125,0,181.55999755859375
2024-02-20,179.75694274902344,181.55999755859375,182.42999267578125,180.0,181.7899932861328,53665600,185.99499969482423,188.03899841308595,189.6461996459961,35.22513248466784,-1.625589970949619,-0.8922177722757673,-0.7333721986738518,195.83739839927307,188.03899841308595,180.24059842689883,3.1264346913891217,50484150.0,-0.004113872031395016,-0.0041223572824271755,2.42999267578125,0,182.32000732421875
2024-02-21,180.5093994140625,182.32000732421875,182.88999938964844,180.66000366210938,181.94000244140625,41371400,185.2970001220703,187.3959991455078,189.40719970703125,37.74081356322814,-1.7532776484312649,-1.064429747506867,-0.688847900924398,194.84609056206642,187.3959991455078,179.94590772894918,3.062403336828403,50272210.0,0.004185997884141424,0.004177260968319589,2.2299957275390625,0,184.3699951171875
2024-02-22,182.53903198242188,184.3699951171875,184.9600067138672,182.4600067138672,183.47999572753906,52292200,184.79299926757812,186.88949890136718,189.18039947509766,44.05251443630138,-1.669805689772005,-1.1855049359598946,-0.48430075381211046,193.68770944338343,186.88949890136718,180.09128835935093,3.0322316263155487,50157530.0,0.011243899246467626,0.011181156488774513,2.5,0,182.52000427246094
2024-02-23,180.70741271972656,182.52000427246094,185.0399932861328,182.22999572753906,185.00999450683594,45119700,184.21299896240234,186.30699920654297,188.96719970703126,40.101516928419855,-1.7329559241365189,-1.2949951335952194,-0.43796079054129944,192.47755880361913,186.30699920654297,180.1364396094668,3.0163577643354205,50573300.0,-0.010034121026855192,-0.010084802131148877,2.80999755859375,0,181.16000366210938
2024-02-26,179.36090087890625,181.16000366210938,182.75999450683594,180.64999389648438,182.24000549316406,40867400,183.44399871826172,185.74399948120117,188.6961996459961,37.44287728896923,-1.8711738952007693,-1.4102308859163295,-0.46094300928443976,191.62893723296614,185.74399948120117,179.8590617294362,2.951617967622288,50144520.0,-0.007451241390074692,-0.007479140564589172,2.1100006103515625,0,182.6300048828125
2024-02-27,180.81631469726562,182.6300048828125,183.9199981689453,179.55999755859375,181.10000610351562,54318900,182.99199981689452,185.28899993896485,188.389599609375,41.924687918806434,-1.840875354694134,-1.4963597796718906,-0.3445155750222435,190.63477923369197,185.28899993896485,179.94322064423773,3.052216727817236,51398220.0,0.008114380608232441,0.008081636037250204,4.3600006103515625,0,181.4199981689453
2024-02-28,179.6183319091797,181.4199981689453,183.1199951171875,180.1300048828125,182.50999450683594,48953900,182.63000030517577,184.95800018310547,188.0557995605469,39.42111411237155,-1.8926832975151626,-1.575624483240545,-0.3170588142746176,190.40036685344927,184.95800018310547,179.51563351276167,3.0477719782856476,50640660.0,-0.006625454095802064,-0.006647499846148286,2.989990234375,0,180.75
2024-02-29,178.95497131347656,180.75,182.57000732421875,179.52999877929688,181.27000427246094,136682600,182.29000091552734,184.77550048828124,187.7193994140625,38.06563099423121,-1.9651516730598644,-1.653529921204409,-0.3116217518554554,190.51704290517998,184.77550048828124,179.0339580713825,3.0472174473310925,58845870.0,-0.003693077806788292,-0.0036999140550196753,3.040008544921875,0,179.66000366210938
2024-03-01,177.87583923339844,179.66000366210938,180.52999877929688,177.3800048828125,179.5500030517578,73563100,181.87000122070313,184.41550064086914,187.39479949951172,35.902766835147716,-2.086485274323394,-1.7401209918282061,-0.3463642824951878,190.4827523389969,184.41550064086914,178.34824894274138,3.070272995177979,59658730.0,-0.00603040850838521,-0.006048664854259358,3.149993896484375,0,175.10000610351562
2024-03-04,173.36109924316406,175.10000610351562,176.89999389648438,173.7899932861328,176.14999389648438,81510100,181.1490020751953,183.87800064086915,186.95799957275392,28.585267037896188,-2.5215300916761123,-1.8964028117977874,-0.625127279878325,191.13058946687164,183.87800064086915,176.62541181486665,3.2702542366635923,62834490.0,-0.025381261636673647,-0.025708922035495445,3.1100006103515625,0,170.1199951171875
2024-03-05,168.43052673339844,170.1199951171875,172.0399932861328,169.6199951171875,170.75999450683594,95132400,180.0050018310547,183.00000076293946,186.46379943847657,23.058037345066424,-3.230907618805645,-2.1633037731993587,-1.0676038456062864,192.1914111034533,183.00000076293946,173.80859042242562,3.4280940044967734,66981170.0,-0.028440952671264008,-0.02885323246585299,2.4199981689453125,0,169.1199951171875
2024-03-06,167.4404754638672,169.1199951171875,171.24000549316406,168.67999267578125,171.05999755859375,68587700,178.68500061035155,181.99100036621093,185.9525994873047,22.132589659091636,-3.8296403523822846,-2.496571089035944,-1.3330692633463408,192.5267776238561,181.99100036621093,171.45522310856575,3.366088205417205,69702800.0,-0.005878203789690617,-0.005895548433220087,2.5600128173828125,0,169.0
2024-03-07,167.32167053222656,169.0,170.72999572753906,168.49000549316406,169.14999389648438,71765100,177.14800109863282,180.97050018310546,185.46059936523437,22.018390380468546,-4.2646625848759925,-2.8501893882039537,-1.4144731966720387,192.35390108309628,180.97050018310546,169.58709928311464,3.2856526360570477,71650090.0,-0.0007095264939214196,-0.0007097783269727351,2.239990234375,0,170.72999572753906
2024-03-08,169.0345001220703,170.72999572753906,173.6999969482422,168.94000244140625,169.0,76267000,175.96900024414063,180.09099960327148,185.01419921875,27.802289304811723,-4.4188864687083935,-3.1639288043048417,-1.2549576644035518,191.78109225592576,180.09099960327148,168.4009069506172,3.3909627696841116,74764820.0,0.010236661109698675,0.010184621335404206,4.7599945068359375,0,172.75
2024-03-11,171.034423828125,172.75,174.3800048828125,172.0500030517578,172.94000244140625,60139500,175.12799987792968,179.2859992980957,184.60619934082033,33.96140374493885,-4.328219524406933,-3.39678694832526,-0.9314325760816726,190.66581389777588,179.2859992980957,167.90618469841553,3.4094660829404924,76692030.0,0.01183157220764297,0.011762126389301778,2.3300018310546875,0,173.22999572753906
2024-03-12,171.50967407226562,173.22999572753906,174.02999877929688,171.00999450683594,173.14999389648438,59825400,174.18799896240233,178.58999938964843,184.19919921875,35.37226259121181,-4.169569472692871,-3.5513434531987826,-0.6182260194940881,189.65928439246065,178.58999938964843,167.5207143868362,3.381647382191953,77242680.0,0.002778557033511264,0.0027747039795536412,3.0200042724609375,0,171.1300048828125
2024-03-13,169.4305419921875,171.1300048828125,173.19000244140625,170.75999450683594,172.77000427246094,52488700,173.15899963378905,177.8944999694824,183.77119934082032,32.13736382091551,-4.165275175086634,-3.674129797576353,-0.4911453775102812,189.00323581363443,177.8944999694824,166.7857641253304,3.3165297992284652,77596160.0,-0.012122559005482425,-0.01219663650520539,2.4300079345703125,0,173.0
2024-03-14,171.28195190429688,173.0,174.30999755859375,172.0500030517578,172.91000366210938,72913500,172.38399963378907,177.3370002746582,183.51839935302735,37.60911980534752,-3.965269773880607,-3.732357792837204,-0.23291198104340305,188.2514756881783,177.3370002746582,166.42252486113813,3.3067771475536643,71219250.0,0.010927336316434166,0.010868064375651553,2.2599945068359375,0,172.6199951171875
2024-03-15,170.9057159423828,172.6199951171875,172.6199951171875,170.2899932861328,171.1699981689453,121752700,171.67999877929688,176.775,183.2857992553711,36.95700191375157,-3.793695905765418,-3.744625415422847,-0.04907049034257094,187.44282626277268,176.775,166.10717373722733,3.26415068800463,76038210.0,-0.002196560016257232,-0.0021989759927496765,2.3300018310546875,0,173.72000122070312
2024-03-18,171.9947967529297,173.72000122070312,177.7100067138672,173.52000427246094,175.57000732421875,75604200,171.54199829101563,176.34550018310546,183.12199920654297,40.189942811322,-3.5282891586053893,-3.7013581640593554,0.17306900545396608,186.77641580520822,176.34550018310546,165.9145845610027,3.394569324338563,75447620.0,0.006372414173507979,0.006352196188434696,4.19000244140625,0,176.0800018310547
2024-03-19,174.3313751220703,176.0800018310547,176.61000061035156,173.02999877929688,174.33999633789062,55215200,172.13799896240235,176.0715003967285,183.01999938964843,46.52581991746376,-3.0918788190233784,-3.5794622950521604,0.48758347602878205,186.22431274025595,176.0715003967285,165.91868805320107,3.407814503389715,71455900.0,0.013585082856137465,0.013493632923735259,3.5800018310546875,1,178.6699981689453
2024-03-20,176.8956298828125,178.6699981689453,178.6699981689453,175.08999633789062,175.72000122070312,53423100,173.09299926757814,175.88899993896484,182.88219940185547,52.47584320330585,-2.508117405570175,-3.3651933171557635,0.8570759115855884,185.7118326864167,175.88899993896484,166.066167191513,3.420113598222927,69939440.0,0.014709202129471022,0.014602071079627316,3.5800018310546875,1,171.3699951171875
2024-03-21,169.66812133789062,171.3699951171875,177.49000549316406,170.83999633789062,177.0500030517578,106181300,173.3299987792969,175.23899993896484,182.60679931640624,39.22722254202815,-2.604508366046872,-3.213056326933985,0.6085479608871132,184.43121774848487,175.23899993896484,166.0467821294448,3.7351056148537674,73381060.0,-0.04085746418856029,-0.04171558551687715,6.6500091552734375,0,172.27999877929688
2024-03-22,170.56910705566406,172.27999877929688,173.0500030517578,170.05999755859375,171.75999450683594,71160100,173.48499908447266,174.72699966430665,182.32859924316406,41.21949767638102,-2.5777544575791183,-3.0859959530630117,0.5082414954838934,183.36394495094382,174.72699966430665,166.09005437766947,3.681884177590217,72870370.0,0.005310169154682409,0.005296119920383778,2.9900054931640625,0,170.85000610351562
2024-03-25,169.15330505371094,170.85000610351562,171.94000244140625,169.4499969482422,170.57000732421875,54288300,173.2949996948242,174.21149978637695,182.03379943847656,39.05294441880091,-2.641490788812547,-2.997094920212919,0.35560413140037195,182.47366482435083,174.21149978637695,165.94933474840306,3.6210354385519645,72285250.0,-0.0083003986876804,-0.00833503881462208,2.4900054931640625,0,169.7100067138672
2024-03-26,168.02462768554688,169.7100067138672,171.4199981689453,169.5800018310547,170.0,57388400,172.94300079345703,173.56549987792968,181.709599609375,37.36675058574564,-2.75226432398091,-2.948128800966517,0.19586447698560727,181.08032189528265,173.56549987792968,166.0506778605767,3.4938183599332975,72041550.0,-0.006672515943357493,-0.00669487670171546,1.839996337890625,0,173.30999755859375
2024-03-27,171.58888244628906,173.30999755859375,173.60000610351562,170.11000061035156,170.41000366210938,60273300,173.16100006103517,173.1599998474121,181.50319946289062,45.386087573562236,-2.5205091137901547,-2.862604863531245,0.34209574974109014,179.7546383105744,173.1599998474121,166.56536138424983,3.52211700491295,72820010.0,0.021212602099510702,0.02099074679035559,3.4900054931640625,1,171.47999572753906
2024-03-28,169.77703857421875,171.47999572753906,172.22999572753906,170.50999450683594,171.75,65672700,173.00899963378907,172.69649963378907,181.27919952392577,42.41325829901464,-2.4561938203767966,-2.7813226549003556,0.325128834523559,178.32435792740378,172.69649963378907,167.06864134017437,3.4705374368304405,72095930.0,-0.010559124440792766,-0.010615267559789551,1.720001220703125,0,170.02999877929688
2024-04-01,168.34144592285156,170.02999877929688,171.25,169.47999572753906,171.19000244140625,46240500,172.75,172.21499938964843,180.90719940185548,40.168189145308126,-2.493482804936889,-2.723754684907662,0.23027187997077325,176.95518785884397,172.21499938964843,167.47481092045288,3.365499048485409,64544710.0,-0.008455779008450959,-0.008491731924507051,1.7700042724609375,0,168.83999633789062
2024-04-02,167.16322326660156,168.83999633789062,169.33999633789062,168.22999572753906,169.0800018310547,49329500,172.26199951171876,171.9019989013672,180.4527993774414,38.37296417136348,-2.589211032554118,-2.696845954436953,0.10763492188283497,176.66550452988295,171.9019989013672,167.13849327285143,3.253677905862009,61917240.0,-0.006998779332762939,-0.007023385665577959,1.1100006103515625,0,169.64999389648438
2024-04-03,167.96522521972656,169.64999389648438,170.67999267578125,168.5800018310547,168.7899932861328,47691700,171.6189987182617,171.87849884033204,179.96799926757814,40.32788249816324,-2.570089912394309,-2.6714947460284244,0.10140483363411557,176.68141198471267,171.87849884033204,167.07558569595142,3.171271687209477,61164890.0,0.004797427008780275,0.004785956028658185,2.0999908447265625,0,168.82000732421875
2024-04-04,167.14349365234375,168.82000732421875,171.9199981689453,168.82000732421875,170.2899932861328,53704400,170.63399963378907,171.8634994506836,179.44079956054688,38.963951582309626,-2.592029958918289,-2.6556017886063974,0.06357182968810848,176.70251590637085,171.8634994506836,167.02448299499636,3.1661801984606974,61193020.0,-0.00489234660846527,-0.004904353312780784,3.0999908447265625,0,169.5800018310547
2024-04-05,167.8959197998047,169.5800018310547,170.38999938964844,168.9499969482422,169.58999633789062,42104800,170.4550003051758,171.89249954223632,178.94239959716796,40.93387571109677,-2.5190543086818593,-2.62829229262149,0.10923798393963047,176.6690739101415,171.89249954223632,167.11592517433115,3.0521667603870535,54785370.0,0.004501803541427263,0.004491700733089156,1.44000244140625,0,168.4499969482422
2024-04-08,166.77713012695312,168.4499969482422,169.1999969482422,168.24000549316406,169.02999877929688,37425500,170.0720001220703,171.77849960327148,178.42799957275392,38.92238916685736,-2.52331532198383,-2.6072968984939577,0.08398157651012772,176.76483699116324,171.77849960327148,166.79216221537973,2.9298688730658804,51411910.0,-0.0066635503633162285,-0.0066858509375796425,0.959991455078125,0,169.6699981689453
2024-04-09,167.98501586914062,169.6699981689453,170.0800018310547,168.35000610351562,168.6999969482422,42373800,169.9539993286133,171.62449951171874,177.9729995727539,42.22342822283853,-2.400575957853988,-2.5659527103659636,0.1653767525119756,176.67119045615323,171.62449951171874,166.57780856728425,2.8441636483853934,50220460.0,0.007242512572309456,0.0072164115271257925,1.7299957275390625,0,167.77999877929688
2024-04-10,166.11378479003906,167.77999877929688,169.08999633789062,167.11000061035156,168.8000030517578,49709300,169.76099853515626,171.35199966430665,177.49399963378906,38.73110381969974,-2.4278248294866103,-2.538327134190093,0.11050230470348277,176.60676686921644,171.35199966430665,166.09723245939685,2.823866070543133,49452550.0,-0.01113926687125033,-0.011201773120458362,1.9799957275390625,0,175.0399932861328
2024-04-11,173.3016815185547,175.0399932861328,175.4600067138672,168.16000366210938,168.33999633789062,91070300,169.93399810791016,171.54749908447266,177.23399963378907,54.350290524886056,-1.8423612801692286,-2.3991339633859203,0.5567726832166917,177.04023076724926,171.54749908447266,166.05476740169607,3.170733346545074,52532250.0,0.04327091762818491,0.042360890734896434,7.3000030517578125,1,176.5500030517578
2024-04-12,174.79669189453125,176.5500030517578,178.36000061035156,174.2100067138672,174.25999450683594,101670900,170.44099884033204,171.72499923706056,177.07699981689453,56.81614754432797,-1.2422125775468658,-2.1677496862181096,0.9255371086712438,177.60948167215383,171.72499923706056,165.84051680196728,3.2406805286835954,56132070.0,0.00862665575607413,0.008589658782483604,4.149993896484375,1,172.69000244140625
2024-04-15,170.97503662109375,172.69000244140625,176.6300048828125,172.5,175.36000061035156,73531800,170.70699920654297,171.72849960327147,176.79359985351562,49.46109321998874,-1.0657746104770922,-1.9473546710699063,0.8815800605928141,177.61519028908617,171.72849960327147,165.84180891745677,3.30420369683566,58861200.0,-0.021863497839872292,-0.022106045925824505,4.1300048828125,1,169.3800048828125
2024-04-16,167.69790649414062,169.3800048828125,173.75999450683594,168.27000427246094,171.75,73711200,170.76100006103516,171.51149978637696,176.46419982910157,44.17955504705079,-1.1794395456751658,-1.7937716459909583,0.6143321003157924,177.4085025250814,171.51149978637696,165.61449704767253,3.460331306659899,61299370.0,-0.019167279586534414,-0.019353353413071633,5.489990234375,0,168.0
2024-04-17,166.33160400390625,168.0,170.64999389648438,168.0,169.61000061035156,50901200,170.59600067138672,171.1074996948242,176.07059997558594,42.158316354679286,-1.3651382229273565,-1.708044961378238,0.3429067384508815,176.80079935037463,171.1074996948242,165.4142000392738,3.402450063075933,61620320.0,-0.008147389556206863,-0.00818076091775587,2.649993896484375,0,167.0399932861328
2024-04-18,165.38111877441406,167.0399932861328,168.63999938964844,166.5500030517578,168.02999877929688,43122900,170.41799926757812,170.5259994506836,175.62539978027343,40.76123427316157,-1.5716532409926458,-1.6807666173011198,0.10911337630847395,175.3147086582762,170.5259994506836,165.737290243091,3.3087033684198395,60562170.0,-0.0057143256777808515,-0.00573071490215623,2.089996337890625,0,165.0
2024-04-19,163.36138916015625,165.0,166.39999389648438,164.0800018310547,166.2100067138672,68149400,169.95999908447266,170.2074996948242,175.13719970703124,37.88794798843072,-1.8782766854818362,-1.7202686309372632,-0.158008054544573,175.5451804407783,170.2074996948242,164.86981894887012,3.283795374609717,63166630.0,-0.012212603975853775,-0.012287790600522064,2.3199920654296875,0,165.83999633789062
2024-04-22,164.19305419921875,165.83999633789062,167.25999450683594,164.77000427246094,165.52000427246094,48116400,169.6989990234375,169.8854995727539,174.68759948730468,39.77061427396246,-2.030095611497984,-1.7822340270494075,-0.24786158444857653,175.45614280803778,169.8854995727539,164.31485633747002,3.2270950074500946,64235720.0,0.005090886896306879,0.005077972144759473,2.489990234375,0,166.89999389648438
2024-04-23,165.2425079345703,166.89999389648438,167.0500030517578,164.9199981689453,165.35000610351562,49537800,169.4219985961914,169.68799896240233,174.24859924316405,42.153413025054746,-2.0413488609789567,-1.8340569938353173,-0.20729186714363945,175.38647545612318,169.68799896240233,163.98952246868149,3.1487314271188382,64952120.0,0.006391688265803275,0.006371348052552827,2.1300048828125,0,169.02000427246094
2024-04-24,167.3414764404297,169.02000427246094,169.3000030517578,166.2100067138672,166.5399932861328,48251800,169.5459991455078,169.65349884033202,173.88599945068358,46.69554975479742,-1.8577846377197318,-1.8388025226122002,-0.01898211510753156,175.35937474405887,169.65349884033202,163.94762293660517,3.1445360636025375,64806370.0,0.012702279529689164,0.012622282296285559,3.089996337890625,0,169.88999938964844
2024-04-25,168.2028350830078,169.88999938964844,170.61000061035156,168.14999389648438,169.52999877929688,50558300,169.03099975585937,169.48249893188478,173.58299957275392,48.483248937225135,-1.623393859291184,-1.7957207899479972,0.17232693065681315,174.9393520433961,169.48249893188478,164.02564582037346,3.0956411100500127,60755170.0,0.005147290824730311,0.005134088807017054,2.4600067138671875,1,169.3000030517578
2024-04-26,167.61871337890625,169.3000030517578,171.33999633789062,169.17999267578125,169.8800048828125,44838400,168.30599975585938,169.3734992980957,173.28599975585936,47.324122719641196,-1.4683193805331314,-1.7302405080650243,0.2619211275318929,174.7529402039399,169.3734992980957,163.99405839225153,3.028809863768539,55071920.0,-0.003472813820767917,-0.0034788580363657065,2.160003662109375,0,173.5
2024-04-29,171.7769775390625,173.5,176.02999877929688,173.10000610351562,173.3699951171875,68169400,168.38699951171876,169.54699935913087,173.07879974365235,55.48329920143099,-0.9950468057998307,-1.5832017676119856,0.5881549618121549,175.21598327774907,169.54699935913087,163.87801544051266,3.2931802826092906,54535680.0,0.024808014604454476,0.02450529222208428,2.92999267578125,1,170.3300018310547
2024-04-30,168.6384735107422,170.3300018310547,174.99000549316406,170.0,173.3300018310547,65934800,168.48199920654298,169.62149963378906,172.83919982910157,49.27902001627676,-0.86578698658505,-1.4397188114065986,0.5739318248215486,175.29052295581326,169.62149963378906,163.95247631176485,3.4143820833632033,53758040.0,-0.01827088281812861,-0.018439856764385882,4.9900054931640625,1,169.3000030517578
2024-05-01,167.61871337890625,169.3000030517578,172.7100067138672,169.11000061035156,169.5800018310547,50383100,168.61199951171875,169.60400009155273,172.59399993896486,47.423420248630954,-0.8368136748754011,-1.3191377841003593,0.48232410922495816,175.27472404141935,169.60400009155273,163.93327614168612,3.427640941945519,53706230.0,-0.006047077838456816,-0.006065435457698386,3.600006103515625,0,173.02999877929688
2024-05-02,171.31166076660156,173.02999877929688,173.4199981689453,170.88999938964844,172.50999450683594,94214900,169.21100006103515,169.81449966430665,172.4081997680664,54.15572360180151,-0.5070279318818507,-1.1567158136566575,0.6496878817748069,175.66295538397404,169.81449966430665,163.96604394463927,3.4770948116056606,58815430.0,0.02203187040935095,0.021792675648863204,2.529998779296875,1,183.3800048828125
2024-05-03,181.55886840820312,183.3800048828125,187.0,182.66000366210938,186.64999389648438,163224100,171.04900054931642,170.50449981689454,172.3883999633789,66.84289708282185,0.5827708201101984,-0.8088184869032864,1.3915893070134848,178.81675715064716,170.50449981689454,162.1922424831419,4.226588126541194,68322900.0,0.05981625253732603,0.05809554643480651,4.339996337890625,1,181.7100067138672
2024-05-06,179.90545654296875,181.7100067138672,184.1999969482422,180.4199981689453,182.35000610351562,78569700,172.63600158691406,171.1675003051758,172.37220001220703,63.77601412831001,1.2967412610985036,-0.3877065373029284,1.684447798401432,180.73848896616778,171.1675003051758,161.5965116441838,4.194688887452314,71368230.0,-0.009106762593950823,-0.009148482639280829,3.779998779296875,1,182.39999389648438
2024-05-07,180.5885772705078,182.39999389648438,184.89999389648438,181.32000732421875,183.4499969482422,77305800,174.18600158691407,171.80400009155272,172.39699981689452,64.50073539400344,1.896383846114702,0.06911153938059766,1.8272723067341043,182.51700975096952,171.80400009155272,161.09099043213592,4.150781579224693,74145030.0,0.0037971886914498487,0.0037899975687550862,3.579986572265625,1,182.74000549316406
2024-05-08,180.92523193359375,182.74000549316406,183.07000732421875,181.4499969482422,182.85000610351562,45057100,175.55800170898436,172.5520004272461,172.39919982910158,64.87368040984924,2.3717015105079042,0.529629533606059,1.8420719769018452,184.0937196869826,172.5520004272461,161.0102811675096,3.9700122075641127,73825560.0,0.0018640987283840005,0.0018623634524984746,1.6200103759765625,1,184.57000732421875
2024-05-09,182.73704528808594,184.57000732421875,184.66000366210938,182.11000061035156,182.55999755859375,48983000,177.0260025024414,173.02850112915038,172.46220001220703,66.88985882766548,2.8630565046265133,0.99631492781015,1.8667415768163633,185.67569639359033,173.02850112915038,160.38130586471044,3.868582982149377,73668030.0,0.01001423758369735,0.009964427371333831,2.5500030517578125,1,183.0500030517578
2024-05-10,181.4779815673828,183.0500030517578,185.08999633789062,182.1300048828125,184.89999389648438,50759500,178.4010025024414,173.3535011291504,172.5082000732422,63.62330008331925,3.094139916977525,1.4158799256436252,1.6782599913339,186.66270670482808,173.3535011291504,160.04429555347272,3.8036835873585733,74260140.0,-0.008235380680192916,-0.0082694787638438,2.959991455078125,1,186.27999877929688
2024-05-13,184.6802215576172,186.27999877929688,187.10000610351562,184.6199951171875,185.44000244140625,72044800,179.6790023803711,174.03300094604492,172.64059997558593,67.2799696235932,3.4975907976034932,1.832222100035599,1.6653686975678943,188.4766464432568,174.03300094604492,159.58935544883303,3.8212778348156617,74647680.0,0.017645428427694565,0.01749155532315908,2.480010986328125,1,187.42999267578125
2024-05-14,185.82032775878906,187.42999267578125,188.3000030517578,186.2899932861328,187.50999450683594,52393600,181.38900146484374,174.93550033569335,172.88719970703124,68.49428105117443,3.865563612655592,2.2388904025595977,1.6266732100959942,190.3279230710621,174.93550033569335,159.5430776003246,3.69261543750461,73293560.0,0.006173469529849429,0.006154491732682881,2.010009765625,1,189.72000122070312
2024-05-15,188.09068298339844,189.72000122070312,190.64999389648438,187.3699951171875,187.91000366210938,70400000,183.43100128173828,176.02150039672853,173.27919982910157,70.81688064672872,4.292488139568746,2.6496099499614276,1.6428781896073188,192.34035922437053,176.02150039672853,159.70264156908652,3.6631428190612003,75295250.0,0.012217940748059153,0.01214390414981207,3.279998779296875,1,189.83999633789062
2024-05-16,188.20962524414062,189.83999633789062,191.10000610351562,189.66000366210938,190.47000122070312,52845200,185.11200103759765,177.1615005493164,173.69359985351562,70.93778025356202,4.5876281840818365,3.0372135967855094,1.550414587296327,193.9889609656879,177.1615005493164,160.3340401329449,3.5043470778001327,71158280.0,0.000632485327932919,0.0006322853933872297,1.44000244140625,1,189.8699951171875
2024-05-17,188.2393798828125,189.8699951171875,190.80999755859375,189.17999267578125,189.50999450683594,41282900,185.76100006103516,178.40500030517578,174.11099975585938,70.9701591858543,4.768975663640504,3.3835660101565086,1.385409653483995,195.12920447779257,178.40500030517578,161.68079613255898,3.370465492443873,58964160.0,0.00015802138577525326,0.00015800890171122084,1.6300048828125,1,191.0399932861328
2024-05-20,189.39935302734375,191.0399932861328,191.9199981689453,189.00999450683594,189.3300018310547,44361300,186.69399871826172,179.66500015258788,174.51719970703124,72.26788520775492,4.950042908525205,3.6968613898302483,1.2531815186949569,196.2089220374265,179.66500015258788,163.12107826774925,3.337575361705695,55543320.0,0.006162101432736655,0.006143193321744932,2.910003662109375,1,192.35000610351562
2024-05-21,190.69808959960938,192.35000610351562,192.72999572753906,190.9199981689453,191.08999633789062,42309400,187.68899993896486,180.93750076293946,174.90919982910157,73.68627543232364,5.1399964116474735,3.9854883941936934,1.15450801745378,197.27203835570893,180.93750076293946,164.60296317017,3.228462661483413,52043680.0,0.006857270013722827,0.006833865869144476,1.80999755859375,1,190.89999389648438
2024-05-22,189.26055908203125,190.89999389648438,192.82000732421875,190.27000427246094,192.27000427246094,34648500,188.50499877929687,182.03150024414063,175.26259979248047,69.45200745267061,5.1145744341977775,4.2113056021945106,0.9032688320032669,197.9523886702679,182.03150024414063,166.11061181801335,3.1800012607887274,51002820.0,-0.0075384047882530725,-0.007566962170221192,2.5500030517578125,1,186.8800048828125
2024-05-23,185.2750701904297,186.8800048828125,191.0,186.6300048828125,190.97999572753906,51005900,188.73599853515626,182.88100051879883,175.57759979248047,59.28137630559556,4.715688297678497,4.3121821412913075,0.40350615638718956,197.90785901473637,182.88100051879883,167.85414202286128,3.265000821960068,51205110.0,-0.021058088749084547,-0.021282972991457393,4.3699951171875,1,189.97999572753906
2024-05-24,188.3484344482422,189.97999572753906,190.5800018310547,188.0399932861328,188.82000732421875,36327000,189.4289978027344,183.91500015258788,175.91719970703124,63.69639985721108,4.5967233487292845,4.369090382778903,0.22763296595038174,197.86922185933352,183.91500015258788,169.96077844584224,3.2960719738373627,49761860.0,0.016588135507972,0.016452055205107004,2.540008544921875,1,189.99000549316406
2024-05-28,188.3583526611328,189.99000549316406,193.0,189.10000610351562,191.50999450683594,52280100,189.79999847412108,184.7395004272461,176.2645999145508,63.71008262934907,4.451931380300664,4.385658582283256,0.06627279801740826,198.0694589032237,184.7395004272461,171.4095419512685,3.3392092540264353,47785390.0,5.268852431883353e-05,5.268713632729002e-05,3.899993896484375,1,190.2899932861328
2024-05-29,188.65577697753906,190.2899932861328,192.25,189.50999450683594,189.61000061035156,53068000,190.08599853515625,185.7375,176.59599975585937,64.14622040210958,4.311686768802218,4.370864219587048,-0.059177450784829944,197.499244964885,185.7375,173.97575503511501,3.2964089853934087,47852830.0,0.0015789661787211084,0.0015777209222638902,2.7400054931640625,1,191.2899932861328
2024-05-30,189.64718627929688,191.2899932861328,192.17999267578125,190.6300048828125,190.75999450683594,49889100,190.2429977416992,186.83699951171874,176.90019958496094,65.62911255889797,4.232444560148991,4.343180287699437,-0.1107357275504457,196.09069191355113,186.83699951171874,177.58330710988636,3.195951157125911,45801740.0,0.005255137081729533,0.0052413770350908506,1.54998779296875,1,192.25
2024-05-31,190.5989532470703,192.25,192.57000732421875,189.91000366210938,191.44000244140625,75158300,190.48399810791017,187.7979995727539,177.17179962158204,67.03853158056779,4.198708954359972,4.314286021031545,-0.1155770666715723,194.8457083926964,187.7979995727539,180.7502907528114,3.1576691931961585,48033050.0,0.005018593484036549,0.005006042319038915,2.660003662109375,1,194.02999877929688
2024-06-03,192.3636474609375,194.02999877929688,194.99000549316406,192.52000427246094,192.89999389648438,50080500,190.8999984741211,188.33049926757812,177.62499969482423,69.53316555701949,4.266423593707231,4.304713535566682,-0.03828994185945156,195.56927011052807,188.33049926757812,181.09172842462817,3.1278360717652944,48912810.0,0.009258771283728873,0.009216171606116463,2.470001220703125,1,194.35000610351562
2024-06-04,192.680908203125,194.35000610351562,195.32000732421875,193.02999877929688,194.63999938964844,47471400,191.2309997558594,188.96249923706054,178.0663998413086,69.9731476364275,4.296383811723757,4.303047590798097,-0.006663779074339793,195.98267128978603,188.96249923706054,181.94232718433506,3.067991248419336,49223820.0,0.0016492672588364066,0.0016479087111245946,2.290008544921875,1,195.8699951171875
2024-06-05,194.18785095214844,195.8699951171875,196.89999389648438,194.8699951171875,195.39999389648438,54156800,191.58299865722657,189.6359992980957,178.56679962158202,72.0386735110951,4.392147962978612,4.3208676652342,0.07128029774441202,196.59285281953657,189.6359992980957,182.67914577665482,3.0309910016014365,50408560.0,0.007820884826019947,0.007790460234814007,2.029998779296875,1,194.47999572753906
2024-06-06,192.80979919433594,194.47999572753906,196.5,194.1699981689453,195.69000244140625,41181800,191.94099884033204,190.22299880981444,179.06219940185548,67.46802650289439,4.306240745978641,4.317942281383089,-0.011701535404447405,196.7192632273017,190.22299880981444,183.7267343923272,2.980920346562383,51061890.0,-0.007096540686677422,-0.007121840898579786,2.3300018310546875,1,196.88999938964844
2024-06-07,195.1990966796875,196.88999938964844,196.94000244140625,194.13999938964844,194.64999389648438,53103900,192.94199829101564,190.83899841308593,179.53379943847656,70.91380007575793,4.382111557603025,4.330776136627076,0.05133542097594912,197.41031077334122,190.83899841308593,184.26768605283064,2.9679976826477708,51271690.0,0.012392038847459208,0.012315886014550241,2.8000030517578125,1,193.1199951171875
2024-06-10,191.46145629882812,193.1199951171875,197.3000030517578,192.14999389648438,196.89999389648438,97010200,193.25599822998046,191.3424980163574,179.96659942626954,60.176143682502044,4.090874826370538,4.282795874575768,-0.1919210482052307,196.91699334590342,191.3424980163574,185.7680026868114,3.1238556449781756,57340010.0,-0.019147769232301326,-0.01933346198838391,5.1500091552734375,1,207.14999389648438
2024-06-11,205.3709716796875,207.14999389648438,207.16000366210938,193.6300048828125,193.64999389648438,172373300,194.9719970703125,192.3859977722168,180.7089993286133,75.21614937911004,4.935280425874481,4.4132927848355115,0.5219876410389697,200.84584627631014,192.3859977722168,183.92614926812345,3.903580852117011,69349330.0,0.07264912559045644,0.07013140699378369,13.529998779296875,1,213.07000732421875
2024-06-12,211.24014282226562,213.07000732421875,220.1999969482422,206.89999389648438,207.3699951171875,198134300,197.2499984741211,193.66799850463866,181.59359954833985,78.84641505272934,6.012861035950408,4.7332064350584915,1.2796546008919165,205.73647753584916,193.66799850463866,181.59951947342816,4.574753866377067,83855960.0,0.02857839054869915,0.02817764553280259,13.300003051757812,1,214.24000549316406
2024-06-13,212.4001007080078,214.24000549316406,216.75,211.60000610351562,214.74000549316406,97862700,199.5449996948242,194.8939987182617,182.48539978027344,79.4859556098983,6.881929903065924,5.162951128659978,1.7189787744059455,209.7654491461098,194.8939987182617,180.02254829041362,4.61584243995616,88653320.0,0.005491144359726752,0.0054761229911165004,5.149993896484375,1,212.49000549316406
2024-06-14,210.66514587402344,212.49000549316406,215.1699981689453,211.3000030517578,213.85000610351562,70122700,201.56900024414062,196.0264991760254,183.35879974365236,75.79481038138522,7.344796623420649,5.599320227612113,1.7454763958085362,212.5445230152418,196.0264991760254,179.508475336809,4.56256763118697,88149760.0,-0.008168409051202308,-0.0082019532980566,3.8699951171875,1,216.6699981689453
2024-06-17,214.80923461914062,216.6699981689453,218.9499969482422,212.72000122070312,213.3699951171875,93728300,203.83300018310547,197.3664993286133,184.30059967041015,78.37764119172584,7.957186812952671,6.070893544680225,1.8862932682724454,215.89520709807238,197.3664993286133,178.8377915591542,4.6980979043220525,92514540.0,0.019671478976528656,0.019480495982683053,6.2299957275390625,1,214.2899932861328
2024-06-18,212.4496612548828,214.2899932861328,218.6300048828125,213.0,217.58999633789062,79943300,205.82699890136718,198.52899932861328,185.21739959716797,73.56435264537969,8.15644156551889,6.488003148847959,1.6684384166709307,218.20597522459232,198.52899932861328,178.85202343263424,4.764662688499941,95761730.0,-0.010984469021671939,-0.011045243763487348,5.6300048828125,1,209.67999267578125
2024-06-20,207.87924194335938,209.67999267578125,214.24000549316406,208.85000610351562,213.92999267578125,86172500,207.20799865722657,199.39549865722657,186.0175994873047,65.21070041040971,7.85185260142714,6.760773039363796,1.091079562063344,219.43079339265645,199.39549865722657,179.36020392179668,4.812900152365458,98963300.0,-0.021512906597537684,-0.02174768241954588,5.3899993896484375,1,207.49000549316406
2024-06-21,205.70806884765625,207.49000549316406,211.88999938964844,207.11000061035156,210.38999938964844,241805100,208.50899963378907,200.22499923706056,186.81179962158203,61.630323912523984,7.349034890190012,6.87842540952904,0.47060948066097197,220.1581434507367,200.22499923706056,180.29185502338441,4.810550054289131,119025630.0,-0.010444426073609514,-0.010499351871975664,4.779998779296875,1,208.13999938964844
2024-06-24,206.3524932861328,208.13999938964844,212.6999969482422,206.58999633789062,207.72000122070312,80727000,209.63399963378907,201.28799896240236,187.47379974365234,62.29207528853811,6.923191069536443,6.887378541530522,0.03581252800592161,220.51615631559173,201.28799896240236,182.05984160921298,4.9033679511507335,121787940.0,0.00313265159417897,0.003127755064589419,6.1100006103515625,1,209.07000732421875
2024-06-25,207.27452087402344,209.07000732421875,211.3800048828125,208.61000061035156,209.14999389648438,55549700,211.2290008544922,202.24249954223632,188.12419982910157,63.268212440890686,6.5848446513315935,6.826871763490736,-0.24202711215914263,221.0205583654516,202.24249954223632,183.46444071902104,4.784556347008829,117641890.0,0.004468184574312861,0.0044582318736075145,2.7700042724609375,1,213.25
2024-06-26,211.4185791015625,213.25,214.86000061035156,210.63999938964844,211.5,66213200,211.83900146484376,203.40549926757814,188.93539978027343,67.35823242245047,6.578164170733885,6.777130244939366,-0.1989660742054813,221.8828776234102,203.40549926757814,184.92812091174608,4.856373271231972,107025880.0,0.01999326794540668,0.0197960272208764,4.220001220703125,1,214.10000610351562
2024-06-27,212.2612762451172,214.10000610351562,215.74000549316406,212.35000610351562,214.69000244140625,49772700,211.94200134277344,204.59599990844725,189.8297998046875,68.1352399480638,6.565772096805489,6.734858615312591,-0.1690865185071022,222.60198612592072,204.59599990844725,186.5900136909738,4.75163227969029,92189720.0,0.003985960626099017,0.003978037731627821,3.3899993896484375,1,210.6199951171875
2024-06-28,208.81117248535156,210.6199951171875,216.07000732421875,210.3000030517578,215.77000427246094,82542700,211.5800003051758,205.5625,190.68219970703126,61.66347404059377,6.2036318793276735,6.628613268115608,-0.4249813887879341,222.66006681999883,205.5625,188.46493318000117,4.8243731363167655,90657720.0,-0.016254137725925877,-0.016387685334008383,5.7700042724609375,1,216.75
2024-07-01,214.88853454589844,216.75,217.50999450683594,211.9199981689453,212.08999633789062,60402900,212.00599975585936,206.7875,191.67639984130858,67.51648019537758,6.338210367632627,6.5705326880190125,-0.23232232038638578,223.39809273970437,206.7875,190.17690726029562,4.9719178686975996,89685740.0,0.029104572333703782,0.0286890768912434,5.589996337890625,1,220.27000427246094
2024-07-02,218.37831115722656,220.27000427246094,220.3800048828125,215.10000610351562,216.14999389648438,58046200,212.36600036621093,208.0995002746582,192.7817999267578,70.31878254138445,6.652217098237287,6.586869570062667,0.06534752817461964,224.61710388697554,208.0995002746582,191.58189666234085,4.9939236480261195,86117530.0,0.016239927439266166,0.016109470331886984,5.279998779296875,1,221.5500030517578
2024-07-03,219.64732360839844,221.5500030517578,221.5500030517578,219.02999877929688,220.0,37369800,213.09200134277344,209.45950012207032,193.89600006103515,71.28874544834119,6.924533190384409,6.654402294127016,0.2701308962573927,225.70161567863144,209.45950012207032,193.2173845655092,4.817215121200035,81860180.0,0.0058110444203451905,0.005794225427538552,2.5200042724609375,1,226.33999633789062
2024-07-05,224.39617919921875,226.33999633789062,226.4499969482422,221.64999389648438,221.64999389648438,60412400,214.75800170898438,210.98300018310547,195.0848001098633,74.62996160439418,7.441081921411893,6.811738219583992,0.6293437018279011,227.55337764566497,210.98300018310547,194.41262272054598,4.823127890863202,79284170.0,0.021620371113304726,0.02138996593803601,4.8000030517578125,1,227.82000732421875
2024-07-08,225.86346435546875,227.82000732421875,227.85000610351562,223.25,227.08999633789062,59085900,216.79100189208984,212.65000076293944,196.26080017089845,75.57573821008884,7.8790502432469225,7.025200624316579,0.8538496189303437,228.94996935802934,212.65000076293944,196.35003216784955,4.807190620338375,61012250.0,0.006538884025246272,0.006517598262800098,4.600006103515625,1,228.67999267578125
2024-07-09,226.716064453125,228.67999267578125,229.39999389648438,226.3699951171875,227.92999267578125,48076100,218.84500122070312,214.2395004272461,197.4366000366211,76.13251973096914,8.201000891040081,7.2603606776612795,0.9406402133788019,230.2800596119352,214.2395004272461,198.198941242557,4.680248345978268,57747160.0,0.00377484559702701,0.0037677387466135636,3.029998779296875,1,232.97999572753906
2024-07-10,230.9791717529297,232.97999572753906,233.0800018310547,229.25,229.3000030517578,62627700,221.23600006103516,216.23250045776368,198.71019989013672,78.74196866845095,8.702802913912393,7.548849124911502,1.1539537890008909,231.14711994277485,216.23250045776368,201.3178809727525,4.660231260927923,58454960.0,0.018803582252402418,0.018628980265788138,3.8300018310546875,1,227.57000732421875
2024-07-11,225.61561584472656,227.57000732421875,232.38999938964844,225.77000427246094,231.38999938964844,64710600,222.66800079345703,217.25350112915038,199.7916000366211,68.58256517392645,8.565209379272119,7.752121175783627,0.8130882034884923,232.33612464765767,217.25350112915038,202.1708776106431,4.842356989081509,58304700.0,-0.023220827978926883,-0.023494679077722437,6.6199951171875,1,230.5399932861328
2024-07-12,228.56011962890625,230.5399932861328,232.63999938964844,228.67999267578125,228.9199981689453,53046500,224.31199951171874,218.1270004272461,200.99579986572266,70.8092080332249,8.596720910299013,7.921041122686704,0.6756797876123084,234.13447926653436,218.1270004272461,202.11952158795782,4.858616637392093,58632080.0,0.013050867277438316,0.012966438494921347,3.9600067138671875,1,234.39999389648438
2024-07-15,232.386962890625,234.39999389648438,237.22999572753906,233.08999633789062,236.47999572753906,62631300,226.68999938964845,219.1349998474121,202.29779968261718,73.44352445140136,8.83136137890591,8.103105173930546,0.7282562049753647,236.51646827883343,219.1349998474121,201.75353141599078,4.989429909107391,56640940.0,0.01674330147811176,0.016604677613454705,4.1399993896484375,1,234.82000732421875
2024-07-16,232.80335998535156,234.82000732421875,236.27000427246094,232.3300018310547,235.0,43234300,228.49700012207032,220.25149993896486,203.53359985351562,73.72142180412243,8.948059553629122,8.27209604987026,0.6759635037588616,238.6227235490198,220.25149993896486,201.8802763289099,4.914470804271595,54924080.0,0.0017918662059346335,0.0017902627288764663,3.94000244140625,1,228.8800048828125
2024-07-17,226.9143524169922,228.8800048828125,231.4600067138672,226.63999938964844,229.4499969482422,57345900,229.35800018310547,220.86200027465821,204.44359985351562,63.587171802268514,8.46367121025304,8.310411081946818,0.15326012830622204,239.52575667090872,220.86200027465821,202.1982438784077,5.147723456435789,54854050.0,-0.025295980990260425,-0.025621424317485365,4.82000732421875,1,224.17999267578125
2024-07-18,222.25469970703125,224.17999267578125,230.44000244140625,222.27000427246094,230.27999877929688,66034600,229.62099914550782,221.35650024414062,205.2929995727539,56.91974986157335,7.612782831146745,8.170885431786804,-0.5581026006400585,239.82055292719596,221.35650024414062,202.89244756108528,5.36360022161504,57720530.0,-0.020534830945314275,-0.02074860215356186,8.169998168945312,1,224.30999755859375
2024-07-19,222.3836212158203,224.30999755859375,226.8000030517578,223.27999877929688,224.82000732421875,49151500,229.41799926757812,222.08800048828124,206.1311996459961,57.05388965340662,6.869747791659364,7.910657903761316,-1.040910112101952,239.787077710906,222.08800048828124,204.38892326565647,5.231914796675461,56594440.0,0.0005799129586043783,0.0005797448740643955,3.5200042724609375,1,223.9600067138672
2024-07-22,222.03660583496094,223.9600067138672,227.77999877929688,223.08999633789062,227.00999450683594,48201800,229.03199920654296,222.9115005493164,206.95559967041015,56.543451149348634,6.181390610240527,7.564804445057159,-1.3834138348166318,239.30129356254767,222.9115005493164,206.52170753608513,5.193206771299089,55506030.0,-0.0015602998017738567,-0.001561518337194895,4.69000244140625,1,225.00999450683594
2024-07-23,223.07760620117188,225.00999450683594,226.94000244140625,222.67999267578125,224.3699951171875,39960300,228.66499938964844,223.75500030517577,207.7643994140625,57.76426780656067,5.655395940360137,7.182922744117755,-1.5275268037576186,238.68887568097682,223.75500030517577,208.82112492937472,5.126549842322368,54694450.0,0.004688282557118395,0.004677326789595036,4.260009765625,1,218.5399932861328
2024-07-24,216.66317749023438,218.5399932861328,224.8000030517578,217.1300048828125,224.0,61777600,227.22099914550782,224.22849960327147,208.47419921875,48.68774207517766,4.662717444182817,6.6788816841307685,-2.016164239947951,237.80912121166438,224.22849960327147,210.64787799487857,5.3232241124438735,54609440.0,-0.02875428371474653,-0.02917578782711976,7.6699981689453125,0,217.49000549316406
2024-07-25,215.62217712402344,217.49000549316406,220.85000610351562,214.6199951171875,218.92999267578125,51391200,226.21299896240234,224.44049987792968,209.09839935302733,47.386437370858786,3.748081790540027,6.09272170541262,-2.3446399148725927,237.44932290966898,224.44049987792968,211.43167684619038,5.387994603435606,53277500.0,-0.004804556718339459,-0.004816135703784962,6.230010986328125,0,217.9600067138672
2024-07-26,216.08815002441406,217.9600067138672,219.49000549316406,216.00999450683594,218.6999969482422,41601300,224.9550003051758,224.63349990844728,209.70899963378906,48.05570016374346,3.0262666972800787,5.479430703786112,-2.453164006506033,237.12728542982325,224.63349990844728,212.1397143870713,5.2517100593565,52132980.0,0.002161024455525684,0.0021586928007480827,3.480010986328125,0,218.24000549316406
2024-07-29,216.36575317382812,218.24000549316406,219.3000030517578,215.75,216.9600067138672,36311800,223.33900146484376,225.0145004272461,210.27939971923828,48.476183540406204,2.448590766752204,4.8732627163793305,-2.4246719496271263,236.16859034680306,225.0145004272461,213.86041050768915,5.1301595588137365,49501030.0,0.0012846337432190769,0.0012838093072819164,3.5500030517578125,0,218.8000030517578
2024-07-30,216.9209442138672,218.8000030517578,220.3300018310547,216.1199951171875,219.19000244140625,41643800,221.73700103759765,225.11700057983398,210.8585998535156,49.359114817887445,2.0127636661210317,4.301162906327671,-2.2883992402066395,235.9997988813757,225.11700057983398,214.23420227829226,5.064434355603269,49341980.0,0.0025659711533103646,0.0025626846701440366,4.2100067138671875,0,222.0800018310547
2024-07-31,220.17274475097656,222.0800018310547,223.82000732421875,220.6300048828125,221.44000244140625,50036300,221.05700073242187,225.20750045776367,211.50279998779297,54.29899956403675,1.910018533591824,3.822934031780502,-1.9129154981886778,235.9568509311503,225.20750045776367,214.45814998437703,5.06126077823596,48611020.0,0.014990853444005525,0.014879601067931647,3.19000244140625,0,218.36000061035156
2024-08-01,216.48471069335938,218.36000061035156,224.47999572753906,217.02000427246094,224.3699951171875,62501000,220.4750015258789,225.04800033569336,212.04920013427736,48.51836198246929,1.5110013832795914,3.36054750208032,-1.8495461188007285,236.10010275202168,225.04800033569336,213.99589791936504,5.232598683724686,48257660.0,-0.016750725819666967,-0.016892605854743805,7.459991455078125,0,219.86000061035156
2024-08-02,217.97181701660156,219.86000061035156,225.60000610351562,217.7100067138672,219.14999389648438,105568600,220.03000183105468,224.7240005493164,212.59940002441405,50.79315704165854,1.3008198394933288,2.9486019695629215,-1.6477821300695927,235.9835867704354,224.7240005493164,213.4644143281974,5.4224130198620974,53899370.0,0.006869389978967133,0.006845903218090828,7.8899993896484375,0,209.27000427246094
2024-08-05,207.4727783203125,209.27000427246094,213.5,196.0,199.08999633789062,119548600,218.56100158691407,223.7965003967285,212.9668002319336,38.02015378068998,0.2765374994359888,2.4141890755375353,-2.1376515761015464,236.80362937792873,223.7965003967285,210.78937141552828,6.739383562039917,61034050.0,-0.0481669985831521,-0.04936567825820951,17.5,0,207.22999572753906
2024-08-06,205.4502716064453,207.22999572753906,209.99000549316406,201.07000732421875,205.3000030517578,69660500,216.7830017089844,222.7240005493164,213.37380004882812,36.13504145455426,-0.691850058317101,1.7929812487666081,-2.4848313070837094,237.3767988030879,222.7240005493164,208.0712022955449,6.895141748247445,64004070.0,-0.009748212850733573,-0.00979603773620418,8.919998168945312,0,209.82000732421875
2024-08-07,208.01806640625,209.82000732421875,213.63999938964844,206.38999938964844,206.89999389648438,63516400,215.91100311279297,221.56600112915038,213.77060028076173,40.18969530783499,-1.23606331598603,1.1871723358160806,-2.4232356518021105,236.45244351303924,221.56600112915038,206.67955874526152,6.920488766229771,64177950.0,0.01249824663455068,0.012420788278095436,7.25,0,213.30999755859375
2024-08-08,211.47808837890625,213.30999755859375,214.1999969482422,208.8300018310547,213.11000061035156,47161100,215.49300231933594,220.85300064086914,214.2370001220703,45.235149234761124,-1.3699512534006146,0.6757476179727416,-2.0456988713733564,235.8861436581165,220.85300064086914,205.81985762362177,6.809739219869608,63754940.0,0.016633257613904107,0.016496440047891123,5.3699951171875,0,216.24000549316406
2024-08-09,214.38294982910156,216.24000549316406,216.77999877929688,211.97000122070312,212.10000610351562,42201600,215.3210021972656,220.13800125122071,214.75600036621094,49.11606475585796,-1.2255044032793307,0.2954972137223271,-1.5210016170016578,234.61000429201977,220.13800125122071,205.66599821042166,6.666900529778475,63814970.0,0.013735914716165532,0.013642432112898678,4.80999755859375,0,217.52999877929688
2024-08-12,215.9114532470703,217.52999877929688,219.50999450683594,215.60000610351562,216.07000732421875,38028100,215.2500015258789,219.29450149536132,215.2808004760742,50.77017300368221,-0.9954624847374873,0.03730527403036424,-1.0327677587678517,232.2278828473652,219.29450149536132,206.36112014335743,6.469978235031464,63986600.0,0.005965562584919537,0.0059478390686755886,3.9099884033203125,0,221.27000427246094
2024-08-13,219.6236572265625,221.27000427246094,221.88999938964844,219.00999450683594,219.00999450683594,44155300,215.49700164794922,218.61700134277345,215.86120056152345,55.30643099224385,-0.5055378940066078,-0.07126335957703016,-0.4342745344295776,229.48017690820674,218.61700134277345,207.75382577734015,6.319265547554329,64237750.0,0.017193056195245138,0.017046928151695066,2.8800048828125,1,221.72000122070312
2024-08-14,220.07029724121094,221.72000122070312,223.02999877929688,219.6999969482422,220.57000732421875,41960600,215.46100158691405,218.25900115966797,216.41500061035157,55.833760257162865,-0.0800355333860523,-0.07301779433883458,-0.007017739047217711,228.176450436419,218.25900115966797,208.34155188291695,6.1057467106614975,63430180.0,0.002033700635211577,0.002031635465558628,3.3300018310546875,1,224.72000122070312
2024-08-15,223.04795837402344,224.72000122070312,225.35000610351562,222.75999450683594,224.60000610351562,46414000,216.0970016479492,218.28600158691407,217.0224005126953,59.28289454575595,0.4935635871387092,0.04029848195667418,0.453265105182035,228.270497583989,218.28600158691407,208.30150558983914,5.928908008672283,61821480.0,0.01353057903429189,0.013439858170884816,2.5900115966796875,1,226.0500030517578
2024-08-16,224.36810302734375,226.0500030517578,226.8300018310547,223.64999389648438,223.9199981689453,44340200,216.71600189208985,218.37300186157228,217.62600067138672,60.746466576896644,1.0434369633930771,0.2409261782439548,0.8025107851491223,228.59347750511742,218.37300186157228,208.15252621802713,5.7325580033792845,55698640.0,0.0059184844421056315,0.005901039012885032,3.1800079345703125,1,225.88999938964844
2024-08-19,224.20924377441406,225.88999938964844,225.99000549316406,223.0399932861328,225.72000122070312,40687800,218.37800140380858,218.46950149536133,218.25420074462892,60.464885925128534,1.4495945932429777,0.48265986124375937,0.9669347319992183,228.93272276734638,218.46950149536133,208.00628022337628,5.538090272111121,47812560.0,-0.0007078241979617816,-0.000708074823782384,2.95001220703125,1,226.50999450683594
2024-08-20,224.8246307373047,226.50999450683594,227.1699981689453,225.4499969482422,225.77000427246094,30299000,220.30600128173828,218.54450149536132,218.84660064697266,61.21510387470568,1.8007479639466908,0.7462774817843456,1.0544704821623452,229.2136530639447,218.54450149536132,207.87534992677794,5.265369625581978,43876410.0,0.0027446771387078517,0.0027409173903689796,1.720001220703125,1,226.39999389648438
2024-08-21,224.71546936035156,226.39999389648438,227.97999572753906,225.0500030517578,226.52000427246094,34765500,221.96399993896483,218.9375015258789,219.5122006225586,60.99395600217769,2.0465718043965353,1.0063363463067836,1.0402354580897517,230.1426229980222,218.9375015258789,207.7323800537356,5.098556986310498,41001320.0,-0.00048563247988708813,-0.00048575043753077004,2.92999267578125,1,224.52999877929688
2024-08-22,222.859375,224.52999877929688,228.33999633789062,223.89999389648438,227.7899932861328,43695300,223.08600006103515,219.28950119018555,219.85980072021485,57.210162579592414,2.0666726751226747,1.218403612069962,0.8482690630527128,230.73044906629048,219.28950119018555,207.84855331408062,5.051517375960194,40654740.0,-0.008259695969967673,-0.008293996262630655,4.44000244140625,1,226.83999633789062
2024-08-23,225.15219116210938,226.83999633789062,228.22000122070312,224.3300018310547,225.66000366210938,38677300,224.1459991455078,219.7335006713867,220.13520050048828,60.47226974842252,2.243142704723283,1.4233514306006263,0.8197912741226567,231.61437734060232,219.7335006713867,207.8526240021711,4.968551805509355,40302310.0,0.010288146667049025,0.010235583894402078,3.8899993896484375,1,227.17999267578125
2024-08-26,225.48965454101562,227.17999267578125,227.27999877929688,223.88999938964844,226.75999450683594,30602200,225.11099853515626,220.18050003051758,220.3940002441406,60.944213647637994,2.3829620345871376,1.6152735513979288,0.7676884831892088,232.46870330787607,220.18050003051758,207.8922967531591,4.855798061519289,39559720.0,0.0014988376978466444,0.0014977155617510516,3.3899993896484375,1,228.02999877929688
2024-08-27,226.33334350585938,228.02999877929688,228.85000610351562,224.88999938964844,226.0,35934600,225.78699798583983,220.64199981689453,220.70480010986327,62.16058287765465,2.5331575857912583,1.798850358276595,0.7343072275146634,233.3734484113838,220.64199981689453,207.91055122240525,4.7918129652584245,38737650.0,0.0037415535298863656,0.003734571329243349,3.9600067138671875,1,226.49000549316406
2024-08-28,224.8048095703125,226.49000549316406,229.86000061035156,225.67999267578125,227.9199981689453,38052200,226.26399841308594,220.8625,220.90120025634766,58.59970611389824,2.4991158029600626,1.9389034472132884,0.5602123557467742,233.8363801486107,220.8625,207.88861985138934,4.748112605923559,38346810.0,-0.006753467940081581,-0.00677637580128301,4.1800079345703125,1,229.7899932861328
2024-08-29,228.08026123046875,229.7899932861328,232.9199981689453,228.8800048828125,230.10000610351562,51906300,226.7709976196289,221.43399963378906,221.21120025634767,63.43365060940771,2.7072118277825723,2.0925651233271454,0.6146467044554269,234.91371199795245,221.43399963378906,207.95428726962567,4.86824689662768,38896040.0,0.014570125448949867,0.014465001057921761,4.0399932861328125,1,229.0
2024-08-30,227.29611206054688,229.0,230.39999389648438,227.47999572753906,230.19000244140625,52990800,227.0659973144531,221.8909996032715,221.59760040283203,61.5799760006789,2.7763791995869838,2.229327938579113,0.5470512610078706,235.74093199499436,221.8909996032715,208.04106721154864,4.729086273221796,39761100.0,-0.0034378924636161434,-0.003443815595201171,2.9199981689453125,1,222.77000427246094
2024-09-03,221.11248779296875,222.77000427246094,229.0,221.1699981689453,228.5500030517578,50190600,226.75399780273438,222.56599960327148,221.90320037841798,49.335903035932155,2.3019507952472793,2.243852509912746,0.058098285334533095,235.1475238538905,222.56599960327148,209.98447535265245,4.9505802416384315,40711380.0,-0.027205221517637823,-0.02758213529865879,7.8300018310546875,1,220.85000610351562
2024-09-04,219.20675659179688,220.85000610351562,221.77999877929688,217.47999572753906,221.66000366210938,43840200,226.18799896240233,223.24700012207032,222.15740051269532,46.28172941599133,1.7508523248630183,2.1452524729028006,-0.3944001480397823,233.73461326355488,223.24700012207032,212.75938698058576,4.974825120444392,42065500.0,-0.00861874638471094,-0.008656102576570223,4.3000030517578125,0,222.3800048828125
2024-09-05,220.72537231445312,222.3800048828125,225.47999572753906,221.52000427246094,221.6300048828125,36615400,225.78600006103517,223.875,222.4236004638672,48.99159255456491,1.421178470632782,2.000437672448797,-0.579259201816015,232.39004568684078,223.875,215.35995431315922,4.950194013557181,42250490.0,0.006927773316790065,0.006903886553158933,3.959991455078125,0,220.82000732421875
2024-09-06,219.17697143554688,220.82000732421875,225.24000549316406,219.77000427246094,223.9499969482422,48423000,225.41500091552734,224.25050048828126,222.57500061035157,46.420303908688325,1.0222469736627886,1.8047995326915953,-0.7825525590288067,231.42578733374032,224.25050048828126,217.0752136428222,4.987323099781891,42723260.0,-0.007015008203708928,-0.00703972905290311,5.470001220703125,0,220.91000366210938
2024-09-09,219.266357421875,220.91000366210938,221.27000427246094,216.7100067138672,220.82000732421875,67180000,224.8220016479492,224.4840003967285,222.71120056152344,46.59444501923594,0.7052234634050762,1.5848843188342916,-0.8796608554292153,230.8608985675801,224.4840003967285,218.1071022258769,4.956799846839881,45573530.0,0.00040755518026269755,0.00040747215220846114,4.55999755859375,0,220.11000061035156
2024-09-10,218.47227478027344,220.11000061035156,221.47999572753906,216.72999572753906,218.9199981689453,51591000,224.11500244140626,224.61300048828124,222.90100067138673,45.188461880553355,0.38498857843723044,1.3449051707548796,-0.9599165923176491,230.50816912998474,224.61300048828124,218.71783184657775,4.942028429208461,47672410.0,-0.0036213980285901837,-0.0036279711645236202,4.75,0,222.66000366210938
2024-09-11,221.0032958984375,222.66000366210938,223.08999633789062,217.88999938964844,221.4600067138672,44587100,223.5780029296875,224.68250045776367,223.0192007446289,50.33301339446257,0.33312401367743405,1.1425489393393904,-0.8094249256619563,230.44977077498493,224.68250045776367,218.9152301405424,4.9604547519965845,48537660.0,0.011585130365211915,0.01151853658070104,5.1999969482421875,0,222.77000427246094
2024-09-12,221.11248779296875,222.77000427246094,223.5500030517578,219.82000732421875,222.5,37455600,223.20600280761718,224.73500061035156,223.06920074462892,50.548635305177186,0.2974680755753809,0.9735327665865886,-0.6760646910112077,230.41185095483456,224.73500061035156,219.05815026586856,4.87256482167819,48478000.0,0.0004940295003250661,0.0004939075079283785,3.7299957275390625,0,222.5
2024-09-13,220.84449768066406,222.5,224.0399932861328,221.91000366210938,223.5800018310547,36766600,222.4770034790039,224.6240005493164,223.08820068359375,49.97512765446837,0.24460375959455405,0.8277469651881817,-0.5831432055936276,230.38389172266113,224.6240005493164,218.86410937597168,4.676666593274279,46964030.0,-0.001212031545013148,-0.0012127666492859454,2.1299896240234375,0,216.32000732421875
2024-09-16,214.71047973632812,216.32000732421875,217.22000122070312,213.9199981689453,216.5399932861328,59357400,221.2090042114258,224.13750076293945,222.8878009033203,39.05341385377693,-0.2925925277415331,0.6036790666022388,-0.8962715943437719,230.89132799120767,224.13750076293945,217.38367353467123,4.9554762531157355,47600690.0,-0.027775247981039364,-0.02816827489343649,3.3000030517578125,0,216.7899932861328
2024-09-17,215.17698669433594,216.7899932861328,216.89999389648438,214.5,215.75,45519300,220.61100311279296,223.68250045776367,222.6672006225586,40.125089511007545,-0.6726466644163622,0.3484139203985186,-1.0210605848148808,231.0966089041975,223.68250045776367,216.26839201132984,4.772941799070638,47133560.0,0.0021726421320320544,0.0021702853581153196,2.399993896484375,0,220.69000244140625
2024-09-18,219.04794311523438,220.69000244140625,222.7100067138672,217.5399932861328,217.5500030517578,59894900,220.59500274658203,223.3915008544922,222.5074008178711,48.25600362093254,-0.6516325464113777,0.14840462703653937,-0.800037173447917,230.79571217880883,223.3915008544922,215.98728953017556,4.854875486832333,48739030.0,0.017989802463465043,0.01782990085169955,5.170013427734375,0,228.8699951171875
2024-09-19,227.16709899902344,228.8699951171875,229.82000732421875,224.6300048828125,224.99000549316406,66781300,221.24400177001954,223.51500091552734,222.42520080566408,60.402140655665505,0.024792546348919586,0.12368221089901542,-0.09888966455009583,231.1931458786919,223.51500091552734,215.83685595236278,5.160241872259489,51755620.0,0.03706553348719566,0.036395122513137555,5.19000244140625,1,228.1999969482422
2024-09-20,226.50205993652344,228.1999969482422,233.08999633789062,227.6199951171875,229.97000122070312,318679900,221.98200073242188,223.6985008239746,222.43780059814452,59.176860184424086,0.5010255423410115,0.19915087718741464,0.30187466515359684,231.63594465951684,223.6985008239746,215.76105698843236,5.182367540005463,78781310.0,-0.002927418111763669,-0.0029317113810075224,5.470001220703125,1,226.47000122070312
2024-09-23,224.78494262695312,226.47000122070312,229.4499969482422,225.80999755859375,227.33999633789062,54146000,222.53800048828126,223.68000106811525,222.35640075683594,56.01706019981082,0.7304275120201282,0.30540620415395736,0.42502130786617087,231.58974757198897,223.68000106811525,215.77025456424153,5.072198386408532,77477910.0,-0.007581050616453089,-0.0076099328450285,3.6399993896484375,1,227.3699951171875
2024-09-24,225.67825317382812,227.3699951171875,229.35000610351562,225.72999572753906,228.64999389648438,43556100,223.26399993896484,223.68950119018555,222.21580078125,57.29458642213497,0.9736288245991886,0.4390507282430036,0.534578096356185,231.6164773924935,223.68950119018555,215.7625249878776,4.968470671377678,76674420.0,0.0039740093241191765,0.00396613380708865,3.6200103759765625,1,226.3699951171875
2024-09-25,224.6856689453125,226.3699951171875,227.2899932861328,224.02000427246094,224.92999267578125,42308700,223.63499908447267,223.60650100708008,222.04680053710936,55.3701379215184,1.0733035985616937,0.5659013023067416,0.507402296254952,231.38328834277965,223.60650100708008,215.82971367138052,4.852864969474027,76446580.0,-0.004398117700115112,-0.004407817871880573,3.269989013671875,1,227.52000427246094
2024-09-26,225.82713317871094,227.52000427246094,228.5,225.41000366210938,227.3000030517578,36636700,224.10999908447266,223.65800094604492,222.01960052490233,57.152532466429754,1.2309036122172188,0.6989017642888371,0.5320018479283817,231.52362197856482,223.65800094604492,215.79237991352502,4.726945781503784,76364690.0,0.005080219022305155,0.005067358248290247,3.089996337890625,1,227.7899932861328
2024-09-27,226.09510803222656,227.7899932861328,229.52000427246094,227.3000030517578,228.4600067138672,34026000,224.63899841308594,223.55800094604493,222.09180053710938,57.580853794512464,1.3618895999358074,0.8314993314182313,0.5303902685175761,231.15552688250276,223.55800094604493,215.9604750095871,4.547878312875166,76090630.0,0.0011866605511687833,0.001185957026045604,2.220001220703125,1,233.0
2024-09-30,231.266357421875,233.0,233.0,229.64999389648438,230.0399932861328,54541900,226.30699768066407,223.75800094604492,222.2656005859375,64.87727114038172,1.8646069110786527,1.0381208473503156,0.8264860637283371,232.0928434065523,223.75800094604492,215.42315848553753,4.59517319866031,75609080.0,0.02287197360475246,0.02261433114638181,3.350006103515625,1,226.2100067138672
2024-10-01,224.52688598632812,226.2100067138672,229.64999389648438,223.74000549316406,229.52000427246094,63285000,227.2489990234375,223.93000106811525,222.3106005859375,52.2607615196503,1.695572782612146,1.1696112344026817,0.5259615482094644,232.31799854338857,223.93000106811525,215.54200359284192,4.928374720672855,77385650.0,-0.029141602086406926,-0.029574652516158477,5.9099884033203125,1,226.77999877929688
2024-10-02,225.09262084960938,226.77999877929688,227.3699951171875,223.02000427246094,225.88999938964844,32880600,227.85799865722657,224.22650070190429,222.34600067138672,53.08554037001569,1.589285322137215,1.2535460519495882,0.3357392701876267,232.5771939131412,224.22650070190429,215.87580749066737,4.887061586676692,74684220.0,0.002519747352073054,0.0025165781113880795,4.3499908447265625,1,225.6699981689453
2024-10-03,223.9908905029297,225.6699981689453,226.80999755859375,223.32000732421875,225.13999938964844,34044200,227.53799896240236,224.39100036621093,222.48860076904296,51.22936051733672,1.3993530998893107,1.282707461537533,0.11664563835177777,232.71930536635688,224.39100036621093,216.062695366065,4.787270775798,71410510.0,-0.004894614235498862,-0.004906632090970836,3.489990234375,1,226.8000030517578
2024-10-04,225.1125030517578,226.8000030517578,228.0,224.1300048828125,227.89999389648438,37245100,227.39799957275392,224.69000015258788,222.67480072021485,53.02991770233647,1.3247415990375089,1.2911142890375282,0.03362730999998065,232.91273213247413,224.69000015258788,216.46726817270164,4.721751085897251,43267030.0,0.005007333238716605,0.004994838239359782,3.8699951171875,1,221.69000244140625
2024-10-07,220.04052734375,221.69000244140625,225.69000244140625,221.3300018310547,224.5,39505400,226.9199996948242,224.72900009155273,222.74940063476564,44.948477402308384,0.8435531482676311,1.2016020608835487,-0.35804891261591765,232.8867914465642,224.72900009155273,216.57120873654128,4.775197524097671,41802970.0,-0.022530866585506182,-0.022788564690753913,4.3600006103515625,0,225.77000427246094
2024-10-08,224.0901641845703,225.77000427246094,225.97999572753906,223.25,224.3000030517578,31855700,226.76000061035157,225.0120002746582,222.90000061035155,51.326479589627986,0.78241074004751,1.117763796716341,-0.335353056668831,232.89736076589853,225.0120002746582,217.12663978341786,4.740540078528753,40632930.0,0.01840408582309916,0.018236780255269272,2.7299957275390625,1,229.5399932861328
2024-10-09,227.83209228515625,229.5399932861328,229.75,224.8300018310547,225.22999572753906,33591100,227.0770004272461,225.3559997558594,223.11480041503907,56.35784569012149,1.0263306464922266,1.0994771666715182,-0.07314652017929157,233.39961424400153,225.3559997558594,217.31238526771725,4.753358513558507,39761170.0,0.016698360908574017,0.016560476129461984,4.9199981689453125,1,229.0399932861328
2024-10-10,227.33580017089844,229.0399932861328,229.5,227.1699981689453,227.77999877929688,28183500,227.22899932861327,225.66949920654298,223.25400024414063,55.537877430459524,1.165853870669821,1.1127525074711788,0.053101363198642115,233.77403457568792,225.66949920654298,217.56496383739804,4.583118270960578,38915850.0,-0.0021782696463562568,-0.0021806455265144815,2.3300018310546875,1,227.5500030517578
2024-10-11,225.85691833496094,227.5500030517578,229.41000366210938,227.33999633789062,229.3000030517578,31759200,227.2050003051758,225.92199935913087,223.43780029296875,53.06039143379103,1.1430212342129664,1.1188062528195364,0.024214981393430035,233.9299068348583,225.92199935913087,217.91409188340344,4.403610346193305,38689170.0,-0.006505371454991304,-0.0065266236027587245,2.07000732421875,1,231.3000030517578
2024-10-14,229.5790252685547,231.3000030517578,231.72999572753906,228.60000610351562,228.6999969482422,39882100,227.03500061035157,226.6709991455078,223.66660034179688,58.123579010201404,1.4112518326104748,1.1772953687777241,0.2339564638327507,233.6872313220906,226.6709991455078,219.654766968925,4.387637655449587,37223190.0,0.01647989430765695,0.01634557455730779,3.1299896240234375,1,233.85000610351562
2024-10-15,232.1100311279297,233.85000610351562,237.49000549316406,232.3699951171875,233.61000061035156,64751400,227.79900054931642,227.52399978637695,224.15820037841797,61.189283760360304,1.8087404157389528,1.3035843781699699,0.505156037568983,233.61479993122197,227.52399978637695,221.43319964153193,4.516377997303634,37369830.0,0.011024656368842312,0.010964327840694609,5.1200103759765625,1,231.77999877929688
2024-10-16,230.055419921875,231.77999877929688,232.1199951171875,229.83999633789062,231.60000610351562,34082200,228.29900054931642,228.0784996032715,224.64920043945312,57.50875193449745,1.9344218790416505,1.4297518783443062,0.5046700006973444,233.5693982328249,228.0784996032715,222.58760097371808,4.480208837898017,37489990.0,-0.008851859184055066,-0.008891269632426495,2.279998779296875,1,232.14999389648438
2024-10-17,230.42269897460938,232.14999389648438,233.85000610351562,230.52000427246094,233.42999267578125,32993800,228.9470001220703,228.24249954223632,225.09580017089843,57.99509641780657,2.0403608481964284,1.5518736723147306,0.48848717588169777,234.00726354142418,228.24249954223632,222.47773554304845,4.398051194552065,37384950.0,0.001596320300009113,0.001595047535072642,3.3300018310546875,1,235.0
2024-10-18,233.25146484375,235.0,236.17999267578125,234.00999450683594,236.17999267578125,46431500,229.76699981689453,228.5824996948242,225.52960021972658,61.63748333412835,2.3274604038181224,1.7069910186154091,0.6204693852027132,235.05571410070695,228.5824996948242,222.10928528894146,4.371761736319551,38303590.0,0.01227657195109133,0.012201825969486848,2.1699981689453125,1,236.47999572753906
2024-10-21,234.720458984375,236.47999572753906,236.85000610351562,234.4499969482422,234.4499969482422,36254500,231.24599914550782,229.082999420166,225.93440002441406,63.411781891371845,2.64393452504828,1.8943797199019834,0.7495548051462968,236.3274499584038,229.082999420166,221.8385488819282,4.230922266244829,37978500.0,0.006297854159740712,0.00627810554877605,2.4000091552734375,1,235.86000061035156
2024-10-22,234.1051025390625,235.86000061035156,236.22000122070312,232.60000610351562,233.88999938964844,38846600,232.25499877929687,229.50749969482422,226.30100006103515,62.11569695623877,2.8122957272045426,2.0779629213624955,0.7343328058420471,237.27666528362354,229.50749969482422,221.7383341060249,4.205855648943301,38677590.0,-0.002621765597043635,-0.0026252084433404338,3.6199951171875,1,230.75999450683594
2024-10-23,229.04302978515625,230.75999450683594,235.13999938964844,227.75999450683594,234.0800018310547,52287000,232.3769989013672,229.72699966430665,226.49079986572266,52.5930260631155,2.5053156040869453,2.1634334579073857,0.3418821461795596,237.37632477542962,229.72699966430665,222.07767455318367,4.484009252841324,40547180.0,-0.021623022514703605,-0.021860225665569295,7.3800048828125,1,230.57000732421875
2024-10-24,228.8544464111328,230.57000732421875,230.82000732421875,228.41000366210938,229.97999572753906,31109500,232.53000030517578,229.87949981689454,226.66779998779296,52.27154084781915,2.2210978337537313,2.1749663330766547,0.04613150067707661,237.46811735373927,229.87949981689454,222.2908822800498,4.335865996360471,40839780.0,-0.0008233107433687215,-0.0008236498497982146,2.410003662109375,1,231.41000366210938
2024-10-25,229.6881866455078,231.41000366210938,233.22000122070312,229.57000732421875,229.74000549316406,38802300,232.91600036621094,230.06050033569335,226.8016000366211,53.62139939060445,2.040116692113486,2.147996404884021,-0.1078797127705351,237.61373489215387,230.06050033569335,222.50726577923282,4.2868751320836065,41544090.0,0.0036431292501519774,0.0036365091285524955,3.649993896484375,1,233.39999389648438
2024-10-28,231.6634063720703,233.39999389648438,234.72999572753906,232.5500030517578,233.32000732421875,36087100,233.1259994506836,230.08050003051758,226.94859985351562,56.74265235674962,2.033818817022251,2.125160887311667,-0.0913420702894161,237.6668077033554,230.08050003051758,222.49419235767976,4.217812055894041,41164590.0,0.008599413175243154,0.008562648839223188,2.17999267578125,1,233.6699981689453
2024-10-29,231.93138122558594,233.6699981689453,234.3300018310547,232.32000732421875,233.10000610351562,35417200,233.10799865722657,230.4534996032715,227.10419982910156,57.163888610179505,2.027245964346264,2.1055779027185864,-0.07833193837232244,237.97522181671215,230.4534996032715,222.93177738983084,4.06011080238989,38231170.0,0.0011568306749001334,0.0011561620618932833,2.0099945068359375,1,230.10000610351562
2024-10-30,228.387939453125,230.10000610351562,233.47000122070312,229.5500030517578,232.61000061035156,47070900,232.93999938964845,230.61949996948243,227.17600006103515,50.20282913244385,1.7142080835049285,2.0273039388758547,-0.3130958553709262,237.95381319158872,230.61949996948243,223.28518674737614,4.064388253446863,39530040.0,-0.015277922255336196,-0.015395832197084486,3.9199981689453125,0,225.91000366210938
2024-10-31,224.2291259765625,225.91000366210938,229.8300018310547,225.3699951171875,229.33999633789062,64370100,232.31600036621094,230.63150024414062,227.16620025634765,43.50646467189043,1.1151701406993482,1.8448771792405536,-0.7297070385412054,237.9340978568209,230.63150024414062,223.32890263146035,4.111932734366953,42667670.0,-0.01820948426885871,-0.01837731748720145,4.4600067138671875,0,222.91000366210938
2024-11-01,221.25143432617188,222.91000366210938,225.35000610351562,220.27000427246094,220.97000122070312,65276700,231.10700073242188,230.4370002746582,227.1338003540039,39.44913719705231,0.3938136881798471,1.5546644810284125,-1.1608507928485654,238.32146846765804,230.4370002746582,222.55253208165837,4.221080352601345,44552190.0,-0.013279624414008095,-0.013368587098123715,5.0800018310546875,0,222.00999450683594
2024-11-04,220.35813903808594,222.00999450683594,222.7899932861328,219.7100067138672,220.99000549316406,44944500,229.66000061035157,230.4529998779297,227.03720031738283,38.29530628173744,-0.24763513103164314,1.1942045586164016,-1.4418396896480448,238.26739081775386,230.4529998779297,222.63860893810553,4.148145823718548,45421190.0,-0.004037544930633463,-0.004045717821527494,3.079986572265625,0,223.4499969482422
2024-11-05,221.7873992919922,223.4499969482422,223.9499969482422,221.13999938964844,221.8000030517578,28111300,228.41900024414062,230.33699951171874,226.96260040283204,41.255842160197666,-0.6325007048198188,0.8288635059291576,-1.4613642107489764,238.48765604104423,230.33699951171874,222.18634298239326,4.052563804781062,44347660.0,0.006486205472888695,0.006465260562048703,2.80999755859375,0,222.72000122070312
2024-11-06,221.06285095214844,222.72000122070312,226.07000732421875,221.19000244140625,222.61000061035156,54561100,227.61500091552733,229.99599990844726,226.85640045166016,40.20278950153379,-0.9850588539468106,0.466079033953964,-1.4511378879007746,238.79627079914457,229.99599990844726,221.19572901774995,4.111666738926165,44575070.0,-0.0032669310248778505,-0.00327227909506605,4.8800048828125,0,227.47999572753906
2024-11-07,225.78744506835938,227.47999572753906,227.8800048828125,224.57000732421875,224.6300048828125,42137700,227.30599975585938,229.9180000305176,226.87620025634766,49.29174743627428,-0.8703392226155415,0.1987953826400629,-1.0691346052556043,238.7782312634547,229.9180000305176,221.05776879758048,4.186547947724966,45677890.0,0.02137210165565251,0.02114692102995776,3.30999755859375,0,226.9600067138672
2024-11-08,225.51914978027344,226.9600067138672,228.66000366210938,226.41000366210938,227.1699981689453,38328800,226.86100006103516,229.88850021362305,226.81960052490234,48.42581794011263,-0.8120213789581499,-0.003367969679579641,-0.8086534092785702,238.78393047293673,229.88850021362305,220.99306995430936,4.04822309431604,45630540.0,-0.0022858669924307184,-0.0022884835745839356,2.25,0,224.22999572753906
2024-11-11,222.8064727783203,224.22999572753906,225.6999969482422,221.5,225.0,42005600,225.94400024414062,229.5349998474121,226.7242004394531,44.05045918287431,-0.9748556099996506,-0.19766549774359385,-0.7771901122560567,238.73467897301555,229.5349998474121,220.33532072180867,4.149064781426836,46222390.0,-0.01202859933719469,-0.012101528350798448,4.1999969482421875,0,224.22999572753906
2024-11-12,222.8064727783203,224.22999572753906,225.58999633789062,223.36000061035156,224.5500030517578,40398300,225.0,229.0539993286133,226.75340026855469,44.050459182874306,-1.0913228211005617,-0.37639696241498743,-0.7149258586855742,238.3067507011542,229.0539993286133,219.8012479560724,4.011988420434852,46720500.0,0.0,0.0,2.2299957275390625,0,225.1199951171875
2024-11-13,223.69082641601562,225.1199951171875,226.64999389648438,222.75999450683594,224.00999450683594,48566200,224.5019989013672,228.72099914550782,226.83880004882812,45.89861987315621,-1.0991382309529456,-0.5209452161225792,-0.5781930148303664,238.03651924372792,228.72099914550782,219.4054790472877,4.003274918235823,46870030.0,0.003969136184303723,0.0039612799447406415,3.8899993896484375,0,228.22000122070312
2024-11-14,226.77114868164062,228.22000122070312,228.8699951171875,225.0,225.02000427246094,44923900,224.73299865722657,228.52449951171874,226.95559997558593,51.863176350294616,-0.8454416893208929,-0.5858445107622419,-0.25959717855865105,237.70725863192402,228.52449951171874,219.34174039151347,3.993754932446657,44925410.0,0.013770460957508002,0.013676509679075834,3.8699951171875,0,225.0
2024-11-15,223.5715789794922,225.0,226.9199981689453,224.27000427246094,226.39999389648438,47923700,224.94199829101564,228.02449951171874,227.03919982910156,46.16937889463262,-0.8939081237186031,-0.6474572333535141,-0.24645089036508894,236.82342348608,228.02449951171874,219.22557553735749,3.9906293621463376,43190110.0,-0.014109198157391867,-0.014209679150913371,2.649993896484375,0,228.02000427246094
2024-11-18,226.57241821289062,228.02000427246094,229.74000549316406,225.1699981689453,225.25,44633700,225.54299926757812,227.60149993896485,227.1813998413086,51.54265015312164,-0.6807813924809807,-0.6541220651790075,-0.02665932730197318,235.501263817884,227.60149993896485,219.7017360600457,4.044156228647603,43159030.0,0.013422241210937491,0.013332960938373547,4.57000732421875,1,228.27999877929688
2024-11-19,226.83074951171875,228.27999877929688,230.16000366210938,226.66000366210938,226.97999572753906,36211800,226.0259994506836,227.2224998474121,227.3447998046875,51.98698426767605,-0.4853032646984161,-0.6203583050828892,0.13505504038447314,234.17111197736267,227.2224998474121,220.27388771746155,4.005287926601346,43969080.0,0.0011402267431117608,0.00113957717831945,3.5,1,229.0
2024-11-20,227.5461883544922,229.0,229.92999267578125,225.88999938964844,228.05999755859375,35169600,226.65399932861328,227.1345001220703,227.4715997314453,53.265028044035255,-0.26918436903264364,-0.5501235178728401,0.28093914884019644,233.94488648344915,227.1345001220703,220.32411376069146,4.007766880853594,42029930.0,0.0031540267415159917,0.003149063233126492,4.0399932861328125,1,228.52000427246094
2024-11-21,227.06922912597656,228.52000427246094,230.16000366210938,225.7100067138672,228.8800048828125,42108300,226.75800018310548,227.03199996948243,227.58659973144532,52.26618698868928,-0.1350830772573488,-0.46711542974974185,0.33203235249239305,233.69253445772588,227.03199996948243,220.37146548123897,4.0393547428099215,42026990.0,-0.002096051211960992,-0.002098251001754807,4.4499969482421875,1,229.8699951171875
2024-11-22,228.41065979003906,229.8699951171875,230.72000122070312,228.05999755859375,228.05999755859375,38168300,227.0489990234375,226.95499954223632,227.73399963378907,54.831654630444255,0.07921302302636946,-0.3578497391945196,0.4370627622208891,233.444719369089,226.95499954223632,220.46527971538364,3.940829665617025,42010940.0,0.005907539031537068,0.0058901579422149415,2.660003662109375,1,232.8699951171875
2024-11-25,231.39161682128906,232.8699951171875,233.25,229.74000549316406,231.4600067138672,90152800,227.91299896240236,226.9284996032715,228.06499938964845,59.97921167051377,0.48552235489506756,-0.18917532037660217,0.6746976752716698,233.316261224455,226.9284996032715,220.540737982088,3.91005572570409,46825660.0,0.013050855108212911,0.012966426482468794,3.5099945068359375,1,235.05999755859375
2024-11-26,233.56771850585938,235.05999755859375,235.57000732421875,233.3300018310547,233.3300018310547,45986200,228.99599914550782,226.9979995727539,228.43039947509766,63.269972139417185,0.973023908181915,0.04326452533510125,0.9297593828468137,233.70015361181612,226.9979995727539,220.2958455336917,3.823624045798887,47384450.0,0.009404399395912533,0.009360453341228578,2.2400054931640625,1,234.92999267578125
2024-11-27,233.4385528564453,234.92999267578125,235.69000244140625,233.80999755859375,234.47000122070312,33498400,229.97699890136718,227.2394989013672,228.71519927978517,62.93912219761923,1.333510218160285,0.30131366390013803,1.032196554260147,234.67888026505273,227.2394989013672,219.80011753768167,3.6847941055855737,45877670.0,-0.000553071063399857,-0.0005532240636163712,1.8800048828125,1,237.3300018310547
2024-11-29,235.8233184814453,237.3300018310547,237.80999755859375,233.97000122070312,234.80999755859375,28481400,230.88799896240235,227.81049880981445,228.8843994140625,66.4291848526798,1.7921995364482086,0.5994908384097521,1.1927086980384565,236.41575126683898,227.81049880981445,219.2052463527899,3.695879979321649,44233420.0,0.01021584825308186,0.010164019161860305,3.839996337890625,1,239.58999633789062
2024-12-02,238.06895446777344,239.58999633789062,240.7899932861328,237.16000366210938,237.27000427246094,48137100,232.3469985961914,228.6444984436035,229.11219940185546,69.35567305592006,2.311432045208278,0.9418790797694574,1.3695529654388205,238.3510163649148,228.6444984436035,218.9379805222922,3.691173525371777,44254760.0,0.009522582435425697,0.009477528441726718,3.6299896240234375,1,242.64999389648438
2024-12-03,241.10952758789062,242.64999389648438,242.75999450683594,238.89999389648438,239.80999755859375,38861000,233.80999755859375,229.67649841308594,229.43579925537108,72.81161672148143,2.9359994052334173,1.3407031448622495,1.5952962603711678,240.64845569004538,229.67649841308594,218.7045411361265,3.703232602870333,43677490.0,0.01277180852859261,0.012690936839279401,3.8600006103515625,1,243.00999450683594
2024-12-04,241.46725463867188,243.00999450683594,244.11000061035156,241.25,242.8699951171875,44383900,235.28299713134766,230.6544982910156,229.74859924316405,73.1946225080533,3.4205921216887702,1.7566809402275536,1.6639111814612166,242.66950852657376,230.6544982910156,218.63948805545746,3.643001746261849,44494700.0,0.0014836209330593153,0.0014825214548610463,2.8600006103515625,1,243.0399932861328
2024-12-05,241.49705505371094,243.0399932861328,244.5399932861328,242.1300048828125,243.99000549316406,40033900,236.68699645996094,231.6704978942871,230.08199920654297,73.22846639467386,3.763670738095527,2.1580788998011484,1.6055918382943788,244.2530373314686,231.6704978942871,219.08795845710563,3.5549293646231677,44981130.0,0.00012344668933361724,0.000123439070418077,2.4099884033203125,1,242.83999633789062
2024-12-06,241.29832458496094,242.83999633789062,244.6300048828125,242.0800018310547,242.91000366210938,36870600,238.1189956665039,232.4384979248047,230.38839904785155,72.57062133947456,3.9736195187470855,2.521187023590336,1.4524324951567493,245.75767507338085,232.4384979248047,219.11932077622853,3.4831489137042135,44457360.0,-0.0008228972752098995,-0.0008232360410317379,2.5500030517578125,1,246.75
2024-12-09,245.1835174560547,246.75,247.24000549316406,241.75,241.8300018310547,44649200,239.80699615478517,233.42799758911133,230.76759918212892,76.93342161581673,4.404735014881737,2.8978966218486164,1.5068383930331208,247.8656250504534,233.42799758911133,218.99037012776927,3.62649581223706,45105450.0,0.01610115187396466,0.015972903131696265,5.4900054931640625,1,247.77000427246094
2024-12-10,246.19705200195312,247.77000427246094,248.2100067138672,245.33999633789062,246.88999938964844,36914800,241.2969970703125,234.60499801635743,231.06299926757814,77.92005728995137,4.773675017748957,3.2730523010286845,1.5006227167202724,249.67555706974014,234.60499801635743,219.53443896297472,3.5724611382184532,39781650.0,0.004133755916761572,0.004125235420801308,2.8700103759765625,1,246.49000549316406
2024-12-11,244.92515563964844,246.49000549316406,250.8000030517578,246.25999450683594,247.9600067138672,45205800,242.43999786376952,235.71799850463867,231.46859924316405,73.66201955129245,4.90622155591754,3.599686152006456,1.306535403911084,250.84708360189381,235.71799850463867,220.58891340738353,3.6415716672686975,39703610.0,-0.005166076430661581,-0.005179466740322567,4.540008544921875,1,247.9600067138672
2024-12-12,246.38583374023438,247.9600067138672,248.74000549316406,245.67999267578125,246.88999938964844,32777500,243.7429992675781,236.85999908447266,231.89219940185546,75.32939307165492,5.071422256636595,3.894033372932484,1.1773888837041109,252.0646816665425,236.85999908447266,221.65531650240283,3.600031749419706,39631520.0,0.005963735599591624,0.005946022916060721,3.0600128173828125,1,248.1300048828125
2024-12-13,246.5547637939453,248.1300048828125,249.2899932861328,246.24000549316406,247.82000732421875,33155300,244.8229995727539,237.85549926757812,232.34139953613283,75.52238130300915,5.156620126726807,4.146550723691348,1.010069403035459,253.27272935229104,237.85549926757812,222.4382691828652,3.5607428953874947,40098910.0,0.0006855870476785153,0.0006853521402387432,3.04998779296875,1,251.0399932861328
2024-12-16,249.44627380371094,251.0399932861328,251.3800048828125,247.64999389648438,247.99000549316406,51694800,245.96799926757814,239.15749893188476,232.82619934082032,78.60732836132776,5.396741520062591,4.396588882965597,1.0001526370969938,254.40950126609894,239.15749893188476,223.90549659767058,3.5728334733118254,40454680.0,0.011727676403724852,0.011659440190139871,3.730010986328125,1,253.47999572753906
2024-12-17,251.8707733154297,253.47999572753906,253.8300018310547,249.77999877929688,250.0800018310547,51356400,247.0509994506836,240.43049850463868,233.46199920654297,80.79316653807602,5.718013558371609,4.6608738180468,1.0571397403248097,255.99839781663678,240.43049850463868,224.86259919264057,3.606917014629396,41704220.0,0.009719576588042456,0.009672645359587626,4.0500030517578125,1,248.0500030517578
2024-12-18,246.47525024414062,248.0500030517578,254.27999877929688,247.74000549316406,252.16000366210938,56774100,247.55500030517578,241.41899871826172,233.9075991821289,64.90056115470429,5.471398063726639,4.822978667182768,0.6484193965438712,256.26943303826675,241.41899871826172,226.56856439825665,3.816422462593926,42943240.0,-0.021421779893107784,-0.02165455655004452,6.5399932861328125,1,249.7899932861328
2024-12-19,248.20420837402344,249.7899932861328,252.0,247.08999633789062,247.5,60882300,248.2300003051758,242.45849838256837,234.3125991821289,67.13171618936866,5.354631320935312,4.929309197933277,0.42532212300203476,256.57875211480115,242.45849838256837,228.33824465033555,3.894535405416458,45028080.0,0.007014675319362729,0.006990186936454841,4.910003662109375,1,254.49000549316406
2024-12-20,252.8743896484375,254.49000549316406,255.0,245.69000244140625,248.0399932861328,147495300,249.39500122070314,243.75699844360352,234.82159942626953,72.26100503130048,5.5770557147971545,5.0588585013060525,0.5181972134911019,257.27484830545507,243.75699844360352,230.23914858175198,4.2813541306434075,56090550.0,0.018815854651340613,0.01864102608623535,9.30999755859375,1,255.27000427246094
2024-12-23,253.6494140625,255.27000427246094,255.64999389648438,253.4499969482422,254.77000427246094,40858800,250.24700164794922,245.0269989013672,235.3759994506836,73.01367315571277,5.749985775404383,5.197083956125719,0.5529018192786639,257.84186326280934,245.0269989013672,232.21213453992507,4.132685760471892,55711510.0,0.0030649485734630666,0.003060261193860088,2.1999969482421875,1,258.20001220703125
2024-12-24,256.5608215332031,258.20001220703125,258.2099914550781,255.2899932861328,255.49000549316406,23234700,251.29000244140624,246.2934997558594,235.91399963378908,75.68289255598572,6.053678213391095,5.368402807578795,0.6852754058123001,259.0587556738959,246.2934997558594,233.52824383782288,4.047493004910842,54343500.0,0.011478073747524853,0.011412700423363637,2.9199981689453125,1,259.0199890136719
2024-12-26,257.3756103515625,259.0199890136719,260.1000061035156,257.6300048828125,258.19000244140625,27237100,252.54300079345703,247.4914993286133,236.41739929199218,76.38679565533391,6.288037353501409,5.552329716763317,0.7357076367380913,260.3120039282902,247.4914993286133,234.67099472893636,3.9348150203245766,52546630.0,0.003175742710589624,0.003170710690493793,2.470001220703125,1,255.58999633789062
2024-12-27,253.96739196777344,255.58999633789062,258.70001220703125,253.05999755859375,257.8299865722656,42355300,253.30599975585938,248.52449951171874,236.89359924316406,67.57501959271535,6.126375869724939,5.667138947355642,0.45923692236929625,260.42642463168045,248.52449951171874,236.622574391757,4.079470479949831,53504410.0,-0.013242192962953925,-0.01333065260116474,5.6400146484375,1,252.1999969482422
2024-12-30,250.5989227294922,252.1999969482422,253.5,250.75,252.22999572753906,35557500,253.71299896240234,249.26799926757812,237.2945993041992,60.18531908420921,5.6594744610993075,5.665606050104375,-0.006131589005067717,260.0884962353713,249.26799926757812,238.44750229978496,4.13379375551703,53744630.0,-0.013263427513676485,-0.013352172349022858,2.75,1,250.4199981689453
2024-12-31,248.83023071289062,250.4199981689453,253.27999877929688,249.42999267578125,252.44000244140625,39480700,253.6509994506836,249.80949935913085,237.60299926757813,56.680397450696574,5.087178874100005,5.549920614903502,-0.46274174080349706,259.68081828750894,249.80949935913085,239.9381804307528,4.113523208945501,52523220.0,-0.007057885808230857,-0.007082910501405731,3.850006103515625,1,243.85000610351562
2025-01-02,242.3019256591797,243.85000610351562,249.10000610351562,241.82000732421875,248.92999267578125,55740700,252.68800048828126,249.86949996948243,237.75039947509765,46.026161198863875,4.056723661127819,5.251281224148365,-1.1945575630205463,259.57928603157444,249.86949996948243,240.15971390739043,4.433985182929862,52961650.0,-0.026235892155055618,-0.026586193743010078,7.279998779296875,0,243.36000061035156
2025-01-03,241.81503295898438,243.36000061035156,244.17999267578125,241.88999938964844,243.36000061035156,40244100,252.21900024414063,249.8870002746582,237.90039947509766,45.341608098489736,3.164067729445577,4.833838525207808,-1.669770795762231,259.54841185225706,249.8870002746582,240.22558869705935,4.280842904587216,51308650.0,-0.0020094545044057055,-0.002011476166854823,2.2899932861328125,0,245.0
2025-01-06,243.44461059570312,245.0,247.3300018310547,243.1999969482422,244.30999755859375,45045600,251.74000091552733,249.98500061035156,238.18519958496094,48.12265036257972,2.5594618342312287,4.378963187012492,-1.8195013527812636,259.4033184434519,249.98500061035156,240.56668277725126,4.270068760174736,49724980.0,0.006738984983297502,0.006716379525724993,4.1300048828125,0,242.2100067138672
2025-01-07,240.67234802246094,242.2100067138672,245.5500030517578,241.35000610351562,242.97999572753906,40856000,250.51200103759766,249.9535011291504,238.4179995727539,44.019304966074984,1.8340365335685647,3.8699778563237066,-2.035941322755142,259.4708868386511,249.9535011291504,240.43611541964967,4.265063630750983,39061050.0,-0.011387727698501271,-0.011453064367293209,4.1999969482421875,0,242.6999969482422
2025-01-08,241.15921020507812,242.6999969482422,243.7100067138672,240.0500030517578,241.9199981689453,37628900,249.25500030517577,249.7510009765625,238.64379943847655,44.90778509557822,1.283870216605635,3.3527563283800927,-2.0688861117744577,259.6951845116655,249.7510009765625,239.8068174414595,4.221845061562297,38738060.0,0.0020229974847978394,0.0020209539809241065,3.660003662109375,0,236.85000610351562
2025-01-10,235.3463592529297,236.85000610351562,240.16000366210938,233.0,240.00999450683594,61710900,247.11999969482423,249.20500106811522,238.71279968261717,37.29690801454741,0.3715312944301843,2.7565113215901116,-2.3849800271599273,260.6153729610143,249.20500106811522,237.7946291752161,4.613141624896575,42585680.0,-0.024103794471716178,-0.02439904501905706,7.160003662109375,0,234.39999389648438
2025-01-13,232.9119110107422,234.39999389648438,234.6699981689453,229.72000122070312,233.52999877929688,49630700,244.65800018310546,248.60050048828126,238.72739959716796,34.64844129756294,-0.5429407015038805,2.0966209169713133,-2.6395616184751938,261.6809557634692,248.60050048828126,235.52004521309325,4.79291757189057,44825040.0,-0.010344150913639716,-0.010398023475332765,4.9499969482421875,0,233.27999877929688
2025-01-14,231.7989959716797,233.27999877929688,236.1199951171875,232.47000122070312,234.75,39435300,242.4270004272461,247.86650009155272,238.7909994506836,33.47809342100476,-1.342564346395875,1.4087838642978758,-2.7513482106937506,262.55679593420314,247.86650009155272,233.17620424890234,4.711280166504413,44533040.0,-0.004778136289893098,-0.004789588076455652,3.649993896484375,0,237.8699951171875
2025-01-15,236.35987854003906,237.8699951171875,238.9600067138672,234.42999267578125,234.63999938964844,39832000,240.99400024414064,247.35349960327147,239.03019927978517,42.10842579451357,-1.5875966754522324,0.8095077563478542,-2.3971044318000865,262.6742126847891,247.35349960327147,232.03278652175388,4.780475007080549,44960490.0,0.019675910330543056,0.019484841837673374,4.5300140380859375,0,228.25999450683594
2025-01-16,226.81089782714844,228.25999450683594,238.00999450683594,228.02999877929688,237.35000610351562,71759100,238.7779998779297,246.21449966430663,239.1371990966797,32.57849730637865,-2.5280910369295384,0.1419879976923757,-2.670079034621914,263.5271917172806,246.21449966430663,228.90180761133266,5.1518693442561565,48188330.0,-0.040400222002010655,-0.04123897936511394,9.979995727539062,0,229.97999572753906
2025-01-17,228.51995849609375,229.97999572753906,232.2899932861328,228.47999572753906,232.1199951171875,68488300,237.39099884033203,245.03949966430665,239.29659912109375,35.39665732224795,-3.098927364789489,-0.5061950748039973,-2.592732289985492,263.37965078491436,245.03949966430665,226.69934854369896,5.071735732473351,49463090.0,0.007535272330218223,0.007507023982914174,3.80999755859375,0,222.63999938964844
2025-01-21,221.22657775878906,222.63999938964844,224.4199981689453,219.3800048828125,224.0,98070400,235.31899871826172,243.76899948120118,239.28039916992188,29.69278356166022,-4.096375165824469,-1.2242310930080915,-2.8721440728163774,264.467776175667,243.76899948120118,223.0702227867354,5.466611097634294,55245720.0,-0.031915803436166845,-0.032436215566778816,5.0399932861328125,0,223.8300018310547
2025-01-22,222.40899658203125,223.8300018310547,224.1199951171875,219.7899932861328,219.7899932861328,64126500,233.20199890136718,242.47099990844725,239.30259918212892,31.616735313492313,-4.736240055459632,-1.9266328854983996,-2.8096071699612324,264.69626474967225,242.47099990844725,220.24573506722226,5.385424721450036,57153810.0,0.00534496247156202,0.005330728855885256,4.3300018310546875,0,223.66000366210938
2025-01-23,222.24009704589844,223.66000366210938,227.02999877929688,222.3000030517578,224.74000549316406,60234800,231.3469985961914,240.92949981689452,239.2261993408203,31.484188937698846,-5.19714556303316,-2.580735421005352,-2.6164101420278083,263.8715338165299,240.92949981689452,217.98746581725914,5.338608364742109,59091690.0,-0.0007594967946863429,-0.000759785358495022,4.7299957275390625,0,222.77999877929688
2025-01-24,221.36566162109375,222.77999877929688,225.6300048828125,221.41000366210938,224.77999877929688,54697900,229.35499877929686,239.30499954223632,239.14259918212892,30.765177529677445,-5.569226956336081,-3.1784337280714983,-2.3907932282645827,262.55433896179187,239.30499954223632,216.05566012268073,5.25870785445361,60798590.0,-0.003934565270516388,-0.003942326035964482,4.220001220703125,0,229.86000061035156
2025-01-27,228.40072631835938,229.86000061035156,232.14999389648438,223.97999572753906,224.02000427246094,94863400,228.65599822998047,237.88799896240235,239.25519927978516,42.201641080881004,-5.23249027275611,-3.589245037008421,-1.6432452357476888,259.7726401775746,237.88799896240235,216.00335774723013,5.552371230363174,64113840.0,0.03178024001189028,0.03128569865829834,8.169998168945312,0,238.25999450683594
2025-01-28,236.74740600585938,238.25999450683594,240.19000244140625,230.80999755859375,230.85000610351562,75707600,229.04199829101563,236.84999923706056,239.5357992553711,52.274407821659466,-4.2389507337900625,-3.7191861763647496,-0.5197645574253129,256.480160286558,236.84999923706056,217.21983818756314,5.893630558983996,66721530.0,0.036543956643956044,0.03589206071994881,9.3800048828125,1,239.36000061035156
2025-01-29,237.84043884277344,239.36000061035156,239.86000061035156,234.00999450683594,234.1199951171875,45486100,229.6499984741211,236.0384994506836,239.8205993652344,53.419236962439584,-3.3244796595756725,-3.6402448730069343,0.31576521343126185,253.75097015149237,236.0384994506836,218.3260287498748,5.8905145264505405,67326610.0,0.004616830894303092,0.004606206020163771,5.850006103515625,1,237.58999633789062
2025-01-30,236.0816650390625,237.58999633789062,240.7899932861328,237.2100067138672,238.6699981689453,55658300,229.62199859619142,235.30799942016603,240.00799926757813,51.287353115317536,-2.7113248321729486,-3.4544608648401374,0.7431360326671888,251.4275442460645,235.30799942016603,219.18845459426754,5.725476815437332,68909240.0,-0.0073947370820001135,-0.007422213688913956,3.579986572265625,1,236.0
2025-01-31,234.5017547607422,236.0,247.19000244140625,233.44000244140625,247.19000244140625,100959800,230.3959991455078,234.58699951171874,240.22799926757813,49.38087792365254,-2.326871899399407,-3.2289430717519916,0.9020711723525845,249.15345527989058,234.58699951171874,220.0205437435469,6.298657042906094,71829310.0,-0.006692185539787565,-0.006714678621519663,13.75,1,228.00999450683594
2025-02-03,226.56248474121094,228.00999450683594,231.8300018310547,225.6999969482422,229.99000549316406,73063300,230.1989990234375,233.79499893188478,240.2277990722656,41.11075504333324,-2.6365246335825248,-3.1104593841180983,0.47393475053557355,247.97820430708808,233.79499893188478,219.61179355668148,6.584467472109788,72286810.0,-0.033855955479508704,-0.03444234147562121,6.1300048828125,0,232.8000030517578
2025-02-04,231.32208251953125,232.8000030517578,233.1300048828125,226.64999389648438,227.25,45067300,231.21499938964843,233.2669990539551,240.31819915771484,46.85686843334184,-2.466975243577423,-2.981762556009963,0.5147873124325404,246.75582150698273,233.2669990539551,219.77817660092745,6.5770062945539545,66986500.0,0.021007888515072404,0.020790265416219186,6.480010986328125,0,232.47000122070312
2025-02-05,230.99417114257812,232.47000122070312,232.6699981689453,228.27000427246094,228.52999877929688,39620300,232.0789993286133,232.64049911499023,240.3875991821289,46.52009059703263,-2.33234865680771,-2.8518797761695125,0.5195311193618024,245.00871245987057,232.64049911499023,220.2722857701099,6.430791472035592,64535880.0,-0.0014175336199687694,-0.0014185392712259676,4.399993896484375,0,233.22000122070312
2025-02-06,231.73941040039062,233.22000122070312,233.8000030517578,230.42999267578125,231.2899932861328,29925300,233.03499908447264,232.19099884033204,240.48159912109375,47.4446122434665,-2.1404634545601198,-2.709596511847634,0.5691330572875142,243.76323150122852,232.19099884033204,220.61876617943557,6.212164250888518,61504930.0,0.00322622272147699,0.003221029631331898,3.3700103759765625,1,227.6300048828125
2025-02-07,226.1848907470703,227.6300048828125,234.0,227.25999450683594,232.60000610351562,39707200,233.5199996948242,231.43749923706054,240.43679931640625,41.66343321006527,-2.4116589332627143,-2.65000899613065,0.2383500628679358,242.10137503712002,231.43749923706054,220.77362343700105,6.249867196765343,60005860.0,-0.023968769010513147,-0.024260694116362343,6.7400054931640625,0,227.64999389648438
2025-02-10,226.4534454345703,227.64999389648438,230.58999633789062,227.1999969482422,229.57000732421875,33115600,233.2989990234375,230.97749862670898,240.33239929199217,41.69079415983927,-2.5950561655343733,-2.6390184300113946,0.04396226447702123,241.4599524452619,230.97749862670898,220.49504480815605,6.045590924828422,53831080.0,8.781361526644105e-05,8.780975987663012e-05,3.3899993896484375,0,232.6199951171875
2025-02-11,231.3973388671875,232.6199951171875,235.22999572753906,228.1300048828125,228.1999969482422,53718400,232.73499908447266,230.88849868774415,240.28359924316408,48.19656383588391,-2.3127028322947183,-2.5737553104680595,0.2610524781733412,241.2830654546408,230.88849868774415,220.4939319208475,6.155191703844584,51632160.0,0.021831765227118938,0.021596864950554004,7.0999908447265625,1,236.8699951171875
2025-02-12,235.625,236.8699951171875,236.9600067138672,230.67999267578125,231.1999969482422,45243300,232.48599853515626,231.06799850463867,240.32239929199218,53.02337680292602,-1.7260989064540126,-2.40422402966525,0.6781251232112373,241.7417955283749,231.06799850463867,220.39420148090244,6.164107584861823,51607880.0,0.018270140526221557,0.0181052469002164,6.2800140380859375,1,241.52999877929688
2025-02-13,240.26051330566406,241.52999877929688,242.33999633789062,235.57000732421875,236.91000366210938,53614100,232.87999877929687,231.25099868774413,240.40639923095702,57.679598918275445,-0.8751001093854711,-2.0983992456092944,1.2232991362238232,242.49525255368906,231.25099868774413,220.0067448217992,6.207384829776827,51403460.0,0.01967325435120615,0.0194822371053569,6.769989013671875,1,244.60000610351562
2025-02-14,243.3144073486328,244.60000610351562,245.5500030517578,240.99000549316406,241.25,40896200,233.73999938964843,232.06799926757813,240.50659942626953,60.4601133339808,0.046510359872456775,-1.6694173245129442,1.715927684385401,244.62241139269335,232.06799926757813,219.5135871424629,6.089714310406607,45397100.0,0.012710666748373622,0.012630564280164371,4.55999755859375,1,244.47000122070312
2025-02-18,243.18508911132812,244.47000122070312,245.17999267578125,241.83999633789062,244.14999389648438,48822500,235.38600006103516,232.79249954223633,240.5429995727539,60.27949994034446,0.757669051860205,-1.1840000492383145,1.9416691010985194,246.4088000657904,232.79249954223633,219.17619901868227,5.893305883798322,42973020.0,-0.0005314999164697243,-0.0005316412126184736,3.339996337890625,1,244.8699951171875
2025-02-19,243.5829620361328,244.8699951171875,246.00999450683594,243.16000366210938,244.66000366210938,32204200,236.59299926757814,233.90399932861328,240.58019958496095,60.66881074588818,1.3381186051101963,-0.6795763183686123,2.0176949234788086,247.65246981991535,233.90399932861328,220.1555288373112,5.675926238150339,41686710.0,0.001636167605379324,0.0016348305414047041,2.8499908447265625,1,245.8300018310547
2025-02-20,244.5379180908203,245.8300018310547,246.77999877929688,244.2899932861328,244.94000244140625,32316900,237.9289993286133,235.00399932861328,240.6359997558594,61.64057174547768,1.854219290898186,-0.17281719651525268,2.027036487413439,248.87228195018125,235.00399932861328,221.1357167070453,5.448360470651319,40956370.0,0.003920475080696484,0.003912810045455582,2.4900054931640625,1,245.5500030517578
2025-02-21,244.2593994140625,245.5500030517578,248.69000244140625,245.22000122070312,245.9499969482422,53197400,239.16199951171876,236.0984992980957,240.6901998901367,61.165894656516215,2.2151048909203723,0.30476722097187237,1.9103376699485,249.6647785782917,236.0984992980957,222.5322200178997,5.307049095655019,43283580.0,-0.001138993520771736,-0.001139642666854185,3.470001220703125,1,247.10000610351562
2025-02-24,245.80125427246094,247.10000610351562,248.86000061035156,244.4199981689453,244.92999267578125,51326400,241.10899963378907,237.31449966430665,240.69720001220702,62.87045484041215,2.5962536256544126,0.7630645019083805,1.833189123746032,250.2319082716807,237.31449966430665,224.3970910569326,5.245117191780108,44445500.0,0.00631237235794746,0.006292532781645794,4.44000244140625,1,247.0399932861328
2025-02-25,245.74156188964844,247.0399932861328,250.0,244.91000366210938,248.0,48013300,243.0479995727539,238.1734992980957,240.68259979248046,62.75560043167537,2.860500146060474,1.182551630738799,1.6779485153216749,251.27735589281664,238.1734992980957,225.06964270337474,5.2340371307880025,45935270.0,-0.0002428685386501872,-0.00024289803598980076,5.089996337890625,1,240.36000061035156
2025-02-26,239.0966796875,240.36000061035156,244.97999572753906,239.1300048828125,244.3300018310547,44433600,243.8220001220703,238.27849960327148,240.55999969482423,51.48177652336757,2.502055694794194,1.446452443549878,1.055603251244316,251.4170542692968,238.27849960327148,225.13994493724616,5.425176507397453,45006790.0,-0.027040126527384523,-0.02741243765411392,5.8499908447265625,1,237.3000030517578
2025-02-27,236.05274963378906,237.3000030517578,242.4600067138672,237.05999755859375,239.41000366210938,41153600,243.86500091552733,238.1754997253418,240.34679962158202,47.29071163984603,1.9486073229479643,1.5468834194294954,0.401723903518469,251.31082404670227,238.1754997253418,225.04017540398135,5.4233788393885956,44597820.0,-0.012730893454915293,-0.01281262570299563,5.4000091552734375,0,241.83999633789062
2025-02-28,240.5688934326172,241.83999633789062,242.08999633789062,230.1999969482422,236.9499969482422,56833400,243.89600067138673,238.38799972534179,240.2209994506836,53.35765635773458,1.8549522815297905,1.6084971918495545,0.246455089680236,251.61574572640546,238.38799972534179,225.1602537242781,5.885280307264298,44919750.0,0.019131872009047424,0.018951159026453217,11.889999389648438,1,238.02999877929688
2025-03-03,236.77891540527344,238.02999877929688,244.02999877929688,236.11000061035156,241.7899932861328,47184000,243.23899993896484,238.48949966430663,239.9607995605469,48.33012305608364,1.4565053380632946,1.5780988210923028,-0.12159348302900819,251.6734740163768,238.48949966430663,225.30552531223648,6.03061729738437,45548530.0,-0.01575420780800274,-0.015879624308909664,7.9199981689453125,0,235.92999267578125
2025-03-04,234.68995666503906,235.92999267578125,240.07000732421875,234.67999267578125,237.7100067138672,53798100,242.38499908447267,238.8854995727539,239.60979949951172,45.770229856182986,0.9602116010149473,1.454521377076832,-0.49430977606188464,251.2360512018048,238.8854995727539,226.534947943703,5.984859965316736,46046090.0,-0.00882244302938795,-0.008861591205009525,5.3900146484375,0,235.74000549316406
2025-03-05,234.50094604492188,235.74000549316406,236.5500030517578,229.22999572753906,235.4199981689453,47227600,241.4720001220703,239.03249969482422,239.36359954833983,45.535244904391185,0.5452792215116915,1.272672945963804,-0.7273937244521125,251.15775690520258,239.03249969482422,226.90724248444587,6.080227633809737,47548430.0,-0.0008052693108767661,-0.0008055937143747655,7.32000732421875,0,235.3300018310547
2025-03-06,234.09310913085938,235.3300018310547,237.86000061035156,233.16000366210938,234.44000244140625,45170400,240.4220001220703,239.1754997253418,239.07439971923827,44.99833487329744,0.18126889732792506,1.0543921362366282,-0.8731232389087031,251.05272529466544,239.1754997253418,227.29827415601818,5.981639727697769,48833780.0,-0.0017392197020257294,-0.0017407339005489856,4.6999969482421875,0,239.07000732421875
2025-03-07,237.81346130371094,239.07000732421875,241.3699951171875,234.75999450683594,235.11000061035156,46273600,239.7740005493164,239.46800003051757,238.76599975585938,50.70786840807548,0.192357897523749,0.8819852884940523,-0.6896273909703033,251.02805603176907,239.46800003051757,227.90794402926608,6.026522647887326,48141400.0,0.015892599600832114,0.015767634514395192,6.6100006103515625,0,227.47999572753906
2025-03-10,226.2843780517578,227.47999572753906,236.16000366210938,224.22000122070312,235.5399932861328,72071200,237.81199951171874,239.46049957275392,238.21019958496095,37.66085118324163,-0.7257055818018046,0.560447114434881,-1.2861526962366856,251.0514224581342,239.46049957275392,227.86957668737364,6.65677146614649,50215880.0,-0.04847957184759566,-0.0496941230571602,11.94000244140625,0,220.83999633789062
2025-03-11,219.67926025390625,220.83999633789062,225.83999633789062,217.4499969482422,223.80999755859375,76137400,235.19199981689454,239.11999969482423,237.4629992675781,32.501366223945126,-1.966402497464145,0.05507719205507583,-2.0214796895192206,252.36132711866756,239.11999969482423,225.8786722709809,6.897716274228661,53028290.0,-0.029189377151217277,-0.029623862823691977,8.389999389648438,0,216.97999572753906
2025-03-12,215.8395538330078,216.97999572753906,221.75,214.91000366210938,220.13999938964844,62547500,232.85399932861327,238.3379997253418,236.62219940185548,29.934015421367164,-3.2239696168576586,-0.6007321697274711,-2.6232374471301876,254.53900584745554,238.3379997253418,222.13699360322806,6.893593421633087,54839680.0,-0.017478720677234882,-0.017633277129478004,6.839996337890625,0,209.67999267578125
2025-03-13,208.57791137695312,209.67999267578125,216.83999633789062,208.4199981689453,215.9499969482422,61368300,230.0919982910156,236.97849960327147,235.7039993286133,25.78560863643294,-4.754839032284991,-1.4315535422389751,-3.323285490046016,257.4456660692422,236.97849960327147,216.51133313730077,7.012622288558849,56861150.0,-0.03364366852013578,-0.034222639619038715,8.419998168945312,0,213.49000549316406
2025-03-14,212.36790466308594,213.49000549316406,213.9499969482422,209.5800018310547,211.25,60107600,227.25699920654296,235.57649993896484,234.92979949951172,31.148715872392785,-5.59611930073703,-2.2644666939385862,-3.3316526067984435,258.3194358328448,235.57649993896484,212.83356404508484,6.823863204889467,57188570.0,0.01817060735629683,0.01800749480985239,4.3699951171875,0,214.0
2025-03-17,212.87522888183594,214.0,215.22000122070312,209.97000122070312,213.30999755859375,48073400,224.85399932861327,234.04649963378907,234.2013995361328,31.858560661437167,-6.1507852563779295,-3.041730406426455,-3.1090548499514745,258.22710894291697,234.04649963378907,209.8658903246612,6.711444404540219,57277510.0,0.00238884488132296,0.0023859961273084147,5.25,0,212.69000244140625
2025-03-18,211.57211303710938,212.69000244140625,215.14999389648438,211.49000549316406,214.16000366210938,42432400,222.53000030517578,232.4574996948242,233.57819946289064,30.975166202948344,-6.619759411410314,-3.7573362074232266,-2.8624232039870874,257.8364732898248,232.4574996948242,207.0785260998236,6.49348326159594,56140940.0,-0.006121483918662407,-0.006140297016690643,3.6599884033203125,0,215.24000549316406
2025-03-19,214.10870361328125,215.24000549316406,218.75999450683594,213.75,214.22000122070312,54385400,220.4800003051758,230.97600021362305,233.01579956054687,34.76701217546179,-6.708331404399075,-4.3475352468183965,-2.360796157580679,256.74007113961125,230.97600021362305,205.2119292876349,6.463233890441208,56856720.0,0.011989294383784266,0.01191799213716932,5.0099945068359375,0,214.10000610351562
2025-03-20,212.97470092773438,214.10000610351562,217.49000549316406,212.22000122070312,213.99000549316406,48862900,218.35700073242188,229.3895004272461,232.39779968261718,33.87118484303103,-6.792217317118315,-4.836471660878381,-1.9557456562399338,255.2071491780794,229.3895004272461,203.57185167641282,6.378003203442617,57225970.0,-0.0052964103352275416,-0.005310486038913763,5.2700042724609375,0,218.27000427246094
2025-03-21,217.12278747558594,218.27000427246094,218.83999633789062,211.27999877929688,211.55999755859375,94127800,216.2770004272461,228.02550048828124,231.91899963378907,39.964848495398584,-6.447886285776036,-5.158754585857912,-1.2891316999181246,253.15725875584602,228.02550048828124,202.89374222071646,6.462431371667698,62011390.0,0.019476870855058115,0.019289624021771094,7.55999755859375,0,220.72999572753906
2025-03-24,219.56985473632812,220.72999572753906,221.47999572753906,218.5800018310547,221.0,44299500,215.60200042724608,226.7069999694824,231.479599609375,43.285073593904094,-5.908392441034124,-5.308682156893155,-0.5997102841409694,250.42469429664467,226.7069999694824,202.98930564232015,6.230114234768442,59234220.0,0.011270405492856295,0.011207367671882662,2.899993896484375,0,223.75
2025-03-25,222.573974609375,223.75,224.10000610351562,220.0800018310547,220.77000427246094,34493600,215.89300079345702,225.5425003051758,231.21759948730468,47.14937246266809,-5.177467949019643,-5.282439315318453,0.10497136629880988,247.36376132842884,225.5425003051758,203.72123928192275,6.072249237460764,55069840.0,0.013681893403326706,0.013589141357894689,4.0200042724609375,0,221.52999877929688
2025-03-26,220.3656463623047,221.52999877929688,225.02000427246094,220.47000122070312,223.50999450683594,34466100,216.3480010986328,224.60100021362305,230.96019958496095,44.73633493857013,-4.722897940699511,-5.170531040394665,0.4476330996951541,245.38392863085124,224.60100021362305,203.81807179639486,5.963517367053411,52261700.0,-0.009921793165153625,-0.00997134217070943,4.5500030517578125,0,223.85000610351562
2025-03-27,222.6734619140625,223.85000610351562,224.99000549316406,220.55999755859375,221.38999938964844,37094800,217.76500244140624,223.92850036621093,230.77159973144532,47.74606787897149,-4.127859339192497,-4.9619967001542316,0.8341373609617344,243.87796033961993,223.92850036621093,203.97904039280192,5.853980979018904,49834350.0,0.010472655337889991,0.010418196968815085,4.4300079345703125,0,217.89999389648438
2025-03-28,216.75469970703125,217.89999389648438,223.80999755859375,217.67999267578125,221.6699981689453,39818600,218.20600128173828,222.73150024414062,230.37219970703126,41.503213729205164,-4.089264721032009,-4.787450304329788,0.6981855832977786,241.04417226446893,222.73150024414062,204.4188282238123,5.8765547253557235,47805450.0,-0.026580353115021937,-0.026939998013123585,6.1300048828125,0,222.1300048828125
2025-03-31,220.96249389648438,222.1300048828125,225.6199951171875,216.22999572753906,217.00999450683594,65299300,219.01900177001954,221.9365005493164,230.24959991455077,46.8261582347537,-3.6749886911304372,-4.5649579816899175,0.8899692905594803,238.85067822110818,221.9365005493164,205.02232287752463,6.1275150585194895,49528040.0,0.019412625538381745,0.01922660411136273,9.389999389648438,1,223.19000244140625
2025-04-01,222.01690673828125,223.19000244140625,223.67999267578125,218.89999389648438,219.80999755859375,36412700,220.06900177001953,221.29950103759765,230.11380004882812,48.10062957542402,-3.2239750312213857,-4.2967613915962115,1.0727863603748258,236.97167452506358,221.29950103759765,205.62732755013172,6.031263895717875,48926070.0,0.0047719692760685994,0.004760619523474436,4.779998779296875,1,223.88999938964844
2025-04-02,222.71324157714844,223.88999938964844,225.19000244140625,221.02000427246094,221.32000732421875,35905900,220.93400115966796,220.70700073242188,230.13880004882813,48.97045027032877,-2.778036082074209,-3.993016329691811,1.2149802476176021,234.9845809871726,220.70700073242188,206.42942047767116,5.898316343805549,47078120.0,0.003136327526256366,0.0031314195104993705,4.1699981689453125,1,203.19000244140625
2025-04-03,202.12203979492188,203.19000244140625,207.49000549316406,201.25,205.5399932861328,103419000,219.84300079345704,219.10000076293946,229.72600006103517,31.928866190224696,-4.048276991495925,-4.004068462052635,-0.044208529443290345,233.6644134157914,219.10000076293946,204.53558811008753,7.094150847080042,52533730.0,-0.09245610346452682,-0.0970133431749755,6.2400054931640625,0,188.3800048828125
2025-04-04,187.38987731933594,188.3800048828125,199.8800048828125,187.33999633789062,193.88999938964844,125910900,216.8540008544922,216.56550064086915,229.0204000854492,25.177914408415887,-6.1787700791472275,-4.439008785471553,-1.7397612936756746,233.75301789645206,216.56550064086915,199.37798338528623,7.719569079682584,55712040.0,-0.07288743235713335,-0.07568028859562168,12.540008544921875,0,181.4600067138672
2025-04-07,180.50625610351562,181.4600067138672,194.14999389648438,174.6199951171875,177.1999969482422,160466300,212.927001953125,214.26450119018554,228.19400024414062,22.756734164521276,-8.32956913190506,-5.217120854758255,-3.1124482771468056,236.55544678913108,214.26450119018554,191.97355559124,8.563171201083604,67328720.0,-0.036734249865053914,-0.03742594457404607,19.529998779296875,0,172.4199981689453
2025-04-08,171.51376342773438,172.4199981689453,190.33999633789062,169.2100067138672,186.6999969482422,120859500,207.79400177001952,211.84350128173827,227.0452001953125,20.04492376214276,-10.640884522898176,-6.30187358838624,-4.339010934511936,240.39146710769108,211.84350128173827,183.29553545578545,9.46080108843645,75965310.0,-0.049818186985832624,-0.05110193057859606,21.129989624023438,0,198.85000610351562
2025-04-09,197.80484008789062,198.85000610351562,200.61000061035156,171.88999938964844,171.9499969482422,184395900,205.5260025024414,210.9370018005371,226.25700042724608,41.85929923201114,-10.222103817096325,-7.085919634128257,-3.1361841829680683,239.9230131838415,210.9370018005371,181.9509904172327,10.83645824074121,90958290.0,0.15328852926139658,0.1426174521857242,28.720001220703125,0,190.4199981689453
2025-04-10,189.41915893554688,190.4199981689453,194.77999877929688,183.0,189.07000732421875,121880000,202.18300170898436,209.9740020751953,225.27820037841798,38.27256132213619,-10.449987329358635,-7.758733173174333,-2.6912541561843017,240.3113199402411,209.9740020751953,179.6366842101495,11.194568802367954,99436810.0,-0.04239380274487847,-0.04331865310609675,11.779998779296875,0,198.14999389648438
2025-04-11,197.1085205078125,198.14999389648438,199.5399932861328,186.05999755859375,186.10000610351562,87435900,200.20800170898437,209.20700149536134,224.48940032958984,43.08811894075541,-9.892802532160971,-8.185547044971662,-1.7072554871893093,239.92326223071095,209.20700149536134,178.49074076001173,11.357813582737318,104198540.0,0.0405944533235465,0.039792139592270785,13.479995727539062,0,202.52000427246094
2025-04-14,201.45555114746094,202.52000427246094,212.94000244140625,201.16000366210938,211.44000244140625,101352900,198.24700164794922,208.63300170898438,223.81980041503905,45.66863655771061,-8.994918429923501,-8.34742132196203,-0.6474971079614722,239.39855696127358,208.63300170898438,177.86744645669518,11.6029703657505,107803900.0,0.022054052538903912,0.021814379364254816,11.779998779296875,0,202.13999938964844
2025-04-15,201.07754516601562,202.13999938964844,203.50999450683594,199.8000030517578,201.86000061035156,51343900,196.14200134277343,208.1055015563965,223.3024005126953,45.47554061390277,-8.219255566344401,-8.321788170838504,0.10253260449410284,238.93643292690405,208.1055015563965,177.27457018588893,11.03918615784533,109297020.0,-0.0018763819612667154,-0.001878144571130347,3.709991455078125,0,194.27000427246094
2025-04-16,193.24891662597656,194.27000427246094,200.6999969482422,192.3699951171875,198.36000061035156,59732400,193.18000183105468,207.05700149536133,222.53180053710938,41.55662968546839,-8.145681644782115,-8.286566865627227,0.1408852208451119,238.27002581847034,207.05700149536133,175.84397717225232,10.948530308889303,111679670.0,-0.038933388448355366,-0.03971155758399116,8.330001831054688,0,196.97999572753906
2025-04-17,195.94467163085938,196.97999572753906,198.8300018310547,194.4199981689453,197.1999969482422,52164700,192.55900115966796,206.2010009765625,221.82200042724608,43.36646611628827,-7.779028323554343,-8.18505915721265,0.40603083365830805,237.5332585733127,206.2010009765625,174.86874337981232,10.492206541011049,106554240.0,0.013949613401343264,0.013853213008659493,4.410003662109375,0,193.16000366210938
2025-04-21,192.14474487304688,193.16000366210938,193.8000030517578,189.80999755859375,193.27000427246094,46742500,193.03700103759766,204.94550094604492,221.0208004760742,41.419372594131815,-7.707843141788459,-8.089615954127812,0.3817728123393529,236.255029829157,204.94550094604492,173.63597206293284,10.254905943006353,98637400.0,-0.019392791899099593,-0.019583299087451427,3.9900054931640625,0,199.74000549316406
2025-04-22,198.690185546875,199.74000549316406,201.58999633789062,195.97000122070312,196.1199951171875,52976400,194.86500091552733,203.89600143432617,220.46300048828124,45.923298226034795,-7.039332176482759,-7.879559198598802,0.8402270221160428,234.41599788685923,203.89600143432617,173.3760049817931,10.124554995347419,87888410.0,0.03406503264808869,0.03349766835227687,5.6199951171875,0,204.60000610351562
2025-04-23,203.5246124267578,204.60000610351562,208.0,202.8000030517578,206.0,52929200,198.08300170898437,202.93850173950196,220.00200073242186,49.039772478510464,-6.047657358092891,-7.51317883049762,1.4655214724047285,232.07723598630776,202.93850173950196,173.79976749269616,9.991372103310884,81095380.0,0.024331633507028716,0.024040335032419813,5.1999969482421875,1,208.3699951171875
2025-04-24,207.2747802734375,208.3699951171875,208.8300018310547,202.94000244140625,204.88999938964844,47311000,199.03500061035157,202.28050155639647,219.51700073242188,51.38050729565644,-4.901045116291186,-6.990752087656333,2.089706971365147,230.28238449609066,202.28050155639647,174.2786186167023,9.698416909477853,67386890.0,0.018426143212158408,0.01825843879975244,5.8899993896484375,1,209.27999877929688
2025-04-25,208.18002319335938,209.27999877929688,209.75,206.1999969482422,206.3699951171875,38222300,200.9210006713867,201.55200119018554,218.96520080566407,51.95418002488256,-3.874256941078386,-6.367453058340744,2.4931961172623582,227.9855496471578,201.55200119018554,175.11845273321327,9.25924449106928,59021120.0,0.0043672490446504675,0.004357740287230528,3.5500030517578125,1,210.13999938964844
2025-04-28,209.0355224609375,210.13999938964844,211.5,207.4600067138672,210.0,38743100,202.12000122070313,201.16400146484375,218.3374008178711,52.52429896781814,-2.957038157495248,-5.685370078171645,2.728331920676397,226.84336435393033,201.16400146484375,175.48463857575717,8.886440833573818,54151840.0,0.0041093301575299,0.0041009099201662,4.0399932861328125,1,211.2100067138672
2025-04-29,210.09988403320312,211.2100067138672,212.24000549316406,208.3699951171875,208.69000244140625,36827600,202.98900146484374,200.61800155639648,217.66960083007814,53.26732356375444,-2.1193643022431843,-4.972168922985953,2.852804620742769,224.91835133201755,200.61800155639648,176.3176517807754,8.52812437231687,47699310.0,0.005091878401668248,0.005078958627559431,3.8700103759765625,1,212.5
2025-04-30,211.3831024169922,212.5,213.5800018310547,206.6699981689453,209.3000030517578,52286500,204.0250015258789,200.08350143432617,217.03020080566407,54.19800611407813,-1.3360093751349211,-4.244937013415747,2.908927638280826,222.7925650501545,200.08350143432617,177.37443781849782,8.412544321587763,47793570.0,0.006107633374967891,0.006089057380782453,6.910003662109375,1,213.32000732421875
2025-05-01,212.19879150390625,213.32000732421875,214.55999755859375,208.89999389648438,209.0800018310547,57365700,205.93000183105468,199.55500183105468,216.39920104980467,54.81403271406611,-0.6416308921336622,-3.52427578915933,2.882644897025668,220.44221015673543,199.55500183105468,178.66779350537394,8.215934274482164,47556900.0,0.0038588579963234615,0.00385143170235058,5.660003662109375,1,205.35000610351562
2025-05-02,204.27069091796875,205.35000610351562,206.99000549316406,202.16000366210938,206.08999633789062,101010600,206.76700286865236,199.66300201416016,215.5896011352539,48.04961616331539,-0.7260737063382408,-2.9646353725951125,2.2385616662568717,220.64639031296215,199.66300201416016,178.67961371535816,8.426224945026965,52441490.0,-0.0373617145464924,-0.03807754994175382,4.8300018310546875,1,198.88999938964844
2025-05-05,197.8446502685547,198.88999938964844,204.10000610351562,198.2100067138672,203.10000610351562,69018500,207.34000244140626,200.18850173950196,214.65640106201172,43.37702662144104,-1.2992864330310852,-2.631565584682307,1.332279151651222,220.53195981356748,200.18850173950196,179.84504366543644,8.334351691071356,54669090.0,-0.03145851727226512,-0.03196396511870287,5.8899993896484375,0,198.50999450683594
2025-05-06,197.4666290283203,198.50999450683594,200.64999389648438,197.02000427246094,198.2100067138672,51216500,207.21700134277344,201.0410011291504,213.68460083007812,43.11144307783493,-1.763891820003039,-2.4580308317464534,0.6941390117434145,219.516970324157,201.0410011291504,182.5650319341438,7.998325829139362,54493100.0,-0.0019106284075551816,-0.0019124559862646142,3.6299896240234375,0,196.25
2025-05-07,195.218505859375,196.25,199.44000244140625,193.25,199.1699981689453,68536700,206.3820007324219,202.2325012207031,212.66880096435546,41.48465221042497,-2.2880820203696715,-2.424041069471097,0.13595904910142576,215.51561546761215,202.2325012207031,188.94938697379408,7.869159872872712,56053850.0,-0.011384789528862349,-0.011450092357583123,6.19000244140625,0,197.49000549316406
2025-05-08,196.45199584960938,197.49000549316406,200.0500030517578,194.67999267578125,197.72000122070312,50478900,205.29400177001952,202.16450119018555,211.81140106201173,42.760893870938986,-2.5737795223946023,-2.4539887600557986,-0.1197907623388037,215.52985290951648,202.16450119018555,188.79914947085462,7.690649194522988,56370640.0,0.006318499328224592,0.006298621300274167,5.3700103759765625,0,198.52999877929688
2025-05-09,197.48654174804688,198.52999877929688,200.5399932861328,197.5399932861328,199.0,36453900,204.21900177001953,202.57000122070312,211.0360009765625,43.86669080692082,-2.6853233484788177,-2.5002556777404026,-0.18506767073841512,214.94053705364863,202.57000122070312,190.1994653877576,7.359173380126257,56193800.0,0.0052660552797889615,0.0052522380974870265,3.0,0,210.7899932861328
2025-05-12,209.95703125,210.7899932861328,211.27000427246094,206.75,210.97000122070312,63775800,204.28400115966798,203.20200119018554,210.41500091552734,54.92242333445618,-1.7641079997262068,-2.353026142137564,0.588918142411357,215.892108436005,203.20200119018554,190.51189394436608,7.743518531057529,58697070.0,0.06175386381009962,0.059922129300548174,4.5200042724609375,1,212.92999267578125
2025-05-13,212.08859252929688,212.92999267578125,213.39999389648438,209.0,210.42999267578125,51909300,204.45599975585938,203.72250061035157,209.91300079345703,56.531760304203246,-0.851542085720439,-2.052729330854139,1.2011872451337,217.0936966314423,203.72250061035157,190.35130458926085,7.504695342873733,60205240.0,0.010152281691776288,0.01010109344017187,4.399993896484375,1,212.3300018310547
2025-05-14,211.49098205566406,212.3300018310547,213.94000244140625,210.5800018310547,212.42999267578125,49325800,204.43899993896486,204.23200073242188,209.4410009765625,55.92887023337328,-0.17472712548641312,-1.677128889780594,1.502401764294181,218.09084177224364,204.23200073242188,190.37315969260013,7.20864571912215,59909170.0,-0.0028177845553216674,-0.002821761983669661,3.3600006103515625,1,211.4499969482422
2025-05-15,210.6144561767578,211.4499969482422,212.9600067138672,209.5399932861328,210.9499969482422,45029500,204.2519989013672,205.09100036621095,208.95520080566405,55.002356080773225,0.28733237835274394,-1.2842366361539266,1.5715690145066705,218.49575969505793,205.09100036621095,191.68624103736397,6.938029126880166,58675550.0,-0.004144515024837148,-0.004153127331358633,3.420013427734375,1,211.25999450683594
2025-05-16,210.42520141601562,211.25999450683594,212.57000732421875,209.77000427246094,212.36000061035156,54737900,204.8429977416992,205.80500030517578,208.4738006591797,54.7913055529479,0.6309134771646541,-0.9012066134902106,1.5321200906548647,218.92376577699676,205.80500030517578,192.6862348333548,6.642455835799998,54048280.0,-0.0008985691376138805,-0.0008989730928673613,2.8000030517578125,1,208.77999877929688
2025-05-19,207.95498657226562,208.77999877929688,209.47999572753906,204.25999450683594,207.91000366210938,46140500,205.83199768066407,206.58600006103515,207.86800048828124,51.98730013980553,0.6950766335564253,-0.5819499640808834,1.2770265976373087,218.39502627802707,206.58600006103515,194.77697384404323,6.667994704671427,51760480.0,-0.011739069355408915,-0.011808516259790175,5.220001220703125,1,206.86000061035156
2025-05-20,206.04258728027344,206.86000061035156,208.47000122070312,205.02999877929688,207.6699981689453,42496600,206.66699829101563,206.94199981689454,207.4556005859375,49.85988128356405,0.5842635644482925,-0.34870725837504823,0.9329708228233408,218.32565669087202,206.94199981689454,195.55834294291705,6.4595665114806105,50888490.0,-0.009196274452396014,-0.009238821233101603,3.44000244140625,0,202.08999633789062
2025-05-21,201.2914276123047,202.08999633789062,207.0399932861328,200.7100067138672,205.1699981689453,59211800,207.2509979248047,206.81649932861328,207.0806005859375,44.939624011138896,0.11027277273484515,-0.2569112521530696,0.36718402488791474,218.35495862678528,206.81649932861328,195.27804003044128,6.450310801536682,49956000.0,-0.02305909435553888,-0.023329114291235003,6.329986572265625,0,201.36000061035156
2025-05-22,200.5643310546875,201.36000061035156,202.75,199.6999969482422,200.7100067138672,46742400,207.63799743652345,206.46599960327148,206.76820068359376,44.22043048146355,-0.3205774813484652,-0.26964449799214874,-0.050932983356316464,218.21830357165015,206.46599960327148,194.71369563489282,6.207431676552477,49582350.0,-0.003612230891026025,-0.003618770750769896,3.0500030517578125,0,195.27000427246094
2025-05-23,194.49838256835938,195.27000427246094,197.6999969482422,193.4600067138672,193.6699981689453,78432900,207.31199798583984,205.7654998779297,206.48000091552734,38.66166572838354,-1.1402965907742555,-0.44377491654857015,-0.6965216742256853,218.40037989799035,205.7654998779297,193.13061985786905,6.3283289779761835,53780250.0,-0.03024432021966106,-0.030711115726039975,4.239990234375,0,200.2100067138672
2025-05-27,199.4188690185547,200.2100067138672,200.74000549316406,197.42999267578125,198.3000030517578,56288500,206.25399932861328,205.2690002441406,206.2144009399414,44.730882818550064,-1.375457560488286,-0.6301114453365133,-0.7453461151517726,217.95756191359325,205.2690002441406,192.58043857468797,6.267019852456679,53031520.0,0.025298316860348224,0.024983611085566255,3.3100128173828125,0,200.4199981689453
2025-05-28,199.62803649902344,200.4199981689453,202.72999572753906,199.89999389648438,200.58999633789062,45339700,205.00299987792968,204.72949981689453,205.94280090332032,44.980100944600615,-1.5272743003379219,-0.8095440163367951,-0.7177302840011268,217.27855583899805,204.72949981689453,192.18044379479102,6.02151856521368,52374560.0,0.0010488559414427723,0.001048306276362571,2.8300018310546875,0,199.9499969482422
2025-05-29,199.15988159179688,199.9499969482422,203.80999755859375,198.50999450683594,203.5800018310547,51396800,203.76499938964844,204.10199966430665,205.68800079345704,44.496480330105335,-1.6663071790757442,-0.9808966488845849,-0.6854105301911593,216.28380479306597,204.10199966430665,191.92019453554732,5.969981742823975,52581660.0,-0.0023450814539321962,-0.002347835463872541,5.3000030517578125,0,200.85000610351562
2025-05-30,200.05633544921875,200.85000610351562,201.9600067138672,196.77999877929688,199.3699951171875,70819900,202.7050003051758,203.47849960327147,205.40020080566407,45.700443728469075,-1.6844512149417028,-1.1216075620960084,-0.5628436528456944,214.96597653560397,203.47849960327147,191.99102267093897,5.913555042234428,55160700.0,0.0045011711378339925,0.00449107116349544,5.1800079345703125,0,201.6999969482422
2025-06-02,200.90296936035156,201.6999969482422,202.1300048828125,200.1199951171875,200.27999877929688,35423300,201.7490005493164,203.2959991455078,205.15220062255858,46.87254140640573,-1.6116650649446171,-1.2196190626657302,-0.392046002278887,214.77471891842822,203.2959991455078,191.8172793725874,5.634730379619469,53229240.0,0.0042319682295079986,0.004223038636265427,2.010009765625,0,203.27000427246094
2025-06-03,202.46678161621094,203.27000427246094,203.77000427246094,200.9600067138672,201.35000610351562,46381600,201.1980010986328,203.51499938964844,204.8522006225586,49.05980073901802,-1.41102957609246,-1.2579011653510763,-0.15312841074138372,214.81485476812372,203.51499938964844,192.21514401117315,5.432963749546204,53253350.0,0.0077838738124602624,0.007753735759536577,2.80999755859375,0,202.82000732421875
2025-06-04,202.01853942871094,202.82000732421875,206.24000549316406,202.10000610351562,202.91000366210938,43604000,200.79400177001952,203.7305000305176,204.49400085449219,48.4441769521473,-1.2736536125940745,-1.261051654799676,-0.012601957794398544,214.80242657870255,203.7305000305176,192.65857348233263,5.340609152410649,53364090.0,-0.00221378923984783,-0.002216243293754774,4.1399993896484375,0,200.6300048828125
2025-06-05,199.8372039794922,200.6300048828125,204.75,200.14999389648438,203.5,55126100,200.64800262451172,203.9495002746582,204.03160095214844,45.45474577793856,-1.3262093503346648,-1.274083193906674,-0.0521261564279909,214.58560627974958,203.9495002746582,193.3133942695668,5.287708934632433,52955520.0,-0.010797763348392997,-0.010856482266256429,4.600006103515625,0,203.9199981689453
2025-06-06,203.11419677734375,203.9199981689453,205.6999969482422,202.0500030517578,203.0,46607700,200.90400238037108,204.27099990844727,203.67940093994142,50.40595838451863,-1.0898223943962364,-1.2372310340045867,0.14740863960835027,214.48708831849208,204.27099990844727,194.05491149840245,5.27215772968938,52942050.0,0.0163983113495636,0.016265311059071526,3.649993896484375,0,201.4499969482422
2025-06-09,200.65396118164062,201.4499969482422,206.0,200.02000427246094,204.38999938964844,72862600,201.52200164794922,204.41699981689453,203.23140075683594,46.95956010507377,-1.0892364448777982,-1.207632116179229,0.1183956713014307,214.38108488558504,204.41699981689453,194.45291474820402,5.322717586678643,52385020.0,-0.012112599268742419,-0.012186554600183343,5.9799957275390625,0,202.6699981689453
2025-06-10,201.869140625,202.6699981689453,204.35000610351562,200.57000732421875,200.60000610351562,54672600,201.76800079345702,204.01100006103516,202.92680084228516,48.82089308345196,-0.9790423819810314,-1.1619141693395896,0.18287178735855814,213.55621047510505,204.01100006103516,194.46578964696528,5.212523386151374,52223430.0,0.0060560994747325125,0.0060378350081640355,3.779998779296875,0,198.77999877929688
2025-06-11,197.99452209472656,198.77999877929688,204.5,198.41000366210938,203.5,60989900,201.6040008544922,203.30350036621093,202.45980072021484,43.57059029748643,-1.1918641657007356,-1.1679041686118188,-0.02395999708891683,212.1732133043897,203.30350036621093,194.43378742803216,5.27520002556132,53788450.0,-0.019193760422328232,-0.01938035209767723,6.089996337890625,0,199.1999969482422
2025-06-12,198.41285705566406,199.1999969482422,199.67999267578125,197.36000061035156,199.0800018310547,43904600,201.52900085449218,202.64700012207032,201.98000061035157,44.26748920906907,-1.311518254389199,-1.1966269857672949,-0.11489126862190413,210.64825250183952,202.64700012207032,194.64574774230113,5.064113742694775,53039230.0,0.002112879422097258,0.0021106504315444113,2.3199920654296875,0,196.4499969482422
2025-06-13,195.67372131347656,196.4499969482422,200.3699951171875,195.6999969482422,199.72999572753906,51447300,201.08899993896483,201.89700012207032,201.43120056152344,40.72134514722587,-1.6096914776705944,-1.2792398841479549,-0.33045159352263953,209.24220663296802,201.89700012207032,194.55179361117263,5.035962630284098,51101970.0,-0.013805221095031128,-0.013901399360486715,4.6699981689453125,0,198.4199981689453
2025-06-16,197.63592529296875,198.4199981689453,198.69000244140625,196.55999755859375,197.3000030517578,43020700,200.76100006103516,201.25500030517577,201.3358004760742,44.17155492521316,-1.6678078204398616,-1.3569534714063363,-0.3108543490335254,207.35321146704467,201.25500030517577,195.15678914330687,4.836251406204096,51861710.0,0.010028003315378786,0.00997805652363861,2.1300048828125,0,195.63999938964844
2025-06-17,194.86692810058594,195.63999938964844,198.38999938964844,195.2100067138672,197.1999969482422,38856200,199.9979995727539,200.59800033569337,201.48100036621094,40.58197875039326,-1.9161004950840095,-1.468782876141871,-0.4473176189421384,206.11543725733685,200.59800033569337,195.0805634140499,4.72008998112367,51109170.0,-0.014010678383989505,-0.014109754442192705,3.17999267578125,0,196.5800018310547
2025-06-18,195.80320739746094,196.5800018310547,197.57000732421875,195.07000732421875,195.94000244140625,45394700,199.3739990234375,200.08400039672853,201.7834002685547,42.28972251641125,-2.0138099400624583,-1.5777882889259887,-0.4360216511364696,205.06111395219267,200.08400039672853,195.10688684126438,4.561512125329122,51288240.0,0.004804755900321256,0.004793249901647917,2.5,0,201.0
2025-06-20,200.20574951171875,201.0,201.6999969482422,196.86000061035156,198.24000549316406,96813500,199.41099853515624,200.02950057983398,202.3550003051758,49.62176927947884,-1.714821076468013,-1.6051948464343935,-0.10962623003361949,204.94099582418332,200.02950057983398,195.11800533548464,4.601403767604721,55456980.0,0.022484475164182616,0.022235425606040273,4.839996337890625,1,201.5
2025-06-23,200.70376586914062,201.5,202.3000030517578,198.9600067138672,201.6300048828125,55814300,199.16899871826172,200.0365005493164,202.40800018310546,50.38962073028371,-1.4211423818972548,-1.5683843535269657,0.14724197162971087,204.9559534843159,200.0365005493164,195.1170476143169,4.511303236910857,56377640.0,0.0024875621890547706,0.0024844733276619658,3.339996337890625,1,200.3000030517578
2025-06-24,199.5084991455078,200.3000030517578,203.44000244140625,200.1999969482422,202.58999633789062,54064000,199.0539993286133,200.28800048828126,202.6056002807617,48.479811274561015,-1.2705831340802547,-1.5088241096376236,0.2382409755573689,204.69458620341038,200.28800048828126,195.88141477315213,4.420496255214657,54497780.0,-0.005955319842392948,-0.0059731234790300165,3.2400054931640625,1,201.55999755859375
2025-06-25,200.76351928710938,201.55999755859375,203.6699981689453,200.6199951171875,201.4499969482422,39525700,198.94299926757813,200.3555000305176,202.6738003540039,50.597074295487346,-1.0376316472500378,-1.4145856171601066,0.3769539699100688,204.79646294587488,200.3555000305176,195.9145371151603,4.345460459641289,52983090.0,0.0062905366332437485,0.006270833792136221,3.0500030517578125,1,201.0
2025-06-26,200.20574951171875,201.0,202.63999938964844,199.4600067138672,201.42999267578125,50799100,199.16499938964844,200.3845001220703,202.6434002685547,49.62103930178909,-0.8879671064332797,-1.309261915014741,0.4212948085814614,204.834335134124,200.3845001220703,195.93466511001662,4.262212760794143,51964010.0,-0.002778316954637594,-0.002782183640768199,3.17999267578125,1,201.0800018310547
2025-06-27,200.28543090820312,201.0800018310547,203.22000122070312,200.0,201.88999938964844,73188600,199.35299987792968,200.44100036621094,202.6222003173828,49.77011287542503,-0.7542073673453444,-1.1982510054808617,0.4440436381355173,204.89602544447632,200.44100036621094,195.98597528794556,4.187769079359071,54892410.0,0.00039801905997349785,0.00039793987139912456,3.220001220703125,1,205.1699981689453
2025-06-30,204.3592529296875,205.1699981689453,207.38999938964844,199.25999450683594,202.00999450683594,91912800,200.225,200.65699996948243,202.8402001953125,56.80688740342301,-0.3145473810789383,-1.021510280600477,0.7069628995215387,205.5661599830227,200.65699996948243,195.74783995594217,4.469357351034316,58938960.0,0.020340144721736175,0.020136046923066173,8.1300048828125,1,207.82000732421875
2025-07-01,206.99879455566406,207.82000732421875,210.19000244140625,206.13999938964844,206.6699981689453,78788900,201.16500091552734,200.96300048828124,203.0570004272461,60.653082312811755,0.2448968983946429,-0.768228844801453,1.0131257431960958,206.77415124366365,200.96300048828124,195.15184973289882,4.50868927399336,62515780.0,0.012916163079025322,0.012833460814047843,4.0500030517578125,1,212.44000244140625
2025-07-02,211.6005401611328,212.44000244140625,213.33999633789062,208.13999938964844,208.91000366210938,67941800,202.84500122070312,201.4215003967285,203.44260040283203,66.28902898395879,1.048963714756212,-0.40479033288992006,1.4537540476461321,209.05094637346616,201.4215003967285,193.79205441999085,4.580924969684682,65424340.0,0.022230752354752248,0.0219872513788248,5.1999969482421875,1,213.5500030517578
2025-07-03,212.7061309814453,213.5500030517578,214.64999389648438,211.80999755859375,212.14999389648438,34955800,204.54200134277343,201.95800018310547,203.71880035400392,67.49375782990677,1.7555236484606382,0.027272463380191625,1.7282511850804467,211.23625803866162,201.95800018310547,192.67974232754932,4.456572924556535,64380450.0,0.005225007520218483,0.005211404531662551,2.839996337890625,1,209.9499969482422
2025-07-07,209.12037658691406,209.9499969482422,216.22999572753906,208.8000030517578,212.67999267578125,50229000,205.43700103759767,202.42399978637695,203.82580017089845,60.004073952626754,2.0019103045189013,0.42220003160793357,1.5797102729109678,212.30525145144762,202.42399978637695,192.5427481213063,4.6689600496440145,59722000.0,-0.016857907057220234,-0.01700161898351503,7.42999267578125,1,210.00999450683594
2025-07-08,209.1801300048828,210.00999450683594,211.42999267578125,208.4499969482422,210.10000610351562,42848900,206.28800048828126,202.72849960327147,203.85860015869142,60.08357384742931,2.1769206202982616,0.7731441493459992,1.4037764709522624,213.13667498909882,202.72849960327147,192.32032421744412,4.548319740922232,58425460.0,0.00028577070476720756,0.00028572988009683404,2.9799957275390625,1,211.13999938964844
2025-07-09,210.3056640625,211.13999938964844,211.3300018310547,207.22000122070312,209.52999877929688,48749400,207.37200012207032,203.2129997253418,203.89580017089844,61.6304958239286,2.379371592027269,1.0943896378822533,1.2849819541450156,214.22276381511486,203.2129997253418,192.20323563556875,4.517011231595756,57894000.0,0.005380719548448543,0.0053662951961474135,4.1100006103515625,1,212.41000366210938
2025-07-10,211.57066345214844,212.41000366210938,213.47999572753906,210.02999877929688,210.50999450683594,44443600,208.45700073242188,203.7,203.94120025634766,63.349610691257745,2.6121825620736274,1.3979482227205282,1.2142343393530992,215.41000573812497,203.7,191.989994261875,4.44079592564193,58385790.0,0.0060149866256142825,0.005996968808745969,3.4499969482421875,1,211.16000366210938
2025-07-11,210.3256072998047,211.16000366210938,212.1300048828125,209.86000061035156,210.57000732421875,39765800,209.4730010986328,204.31900024414062,203.9402001953125,60.47749444413962,2.6651007572715457,1.6513787296307318,1.0137220276408139,216.23036614832333,204.31900024414062,192.40763433995792,4.305739291793064,57282460.0,-0.005884845244805148,-0.005902229181318377,2.2700042724609375,1,208.6199951171875
2025-07-14,207.79562377929688,208.6199951171875,210.91000366210938,207.5399932861328,209.92999267578125,38840100,210.22700042724608,204.79000015258788,203.86260009765624,55.01891159654509,2.4735675988457047,1.8158165034737266,0.6577510953719781,216.59898598877237,204.79000015258788,192.9810143164034,4.256758654949029,53847610.0,-0.012028833590031152,-0.012101765455702573,3.3700103759765625,1,209.11000061035156
2025-07-15,208.28369140625,209.11000061035156,211.88999938964844,208.9199981689453,209.22000122070312,42296300,210.62100067138672,205.42300033569336,203.77839996337892,55.84685044070109,2.3344059602306118,1.9195343948251038,0.41487156540550796,216.72214807582287,205.42300033569336,194.12385259556385,4.186276199057022,48885960.0,0.0023487944810314243,0.0023460403749840327,2.970001220703125,1,210.16000366210938
2025-07-16,209.3295440673828,210.16000366210938,212.39999389648438,208.63999938964844,210.3000030517578,47490500,210.8550003051758,206.01000061035157,203.87459991455077,57.64587983516862,2.2825341966669157,1.9921343551934663,0.29039984147344944,217.0087230178349,206.01000061035157,195.01127820286823,4.155827506755516,45756120.0,0.005021295245053015,0.005008730585109271,3.7599945068359375,1,210.02000427246094
2025-07-17,209.19009399414062,210.02000427246094,211.8000030517578,209.58999633789062,210.57000732421875,48068100,210.61300048828124,206.7290008544922,204.09720001220703,57.310581305560895,2.204714097872511,2.0346503037292756,0.17006379414323547,216.75958857421858,206.7290008544922,196.69841313476581,4.016840307263492,43768750.0,-0.0006661562010320532,-0.00066637818166213,2.2100067138671875,1,211.17999267578125
2025-07-18,210.3455047607422,211.17999267578125,211.7899932861328,209.6999969482422,210.8699951171875,48974600,210.3759994506836,207.45900039672853,204.35059997558594,59.41688479062778,2.2111536754594283,2.0699509780753065,0.14120269738412183,216.5057082000983,207.45900039672853,198.41229259335876,3.87920859516543,45170630.0,0.005523228167424676,0.005508031075055581,2.089996337890625,1,212.47999572753906
2025-07-21,211.640380859375,212.47999572753906,215.77999877929688,211.6300048828125,212.10000610351562,51377400,210.62899932861328,208.03300018310546,204.67519989013672,61.697753860047754,2.2947045432194955,2.1149016911041443,0.17980285211535119,216.82068250883404,208.03300018310546,199.24531785737688,3.9306941314761583,45285470.0,0.006155900638530998,0.006137030484460472,4.149993896484375,1,214.39999389648438
2025-07-22,213.5527801513672,214.39999389648438,214.9499969482422,212.22999572753906,213.13999938964844,46404100,211.06799926757813,208.6779998779297,205.01339965820313,64.84069589629586,2.487176392768248,2.189356631436965,0.29781976133128296,217.34581192846338,208.6779998779297,200.010187827396,3.8442160664209415,45640990.0,0.00903613614246912,0.008995554548278597,2.720001220703125,1,214.14999389648438
2025-07-23,213.30377197265625,214.14999389648438,215.14999389648438,212.41000366210938,215.0,46989300,211.3689987182617,209.37049942016603,205.32579956054687,64.10310579806509,2.5896865154315947,2.269422608235891,0.32026390719570363,217.44286715357202,209.37049942016603,201.29813168676003,3.7653427927033745,45464980.0,-0.0011660448093142595,-0.0011667251685005464,2.739990234375,1,213.75999450683594
2025-07-24,212.9153289794922,213.75999450683594,215.69000244140625,213.52999877929688,213.89999389648438,46022600,211.50399780273438,209.98049926757812,205.38519958496093,62.90102479513008,2.6093775546353584,2.3374135975157846,0.2719639571195738,217.41874281866032,209.98049926757812,202.54225571649593,3.6506757119466604,45622880.0,-0.0018211505989440546,-0.0018228109097863463,2.160003662109375,1,213.8800048828125
2025-07-25,213.0348358154297,213.8800048828125,215.24000549316406,213.39999389648438,214.6999969482422,40268800,211.7759979248047,210.62449951171874,205.40419982910157,63.13014618246083,2.6046419879397718,2.390859275600582,0.21378271233918955,216.99473320107862,210.62449951171874,204.25426582235886,3.521342560856162,45673180.0,0.0005614258002459849,0.0005612682597435046,1.8400115966796875,1,214.0500030517578
2025-07-28,213.2041778564453,214.0500030517578,214.85000610351562,213.05999755859375,214.02999877929688,37858000,212.31899871826172,211.27299957275392,205.43859985351563,63.47426844586137,2.584810363829888,2.429649493246443,0.15516087058344485,216.07143636464002,211.27299957275392,206.4745627808678,3.3976758454322846,45574970.0,0.0007948296477664485,0.0007945139379612304,1.790008544921875,1,211.27000427246094
2025-07-29,210.43516540527344,211.27000427246094,214.80999755859375,210.82000732421875,214.17999267578125,51411700,212.53499908447264,211.5779998779297,205.435,54.51376204986181,2.318049953841694,2.4073295853654932,-0.08927963152379936,215.47717562011965,211.5779998779297,207.67882413573975,3.43998401607105,46486510.0,-0.012987613826964783,-0.013072690313278693,3.989990234375,0,209.0500030517578
2025-07-30,208.22393798828125,209.0500030517578,212.38999938964844,207.72000122070312,211.89999389648438,45512500,212.4239990234375,211.63949966430664,205.39080017089844,48.61212196583623,1.9055389944633419,2.306971467185063,-0.4014324727217211,215.33302028255997,211.63949966430664,207.9459790460533,3.527842169847783,46288710.0,-0.010507886476113892,-0.01056348413410209,4.6699981689453125,0,207.57000732421875
2025-07-31,206.74978637695312,207.57000732421875,209.83999633789062,207.16000366210938,208.49000549316406,80698400,212.1789993286133,211.39599990844727,205.36660034179687,45.10625622588484,1.442568766036004,2.1340909269552513,-0.6915221609192472,215.4689495367912,211.39599990844727,207.32305028010333,3.4672814917001737,49551740.0,-0.007079625476841711,-0.007104804936428562,2.67999267578125,0,202.3800048828125
2025-08-01,201.58029174804688,202.3800048828125,213.5800018310547,201.5,210.8699951171875,104434500,211.29900054931642,210.8375,205.2770004272461,35.45087467671749,0.6493859847225281,1.8371499385087067,-1.1877639537861786,216.37563302803957,210.8375,205.29936697196044,4.082475801654068,55097730.0,-0.025003624118486445,-0.025321525035799586,12.080001831054688,0,203.35000610351562
2025-08-04,202.5464630126953,203.35000610351562,207.8800048828125,201.67999267578125,204.50999450683594,75109300,210.38600158691406,210.50750045776368,205.3022006225586,38.117075684054704,0.09792508836804359,1.4893049684805741,-1.3913798801125306,216.93325327602253,210.50750045776368,204.08174763950484,4.233728402038152,57470920.0,0.004792969647692269,0.0047815199394974995,6.20001220703125,0,202.9199981689453
2025-08-05,202.11814880371094,202.9199981689453,205.33999633789062,202.16000366210938,203.39999389648438,44155100,209.23800201416014,210.15300064086915,205.33340057373047,37.37996902357418,-0.36954975214169394,1.1175340243561207,-1.4870837764978146,217.38156582097045,210.15300064086915,202.92443546076785,4.158461564448373,57246020.0,-0.002114619727876521,-0.0021168586931034814,3.17999267578125,0,213.25
2025-08-06,212.40733337402344,213.25,215.3800048828125,205.58999633789062,205.6300048828125,108483100,209.14800262451172,210.2585006713867,205.69300048828126,58.26130367791352,0.09245215423410968,0.9125176503317185,-0.8200654960976088,217.60227907472165,210.2585006713867,202.91472226805178,4.751429075121146,63395400.0,0.05090677076812433,0.0496533826968293,9.790008544921875,1,220.02999877929688
2025-08-07,219.16053771972656,220.02999877929688,220.85000610351562,216.5800018310547,218.8800048828125,90224800,209.7750030517578,210.6395004272461,206.08940032958984,66.22261934738127,0.9942204774726804,0.9288582157599109,0.06536226171276949,219.09651408528097,210.6395004272461,202.18248676921124,4.954898862863609,67815620.0,0.03179366367782821,0.03129870877236706,4.2700042724609375,1,229.35000610351562
2025-08-08,228.44371032714844,229.35000610351562,231.0,219.25,220.8300018310547,113854000,211.32200317382814,211.54900054931642,206.66800048828125,73.6601742292319,2.432880340888204,1.2296626407855695,1.2032177001026343,223.30377566128018,211.54900054931642,199.79422543735265,5.440263229801922,75174140.0,0.04235789381413979,0.041485352511258046,11.75,1,227.17999267578125
2025-08-11,226.53909301757812,227.17999267578125,229.55999755859375,224.75999450683594,227.9199981689453,61806100,212.63500213623047,212.47700042724608,207.21260040283204,69.80602963800534,3.359203888179195,1.6555708902642947,1.7036329979149003,225.96328128025823,212.47700042724608,198.99071957423394,5.394530359941628,77568950.0,-0.009461579986856261,-0.009506625091854914,4.8000030517578125,1,229.64999389648438
2025-08-12,229.0021209716797,229.64999389648438,230.8000030517578,227.07000732421875,228.00999450683594,55626200,214.4730010986328,213.50400009155274,207.7886001586914,71.6258855662474,4.243711563768983,2.1731990249652324,2.0705125388037504,228.81333911679744,213.50400009155274,198.19466106630804,5.275635029055731,77990400.0,0.010872441677679756,0.010813761630775043,3.7299957275390625,1,233.3300018310547
2025-08-13,232.6717529296875,233.3300018310547,235.0,230.42999267578125,231.07000732421875,69878500,216.9010009765625,214.6625,208.42120025634765,74.12787333708745,5.1819024090683286,2.7749397017858515,2.406962707282477,232.13776766059127,214.6625,197.18723233940872,5.280947248660008,80427000.0,0.01602441991019199,0.015897384212123035,4.57000732421875,1,232.77999877929688
2025-08-14,232.123291015625,232.77999877929688,235.1199951171875,230.85000610351562,234.05999755859375,51916300,219.4220001220703,215.8004997253418,209.01140014648436,73.09052415090198,5.814024310412577,3.382756623511197,2.4312676869013803,234.81478397159498,215.8004997253418,196.78621547908864,5.208735946160856,77548790.0,-0.0023571895917441354,-0.002359972136647118,4.269989013671875,1,231.58999633789062
2025-08-15,230.9366455078125,231.58999633789062,234.27999877929688,229.33999633789062,234.0,56038700,222.34299926757814,216.82099990844728,209.5867999267578,70.78251845037417,6.148090855337472,3.9358234698764525,2.2122673854610193,236.89509133194548,216.82099990844728,196.74690848494907,5.189540695821242,72709210.0,-0.005112133549474374,-0.00512524520897985,4.94000244140625,1,230.88999938964844
2025-08-18,230.23863220214844,230.88999938964844,233.1199951171875,230.11000061035156,231.6999969482422,37476200,225.0969985961914,217.74150009155272,210.19199981689454,69.39437907759289,6.283919977509015,4.405442771402965,1.8784772061060497,238.60770123002658,217.74150009155272,196.87529895307887,5.0338588251794345,68945900.0,-0.0030225698834628334,-0.0030271470733909058,3.0099945068359375,1,230.55999755859375
2025-08-19,229.90956115722656,230.55999755859375,232.8699951171875,229.35000610351562,231.27999877929688,39402600,227.86099853515626,218.54950027465821,210.7247998046875,68.71025713237529,6.292402249354041,4.78283466699318,1.5095675823608605,240.0766119132367,218.54950027465821,197.02238863607974,4.925725267214609,68470650.0,-0.001429259958971918,-0.0014302823252546539,3.519989013671875,1,226.00999450683594
2025-08-20,225.3723907470703,226.00999450683594,230.47000122070312,225.77000427246094,229.97999572753906,42263900,229.13699798583986,219.1425003051758,211.21599975585937,59.93658776664182,5.864376409783546,4.999143015551254,0.8652333942322921,240.80515487285047,219.1425003051758,197.4798457375011,4.916030125708766,61848730.0,-0.019734572779050663,-0.019931899886152606,4.6999969482421875,1,224.89999389648438
2025-08-21,224.26553344726562,224.89999389648438,226.52000427246094,223.77999877929688,226.27000427246094,30621200,229.6239974975586,219.6995002746582,211.66059967041016,57.99114877821516,5.373650972145725,5.074044606870149,0.2996063652755767,241.35279286057545,219.6995002746582,198.04620768874094,4.760599794812715,55888370.0,-0.004911289931109564,-0.004923389949559607,2.7400054931640625,1,227.75999450683594
2025-08-22,227.11746215820312,227.75999450683594,229.08999633789062,225.41000366210938,226.1699981689453,42477800,229.46499633789062,220.39349975585938,212.24019958496095,61.46204667821153,5.156089484541383,5.090453582404395,0.06563590213698767,242.1457306028773,220.39349975585938,198.64126890884145,4.719842840997968,48750750.0,0.012716766064777785,0.012636587025097483,3.67999267578125,1,227.16000366210938
2025-08-25,226.51914978027344,227.16000366210938,229.3000030517578,226.22999572753906,226.47999572753906,30983100,229.46299743652344,221.04899978637695,212.7993997192383,60.33578531929282,4.879013955533651,5.048165657030246,-0.1691517014965953,242.78721384819886,221.04899978637695,199.31078572455505,4.601997446942311,45668450.0,-0.0026343118159346535,-0.0026377877210603654,3.07000732421875,1,229.30999755859375
2025-08-26,228.6630859375,229.30999755859375,229.49000549316406,224.69000244140625,226.8699951171875,54575100,229.4289978027344,221.95099945068358,213.45659973144532,62.95538280066847,4.777840174343623,4.994100560492923,-0.21626038614929932,243.4874477002494,221.95099945068358,200.41455120111777,4.6161407044291325,45563340.0,0.009464667467088184,0.009420158125637604,4.8000030517578125,1,230.49000549316406
2025-08-27,229.8397674560547,230.49000549316406,230.89999389648438,228.25999450683594,228.61000061035156,31259500,229.1449981689453,223.02299957275392,214.09799987792968,64.347136870725,4.738256332871657,4.94293171496867,-0.20467538209701264,244.01151189214022,223.02299957275392,202.03448725336762,4.474987753373369,41701440.0,0.00514590705653295,0.005132712124054768,2.6399993896484375,1,232.55999755859375
2025-08-28,231.9039306640625,232.55999755859375,233.41000366210938,229.33999633789062,230.82000732421875,38074700,229.122998046875,224.27249908447266,214.8363998413086,66.70990375831454,4.8183737006658305,4.918020112108103,-0.09964641144227215,244.38976841934038,224.27249908447266,204.15522974960493,4.4460605798623245,40317280.0,0.008980832210059075,0.0089407443724563,4.07000732421875,1,232.13999938964844
2025-08-29,231.485107421875,232.13999938964844,233.3800048828125,231.3699951171875,232.50999450683594,39418400,229.1779983520508,225.76049880981446,215.54759979248047,65.75768576411615,4.7927293491281375,4.89296195951211,-0.1002326103839728,243.43452507712485,225.76049880981446,208.08647254250408,4.272056950273944,38655250.0,-0.00180597769760249,-0.0018076104414200234,2.010009765625,1,229.72000122070312
2025-09-02,229.0719451904297,229.72000122070312,230.85000610351562,226.97000122070312,229.25,44075600,229.06099853515624,227.07899856567383,216.12199981689454,60.407269187781345,4.524971335453358,4.81936383470036,-0.2943924992470013,241.50491043540734,227.07899856567383,212.65308669594032,4.3361956087504705,39315190.0,-0.010424735828844955,-0.010479454001267798,3.8800048828125,1,238.47000122070312
2025-09-03,237.79725646972656,238.47000122070312,238.85000610351562,234.36000061035156,237.2100067138672,66427800,229.85199890136718,228.85649871826172,216.86139984130858,69.93317603590265,4.961628489007836,4.847816765561856,0.11381172344598056,239.08823534344234,228.85649871826172,218.6247620930811,4.678610556897758,42017710.0,0.038089848308826335,0.03738234006205715,4.4900054931640625,1,239.77999877929688
2025-09-04,239.10354614257812,239.77999877929688,239.89999389648438,236.74000549316406,238.4499969482422,47549400,231.22899932861327,230.18299865722656,217.65099975585937,71.05596233485592,5.351697249441088,4.948592862337702,0.4031043871033857,238.71540958748704,230.18299865722656,221.65058772696608,4.57013754592794,42546260.0,0.005493343195739575,0.005478309816550939,3.1599884033203125,1,239.69000244140625
2025-09-05,239.0137939453125,239.69000244140625,241.32000732421875,238.49000549316406,240.0,54870400,232.70800018310547,231.16599884033204,218.41359985351562,70.86019019047009,5.589139479242931,5.076702185718748,0.512437293524183,239.31442333400665,231.16599884033204,223.01757434665743,4.445842137722708,44971180.0,-0.00037532879451496193,-0.0003753992479963229,2.8300018310546875,1,237.8800048828125
2025-09-08,237.2089080810547,237.8800048828125,240.14999389648438,236.33999633789062,239.3000030517578,48999500,233.72000122070312,231.59249877929688,219.15119995117186,66.86977513889713,5.5670885494363915,5.174779458462277,0.3923090909741145,240.1962899460457,231.59249877929688,222.98870761254804,4.400424667784925,45623350.0,-0.007551410322323426,-0.0075800665758205465,3.80999755859375,1,234.35000610351562
2025-09-09,233.68887329101562,234.35000610351562,238.77999877929688,233.36000061035156,237.0,66313900,234.43900146484376,231.95099945068358,219.81660003662108,59.797195859186935,5.204774231160457,5.180778413001914,0.023995818158542903,240.38532567281874,231.95099945068358,223.51667322854843,4.4732513464392385,49156430.0,-0.014839409394815983,-0.014950614951601542,5.4199981689453125,1,226.7899932861328
2025-09-10,226.1501922607422,226.7899932861328,232.4199981689453,225.9499969482422,232.19000244140625,83440800,234.18700103759767,231.80799942016603,220.24899993896486,48.07085599494858,4.258518124786548,4.996326355358841,-0.7378082305722931,240.4869587126446,231.80799942016603,223.12904012768746,4.753734047070253,52043000.0,-0.03225949486019408,-0.0327913008462837,6.470001220703125,0,230.02999877929688
2025-09-11,229.3810577392578,230.02999877929688,230.4499969482422,226.64999389648438,226.8800048828125,50208600,234.14100036621093,231.64299926757812,220.6931997680664,52.38080021707644,3.727081236059007,4.742477331498875,-1.0153960954398675,240.32541789300276,231.64299926757812,222.96058064215347,4.685610404547936,53937910.0,0.014286368839370622,0.014185280326338959,3.8000030517578125,0,234.07000732421875
2025-09-12,233.40966796875,234.07000732421875,234.50999450683594,229.02000427246094,229.22000122070312,55824200,234.29200134277343,231.7074996948242,221.12579986572266,57.155803840532286,3.590519326980626,4.512085730595225,-0.921566403614599,240.44175822146119,231.7074996948242,222.97324116818723,4.743066106678441,55712860.0,0.017562963814985233,0.017410517319317524,5.489990234375,1,236.6999969482422
2025-09-15,236.0322265625,236.6999969482422,238.19000244140625,235.02999877929688,237.0,42699500,234.7480010986328,231.9629997253418,221.58879974365234,59.96987450504854,3.6524085211919726,4.340150288714575,-0.6877417675226027,240.96346611909334,231.9629997253418,222.96253333159027,4.698561036000517,56040970.0,0.011235910376080627,0.01117325641447065,3.160003662109375,1,238.14999389648438
2025-09-16,237.4781494140625,238.14999389648438,241.22000122070312,236.32000732421875,237.17999267578125,63421100,235.59100036621095,232.32599945068358,222.1527996826172,61.47236950826146,3.7749435892094425,4.227108948813549,-0.4521653596041064,241.70186386594298,232.32599945068358,222.95013503542418,4.71294909746365,57975520.0,0.0061258849469238985,0.006107197990995256,4.899993896484375,1,238.99000549316406
2025-09-17,238.3157958984375,238.99000549316406,240.10000610351562,237.72999572753906,238.97000122070312,46508000,235.64300079345702,232.74749984741212,222.73239990234376,62.35392303539506,3.8949370195655604,4.160674562963951,-0.26573754339839084,242.51756770622592,232.74749984741212,222.9774319885983,4.545596331643144,55983540.0,0.0035272375318422533,0.0035210314188807313,2.3700103759765625,1,237.8800048828125
2025-09-18,237.2089080810547,237.8800048828125,241.1999969482422,236.64999389648438,239.97000122070312,44249600,235.4530014038086,233.34100036621095,223.26720001220704,60.387635476227416,3.8560151625280525,4.099742682876771,-0.24372752034871858,242.84020983055007,233.34100036621095,223.84179090187183,4.54591109736562,55653560.0,-0.0046445482440198305,-0.004655367672117789,4.5500030517578125,1,245.5
2025-09-19,244.8074188232422,245.5,246.3000030517578,240.2100067138672,241.22999572753906,163741300,236.03400115966798,234.37100067138672,223.92899993896484,67.87658797322256,4.389440495707021,4.157682245442821,0.23175825026419972,244.4362634253957,234.37100067138672,224.30573791737774,4.822631602478454,66540650.0,0.03203293660995743,0.0315305818698142,6.089996337890625,1,256.0799865722656
2025-09-22,255.35755920410156,256.0799865722656,256.6400146484375,248.1199951171875,248.3000030517578,105517400,237.85399932861327,235.7870002746582,224.82739959716798,74.95615150670294,5.601331745464364,4.44641214544713,1.1549196000172337,249.15877009277656,235.7870002746582,222.41523045653983,5.273873248618386,72192440.0,0.04309566831880085,0.042192895991329665,8.52001953125,1,254.42999267578125
2025-09-23,253.71221923828125,254.42999267578125,257.3399963378906,253.5800018310547,255.8800048828125,60275200,239.86199798583985,237.1504997253418,225.74359954833983,72.28074760662008,6.355362906717488,4.8282022977012025,1.5271606090162857,252.18362728030382,237.1504997253418,222.11737217037978,5.165739052776783,71588570.0,-0.006443275472520216,-0.006464122970960471,3.7599945068359375,1,252.30999755859375
2025-09-24,251.59820556640625,252.30999755859375,255.74000549316406,251.0399932861328,255.22000122070312,42303700,242.41399841308595,238.3004997253418,226.6075994873047,68.87896994016768,6.704585853829997,5.203479008926962,1.5011068449030347,254.24955311887186,238.3004997253418,222.35144633181176,5.132472849509246,67474860.0,-0.008332331793480807,-0.008367239714872807,4.70001220703125,1,256.8699951171875
2025-09-25,256.14532470703125,256.8699951171875,257.1700134277344,251.7100067138672,253.2100067138672,55202100,245.097998046875,239.61949920654297,227.54179931640624,71.93820704800197,7.265548528135554,5.615892912768681,1.649655615366873,257.06019109119626,239.61949920654297,222.17880732188968,5.1558681255348136,67974210.0,0.018072995928489766,0.017911620791906432,5.4600067138671875,1,255.4600067138672
2025-09-26,254.73931884765625,255.4600067138672,257.6000061035156,253.77999877929688,254.10000610351562,46076300,247.23699798583985,240.76449966430664,228.45059936523438,69.65804317923994,7.509773217675473,5.99466897375004,1.5151042439254336,259.18054299985323,240.76449966430664,222.34845632876005,5.0604494968693805,66999420.0,-0.005489112898051984,-0.005504233435866624,3.82000732421875,1,254.42999267578125
2025-09-29,253.71221923828125,254.42999267578125,255.0,253.00999450683594,254.55999755859375,40127700,249.00999755859374,241.87899932861328,229.31559936523436,67.96334073832527,7.533369524474267,6.302409083894886,1.2309604405793815,260.7643098365606,241.87899932861328,222.993688820666,4.873989690452371,66742240.0,-0.004031997224675621,-0.004040147641167021,1.9900054931640625,1,254.6300048828125
2025-09-30,253.9116668701172,254.6300048828125,255.9199981689453,253.11000061035156,254.86000061035156,37704300,250.65799865722656,243.12449951171874,230.15859954833985,68.12550811705489,7.481961684213957,6.5383196039587,0.9436420802552563,261.9234157487822,243.12449951171874,224.3255832746553,4.726561681033898,64170560.0,0.0007861188255666729,0.0007858099960032751,2.80999755859375,1,255.4499969482422
2025-10-01,254.72933959960938,255.4499969482422,258.7900085449219,254.92999267578125,255.0399932861328,48713900,252.3039978027344,243.9734992980957,230.979599609375,68.8222923054532,7.421832838127358,6.715022250792432,0.7068105873349255,263.37882732115133,243.9734992980957,224.56817127504007,4.686093251110718,64391150.0,0.003220327729275496,0.0032151535792634424,3.860015869140625,1,257.1300048828125
2025-10-02,256.40460205078125,257.1300048828125,258.17999267578125,254.14999389648438,256.5799865722656,42630200,254.22899780273437,244.84099960327148,231.83919982910157,70.25688253655046,7.42416177870183,6.856850156374312,0.5673116223275176,264.95711670087184,244.84099960327148,224.72488250567113,4.639229360266872,64229210.0,0.00657666061710982,0.0065551287383542895,4.029998779296875,1,258.0199890136719
2025-10-03,257.2920837402344,258.0199890136719,259.239990234375,253.9499969482422,254.6699981689453,49155600,255.48099670410156,245.75749893188475,232.72439971923828,71.01768579157894,7.412376500089948,6.96795542511744,0.4444210749725084,266.5115077261045,245.75749893188475,225.00349013766498,4.685712497828725,52770640.0,0.0034612223931820285,0.003455246149057607,5.2899932861328125,1,256.69000244140625
2025-10-06,255.96583557128906,256.69000244140625,259.07000732421875,255.0500030517578,257.989990234375,44664100,255.54199829101563,246.69799880981446,233.58059967041015,68.20978205732453,7.212575697690909,7.016879479632134,0.19569621805877446,267.6427753674078,246.69799880981446,225.75322225222112,4.638161910302453,46685310.0,-0.005154587353288997,-0.005167918067967592,4.0200042724609375,1,256.4800109863281
2025-10-07,255.75645446777344,256.4800109863281,257.3999938964844,255.42999267578125,256.80999755859375,31955800,255.74700012207032,247.80449905395508,234.42919982910155,67.75427881233585,6.957090557540795,7.004921695213866,-0.047831137673071566,268.3575830453104,247.80449905395508,227.2514150625998,4.447579003902502,43853370.0,-0.0008180741481198517,-0.0008184089533852378,1.970001220703125,1,258.05999755859375
2025-10-08,257.3320007324219,258.05999755859375,258.5199890136719,256.1099853515625,256.5199890136719,36496900,256.32200012207034,249.3679992675781,235.3649996948242,69.40954269611746,6.803679868800032,6.9646733299311006,-0.16099346113106883,267.95197863869953,249.3679992675781,230.78401989645673,4.302037908060135,43272690.0,0.006160271773966164,0.006141374866814596,2.410003662109375,1,254.0399932861328
2025-10-09,253.32330322265625,254.0399932861328,258.0,253.13999938964844,257.80999755859375,38322000,256.0389999389648,250.56849899291993,236.26479949951172,60.85063986203294,6.285267394418781,6.828792142828638,-0.5435247484098564,266.97500209227076,250.56849899291993,234.1619958935691,4.34617792669479,41584680.0,-0.015577789314472068,-0.015700398056697453,4.8600006103515625,1,245.27000427246094
2025-10-10,244.57806396484375,245.27000427246094,256.3800048828125,244.0,254.94000244140625,61999100,255.0199996948242,251.12849884033204,237.01879943847655,47.181824872624915,5.107876532836627,6.484609020830236,-1.3767324879936087,265.9303132029264,251.12849884033204,236.32668447773764,4.920022709274627,43176960.0,-0.034522080166306646,-0.03513204652712342,12.3800048828125,0,247.66000366210938
2025-10-13,246.96133422851562,247.66000366210938,249.69000244140625,245.55999755859375,249.3800048828125,38142900,254.34300079345704,251.6764991760254,237.9243994140625,50.44850000017677,4.317865107889986,6.051260238242186,-1.7333951303522,265.04295904179713,251.6764991760254,238.31003931025367,4.884306670679676,42978480.0,0.009744360696440912,0.009697190594530546,4.1300048828125,0,247.77000427246094
2025-10-14,247.07101440429688,247.77000427246094,248.85000610351562,244.6999969482422,246.60000610351562,35478000,253.65700073242186,252.15749969482422,238.8127993774414,50.59993701653086,3.6584788252630744,5.5727039556463644,-1.91422513038329,264.1656500443898,252.15749969482422,240.14934934525868,4.831856848150658,42755850.0,0.0004441597703503941,0.0004440611605975049,4.1500091552734375,0,249.33999633789062
2025-10-15,248.63658142089844,249.33999633789062,251.82000732421875,247.47000122070312,249.49000549316406,33893600,253.0460006713867,252.67499923706055,239.74119934082032,52.81636527120878,3.225415106768992,5.10324618587089,-1.877831079101898,263.16478169600725,252.67499923706055,242.18521677811384,4.797438937819584,41273820.0,0.0063364896410271765,0.006316498495224781,4.350006103515625,0,247.4499969482422
2025-10-16,246.75192260742188,247.4499969482422,249.0399932861328,245.1300048828125,248.25,39777000,252.0779998779297,253.15349884033202,240.42519927978515,49.91308174417565,2.6985941212330715,4.622315772943327,-1.923721651710255,261.5678583970592,253.15349884033202,244.73913928360486,4.755478403338052,40988500.0,-0.007580008893106838,-0.007608883164548134,3.9099884033203125,0,252.2899932861328
2025-10-17,251.5782470703125,252.2899932861328,253.3800048828125,247.27000427246094,248.02000427246094,49147000,251.50500030517577,253.49299850463868,241.07039916992187,56.50653590121834,2.641186001442861,4.226089818643233,-1.584903817200372,261.1594400605537,253.49299850463868,245.82655694872363,4.852229989553302,40987640.0,0.019559492412937862,0.01937066382999947,6.1100006103515625,0,262.239990234375
2025-10-20,261.50018310546875,262.239990234375,264.3800048828125,255.6300048828125,255.88999938964844,90483000,252.05999908447265,253.80099868774414,241.72819885253907,66.32176779332632,3.359841094328061,4.052840073780199,-0.6929989794521374,262.3073693057395,253.80099868774414,245.2946280697488,5.3692143900623295,45569530.0,0.03943873008454002,0.038680884861185046,8.75,1,262.7699890136719
2025-10-21,262.0286560058594,262.7699890136719,265.2900085449219,261.8299865722656,261.8800048828125,46695900,252.68899688720703,254.21799850463867,242.43999877929687,66.75217194372414,3.926880273776561,4.027648113779471,-0.10076784000291017,263.58134280608635,254.21799850463867,244.854654203191,5.232843503104752,47043540.0,0.002021044840732289,0.0020190052771787686,3.46002197265625,1,258.45001220703125
2025-10-22,257.72088623046875,258.45001220703125,262.8500061035156,255.42999267578125,262.6499938964844,45015300,252.72799835205078,254.52499923706054,243.0159991455078,60.01917504273505,3.981777432372837,4.018473977498145,-0.03669654512530762,264.0196879197951,254.52499923706054,245.030310554326,5.389069926292583,47895380.0,-0.016440145325788524,-0.016576784159691115,7.420013427734375,1,259.5799865722656
2025-10-23,258.84765625,259.5799865722656,260.6199951171875,258.010009765625,259.94000244140625,32754900,253.28199768066406,254.66049880981444,243.54099884033204,61.1237600070947,4.06955205092288,4.028689592183092,0.04086245873978811,264.3603158648643,254.66049880981444,244.96068175476464,5.190563885240435,47338670.0,0.004372119604812541,0.004362589657176772,2.6099853515625,1,262.82000732421875
2025-10-24,262.0785827636719,262.82000732421875,264.1300048828125,259.17999267578125,261.19000244140625,38253700,255.03699798583983,255.02849884033202,244.14179901123046,64.17967184288351,4.3504078712996375,4.093033248006401,0.2573746232932361,265.35963760008104,255.02849884033202,244.69736008058297,5.173381622511207,44964130.0,0.012481781799657865,0.012404526552387543,4.95001220703125,1,268.80999755859375
2025-10-27,268.0516662597656,268.80999755859375,269.1199951171875,264.6499938964844,264.8800048828125,44888200,257.1519973754883,255.74749908447265,244.88619903564452,69.0270040790385,4.998708286344993,4.27416825567412,0.7245400306708731,267.6881390224064,255.74749908447265,243.8068591465389,5.253853491829603,45638660.0,0.02279122619072771,0.02253538617237557,4.470001220703125,1,269.0
2025-10-28,268.2411193847656,269.0,269.8900146484375,268.1499938964844,268.989990234375,41534800,259.2749969482422,256.465998840332,245.64839904785157,69.16952257404574,5.464827515266535,4.512300107592603,0.9525274076739318,269.7094844833098,256.465998840332,243.22251319735426,5.002865438981283,46244340.0,0.0007068280314419528,0.0007065783461583808,1.740020751953125,1,269.70001220703125
2025-10-29,268.93914794921875,269.70001220703125,271.4100036621094,267.1099853515625,269.2799987792969,51086700,261.3109985351563,257.17849960327146,246.4311993408203,69.72228963760114,5.823584836318474,4.7745570533377775,1.0490277829806969,271.60696634842657,257.17849960327146,242.75003285811633,4.952662072664539,47963650.0,0.0026022758625696696,0.002598895805361544,4.300018310546875,1,271.3999938964844
2025-10-30,270.63433837890625,271.3999938964844,274.1400146484375,268.4800109863281,271.989990234375,69886500,263.7059982299805,257.8919990539551,247.33899932861328,71.07843729053778,6.173907945289159,5.054427231728054,1.1194807135611047,273.59531196525944,257.8919990539551,242.18868614265077,5.0031864719106,50974600.0,0.006303231785351748,0.006283449504564014,5.660003662109375,1,270.3699951171875
2025-10-31,269.6072692871094,270.3699951171875,277.32000732421875,269.1600036621094,276.989990234375,86167100,265.5139984130859,258.50949935913087,248.24839935302734,69.0601245868911,6.295854547469958,5.302712694876435,0.9931418525935225,275.12893408921775,258.50949935913087,241.890064629044,5.228673414067655,54676610.0,-0.0037951319176879883,-0.003802351703305637,8.160003662109375,1,269.04998779296875
2025-11-03,268.29095458984375,269.04998779296875,270.8500061035156,266.25,270.4200134277344,50194600,266.1949981689453,259.127498626709,249.07419921875,66.45572684881822,6.214349397417834,5.485040035384715,0.7293093620331188,276.3390117457453,259.127498626709,241.91598550767264,5.183768606171081,50647770.0,-0.0048822256465500535,-0.0048941826438965354,4.600006103515625,1,270.0400085449219
2025-11-04,269.2781982421875,270.0400085449219,271.489990234375,267.6199951171875,268.3299865722656,49274800,266.9220001220703,259.80549850463865,249.93179931640626,67.44728858788993,6.1586493039724814,5.619761889102269,0.5388874148702127,277.6047171641948,259.80549850463865,242.0062798450825,5.0899276426722535,50905660.0,0.003679690752169673,0.0036729372522777033,3.8699951171875,1,270.1400146484375
2025-11-05,269.3779296875,270.1400146484375,271.70001220703125,266.92999267578125,268.6099853515625,43683100,268.09100036621095,260.40949935913085,250.7483996582031,67.5516310637834,6.052803286835967,5.706370168649009,0.3464331181869582,278.7426389384975,260.40949935913085,242.0763597797642,5.067077063284949,50772440.0,0.00037033809935982376,0.00037026954113186534,4.77001953125,1,269.7699890136719
2025-11-06,269.0089416503906,269.7699890136719,273.3999938964844,267.8900146484375,267.8900146484375,51204000,269.11000061035156,261.1959991455078,251.53399932861328,66.69973218049681,5.871379965943277,5.739372128107863,0.13200783783541326,279.71731958905116,261.1959991455078,242.6746787019645,5.0987129336250865,52617350.0,-0.001369754996301431,-0.001370693968215303,5.509979248046875,1,268.4700012207031
2025-11-07,267.7126159667969,268.4700012207031,272.2900085449219,266.7699890136719,269.79998779296875,48227400,269.675,262.3559989929199,252.25219940185548,63.66216589052932,5.558626144540483,5.703222931394388,-0.14459678685390465,279.6045256281765,262.3559989929199,245.1074723576634,5.128806262026866,53614720.0,-0.004818874767062664,-0.004830522979991833,5.52001953125,1,269.42999267578125
2025-11-10,268.93035888671875,269.42999267578125,273.7300109863281,267.4599914550781,268.9599914550781,41312400,269.73699951171875,263.4444984436035,252.99799926757814,64.93222141150903,5.326825447327565,5.627943434581024,-0.30111798725345906,279.5561764581055,263.4444984436035,247.33282042910147,5.2103214955428045,53257140.0,0.003575786682732396,0.0035694087570780166,6.27001953125,1,275.25
2025-11-11,274.73956298828125,275.25,275.9100036621094,269.79998779296875,269.80999755859375,46208300,270.36199951171875,264.8184982299805,253.90859924316408,71.44769135380184,5.5487847395077665,5.612111695566373,-0.0633269560586065,280.009636656264,264.8184982299805,249.62735980369698,5.30101360202747,53724490.0,0.021601185771556786,0.02137118643594642,6.110015869140625,1,273.4700012207031
2025-11-12,272.9628601074219,273.4700012207031,275.7300109863281,271.70001220703125,275.0,48398000,270.73899841308594,266.0249984741211,254.60859924316406,67.32755856924973,5.517456251106637,5.593180606674426,-0.07572435556778867,279.8814414507681,266.0249984741211,252.16855549747413,5.210226828975284,53455620.0,-0.006466843884820661,-0.006487844507194079,4.029998779296875,1,272.95001220703125
2025-11-13,272.44384765625,272.95001220703125,276.70001220703125,272.0899963378906,274.1099853515625,49602800,270.8940002441406,267.29999923706055,255.27199951171875,66.12787495779169,5.388553539717634,5.5522551932830675,-0.16370165356543342,278.5286915423113,267.29999923706055,256.0713069318098,5.167354617558523,51427250.0,-0.0019014480979659965,-0.0019032581452385258,4.610015869140625,1,272.4100036621094
2025-11-14,271.9048156738281,272.4100036621094,275.9599914550781,269.6000061035156,271.04998779296875,47431300,271.09800109863284,268.3059997558594,255.9263995361328,64.83582283465833,5.183075764650198,5.478419307556494,-0.29534354290629583,277.37229756842476,268.3059997558594,259.239701943294,5.2525425271302355,47553670.0,-0.0019784155368063328,-0.0019803751859178826,6.3599853515625,1,267.4599914550781
2025-11-17,266.9639892578125,267.4599914550781,270.489990234375,265.7300109863281,268.82000732421875,45018300,270.9390014648437,268.5669998168945,256.51799926757815,54.352371437973964,4.568149744710013,5.296365394987197,-0.7282156502771846,277.2104437835513,268.5669998168945,259.92355585023773,5.354503252033879,47036040.0,-0.018171183658773127,-0.01833830726819936,4.759979248046875,0,267.44000244140625
2025-11-18,266.9440612792969,267.44000244140625,270.7099914550781,265.32000732421875,269.989990234375,45677300,270.6790008544922,268.8005004882813,257.17979919433594,54.31417945038813,4.032716847715108,5.04363568553278,-1.0109188378176723,277.0481662863673,268.8005004882813,260.55283469019525,5.357037600521415,46676290.0,-7.473646268785217e-05,-7.473925559643532e-05,5.389984130859375,0,268.55999755859375
2025-11-19,268.06195068359375,268.55999755859375,272.2099914550781,265.5,265.5299987792969,40424500,270.5209991455078,269.3059997558594,258.0151992797852,56.17245599471072,3.6566055919225278,4.76622966681073,-1.1096240748882025,276.0578083934473,269.3059997558594,262.55419111827143,5.45367716156118,46350430.0,0.004187836924032684,0.004179092340407183,6.709991455078125,0,266.25
2025-11-20,265.7562561035156,266.25,275.42999267578125,265.9200134277344,270.8299865722656,45823600,270.16900024414065,269.6395004272461,258.7395993041992,51.5180092720868,3.1359875026026316,4.440181233969111,-1.304193731366479,274.9395749078,269.6395004272461,264.3394259466922,5.743413024881588,45812390.0,-0.008601420835542606,-0.008638626557415352,9.509979248046875,0,271.489990234375
2025-11-21,270.98651123046875,271.489990234375,273.3299865722656,265.6700134277344,265.95001220703125,59030800,270.4709991455078,270.07299957275393,259.48799896240234,59.67957358643515,3.110363006845091,4.174217588544307,-1.063854581699216,274.39999260852414,270.07299957275393,265.7460065369837,5.8803101762851355,46892730.0,0.019680714495305063,0.019489553289023798,7.65997314453125,1,275.9200134277344
2025-11-24,275.4083251953125,275.9200134277344,277.0,270.8999938964844,270.8999938964844,65585800,271.1200012207031,270.4285003662109,260.2723992919922,65.03813016327479,3.4082332662563886,4.021020724086723,-0.6127874578303345,275.40201269267806,270.4285003662109,265.4549880397438,5.8960027425158845,49320070.0,0.0163174457722548,0.016185746981243,6.100006103515625,1,276.9700012207031
2025-11-25,276.4563903808594,276.9700012207031,280.3800048828125,275.25,275.2699890136719,46914200,271.29200134277346,270.8270004272461,261.0487994384766,66.18520664411267,3.6865268459607137,3.9541219484615215,-0.26759510250080787,276.50597389905863,270.8270004272461,265.1480269554336,5.841288609679928,49390660.0,0.003805406428931457,0.003798184186466807,5.1300048828125,1,277.54998779296875
2025-11-26,277.0352783203125,277.54998779296875,279.5299987792969,276.6300048828125,276.9599914550781,33431400,271.7,271.219499206543,261.81999908447267,66.8325404737569,3.908818159517068,3.9450611906726314,-0.036243031155563266,277.5771882411517,271.219499206543,264.8618101719343,5.631196130165961,47894000.0,0.0020940411225383038,0.002091851674423675,2.899993896484375,1,278.8500061035156
2025-11-28,278.3328857421875,278.8500061035156,279.0,275.989990234375,277.260009765625,20135600,272.2899993896484,271.59199981689454,262.6393991088867,68.29751826449917,4.142138248648791,3.984476602267864,0.1576616463809275,278.76860029875667,271.59199981689454,264.4153993350324,5.443968532698749,44947280.0,0.004683906927485104,0.004672971568938359,3.010009765625,1,283.1000061035156
2025-12-01,282.57501220703125,283.1000061035156,283.4200134277344,276.1400146484375,278.010009765625,46587700,273.35899963378904,272.22850036621094,263.391399230957,72.56394797265537,4.616766372627808,4.110934556339853,0.5058318162879551,280.95038349547275,272.22850036621094,263.5066172369491,5.575113550312901,44862920.0,0.015241168753721723,0.015126188953698135,7.279998779296875,1,286.19000244140625
2025-12-02,285.6592712402344,286.19000244140625,287.3999938964844,282.6300048828125,283.0,53669500,275.23200073242185,273.0855010986328,263.99359954833983,75.17934861792759,5.182508726088372,4.325249390289557,0.8572593357988154,283.5782397260121,273.0855010986328,262.5927624712535,5.517604654838542,45728040.0,0.010914857899228636,0.010855720764224917,4.769989013671875,1,284.1499938964844
2025-12-03,283.623046875,284.1499938964844,288.6199951171875,283.29998779296875,286.20001220703125,43538700,276.9029998779297,273.79100036621094,264.5879995727539,70.40742199800175,5.403958506827621,4.540991213597169,0.8629672932304517,285.22499539122657,273.79100036621094,262.3570053411953,5.503490559794272,45514180.0,-0.00712816145749029,-0.007153688178430315,5.32000732421875,1,280.70001220703125
2025-12-04,280.179443359375,280.70001220703125,284.7300109863281,278.5899963378906,284.1000061035156,43989100,278.11700134277345,274.3190002441406,265.15579986572266,63.11160533053269,5.240663260022245,4.680925622882185,0.55973763714006,286.00240969210347,274.3190002441406,262.6355907961778,5.548956566125931,45870640.0,-0.012141410394363561,-0.012215719407566574,6.1400146484375,1,278.7799987792969
2025-12-05,278.26300048828125,278.7799987792969,281.1400146484375,278.04998779296875,280.5400085449219,47265800,279.3700012207031,274.7695007324219,265.5939999389648,59.42124017866729,4.899839266038896,4.724708351513527,0.17513091452536855,286.4113070579079,274.7695007324219,263.12769440693586,5.373318729650417,46014860.0,-0.00684009028940924,-0.006863590932648934,3.09002685546875,1,277.8900146484375
2025-12-08,277.3746643066406,277.8900146484375,279.6700134277344,276.1499938964844,278.1300048828125,38211800,280.0100036621094,275.2405014038086,266.04260009765625,57.73597103911983,4.505977411128299,4.680962163436481,-0.17498475230818222,286.58312326080085,275.2405014038086,263.89787954681634,5.240940215478958,43932960.0,-0.00319242461710445,-0.00319753127588418,3.52001953125,1,277.17999267578125
2025-12-09,276.66595458984375,277.17999267578125,280.0299987792969,276.9200134277344,278.1600036621094,32193300,280.13600158691406,275.6280014038086,266.49760009765623,56.36258487465474,4.089406086400913,4.562650948029368,-0.473244861628455,286.675823294744,275.6280014038086,264.58017951287314,5.0887291537706405,40593710.0,-0.002555046727945598,-0.002558316430519311,3.1099853515625,1,278.7799987792969
2025-12-10,278.26300048828125,278.7799987792969,279.75,276.44000244140625,277.75,33038300,280.31700134277344,275.80450134277345,266.98059997558596,58.74416972588619,3.8440654375485224,4.4189338459332,-0.5748684083846776,286.93500897265153,275.80450134277345,264.67399371289537,4.961676896972292,39206120.0,0.00577244442526248,0.005755847706403448,3.30999755859375,1,278.0299987792969
2025-12-11,277.514404296875,278.0299987792969,279.5899963378906,273.80999755859375,279.1000061035156,33248000,280.36500244140626,276.0325012207031,267.43220001220703,57.16912498629159,3.548210907108057,4.244789258168171,-0.696578351060114,287.1491938010273,276.0325012207031,264.91580864037894,5.020128459995476,39187780.0,-0.0026902934331158868,-0.002693918776111477,5.779998779296875,1,278.2799987792969
2025-12-12,277.7639465332031,278.2799987792969,279.2200012207031,276.82000732421875,277.8999938964844,39532900,280.30800170898436,276.2990005493164,267.8551998901367,57.57743355288218,3.295923615086508,4.055016129551839,-0.7590925144653307,287.36275523333416,276.2990005493164,265.2352458652987,4.832975991173255,41127510.0,0.0008991835452922814,0.0008987795219441775,2.399993896484375,1,274.1099853515625
2025-12-15,273.6016540527344,274.1099853515625,280.1499938964844,272.8399963378906,280.1499938964844,50409100,279.40899963378905,276.3839996337891,268.1769998168945,49.159241221224605,2.7280516044231717,3.7896232245261054,-1.0615716201029337,287.35264888883125,276.3839996337891,265.4153503787469,5.009906103131862,41509650.0,-0.014984955605960026,-0.015098364430199547,7.30999755859375,0,274.6099853515625
2025-12-16,274.1007385253906,274.6099853515625,275.5,271.7900085449219,272.82000732421875,37648600,278.25099792480466,276.74149932861326,268.5353994750977,50.10128936706822,2.291934768667886,3.490085533354462,-1.1981507646865759,286.9641155931958,276.74149932861326,266.5188830640307,4.917055056842309,39907560.0,0.0018240853187405648,0.0018224236954371396,3.709991455078125,0,271.8399963378906
2025-12-17,271.33587646484375,271.8399963378906,276.1600036621094,271.6400146484375,275.010009765625,50138700,277.01999816894534,276.9614990234375,268.8425991821289,45.11399411401544,1.7031610897784049,3.1327006446392507,-1.4295395548608458,286.5432348408708,276.9614990234375,267.3797632060042,4.888693196615849,40567560.0,-0.010086993049891024,-0.010138211482018081,4.519989013671875,0,272.19000244140625
2025-12-18,271.68524169921875,272.19000244140625,273.6300048828125,266.95001220703125,273.6099853515625,51630700,276.1689971923828,277.14299926757815,269.12519927978514,45.84752222900679,1.2503826420426094,2.7562370441199224,-1.505854402077313,286.20469240265527,277.14299926757815,268.081306132501,5.016643159413377,41331720.0,0.001287544541755281,0.0012867163670800797,6.67999267578125,0,273.6700134277344
2025-12-19,273.1625061035156,273.6700134277344,274.6000061035156,269.8999938964844,272.1499938964844,144632000,275.6579986572266,277.51399993896484,269.5177996826172,48.954152434545755,0.9994558725886691,2.4048808098136716,-1.4054249372250025,285.27573660041406,277.51399993896484,269.7522632775156,4.994026662814654,51068340.0,0.005437418615868328,0.005422689224387653,4.70001220703125,0,270.9700012207031
2025-12-22,270.4674987792969,270.9700012207031,273.8800048828125,270.510009765625,272.8599853515625,36571800,274.96599731445315,277.4880004882813,270.031799621582,43.99548677497445,0.5760854256170092,2.039121732974339,-1.46303630735733,285.33331102239435,277.4880004882813,269.6426899541682,4.878024409555572,50904340.0,-0.009865941003960987,-0.009914931893719238,3.3699951171875,0,272.3599853515625
2025-12-23,271.85491943359375,272.3599853515625,272.5,269.55999755859375,270.8399963378906,29642000,274.48399658203124,277.3099990844727,270.5257992553711,46.97330801721437,0.3487017818687832,1.7010377427532282,-1.352335960884445,285.44570744586997,277.3099990844727,269.1742907230754,4.739594268973477,50649210.0,0.005129660569795913,0.005116548681590436,2.94000244140625,0,273.80999755859375
2025-12-24,273.3022155761719,273.80999755859375,275.42999267578125,272.20001220703125,272.3399963378906,17910600,273.98699645996095,277.15199890136716,271.0465991210938,49.962265484414594,0.2822488834033834,1.4172799708832593,-1.135031087479876,285.4294850376903,277.15199890136716,268.874512765044,4.6317647118146565,49136440.0,0.005323881205087977,0.005309759449072081,3.22998046875,0,273.3999938964844
2025-12-26,272.8929748535156,273.3999938964844,275.3699951171875,272.8599853515625,274.1600036621094,21521800,273.5239959716797,276.94449920654296,271.5277990722656,49.119169585236754,0.19426129038151885,1.1726762347829112,-0.9784149444013923,285.37826358097146,276.94449920654296,268.51073483211445,4.480210787086824,47963820.0,-0.0014974020881820538,-0.0014985243151121033,2.510009765625,0,273.760009765625
2025-12-29,273.2523498535156,273.760009765625,274.3599853515625,272.3500061035156,272.69000244140625,23715200,273.0719970703125,276.68999938964845,272.05399932861326,49.918326893326224,0.15183055275593915,0.9685070983775168,-0.8166765456215777,285.1853689630787,276.68999938964845,268.1946298162182,4.303765677155399,46382050.0,0.0013168100847762432,0.0013159438507369832,2.009979248046875,0,273.0799865722656
2025-12-30,272.5735778808594,273.0799865722656,274.0799865722656,272.2799987792969,272.80999755859375,22139600,272.9689971923828,276.1889984130859,272.46979919433596,48.37283617794817,0.06260997021422554,0.7873276727448586,-0.7247177025306331,284.285670418859,276.1889984130859,268.09232640731284,4.124924399713495,43555100.0,-0.0024840121606569676,-0.0024871024374482713,1.79998779296875,0,271.8599853515625
2025-12-31,271.3558349609375,271.8599853515625,273.67999267578125,271.75,273.05999755859375,27293600,272.6939971923828,275.4724975585938,272.6621990966797,45.642613278108875,-0.10532773422880837,0.6087965913501252,-0.7141243255789336,282.34611801462654,275.4724975585938,268.598877102561,3.9681435622897636,42519600.0,-0.004467559984957958,-0.004477569353830084,1.92999267578125,0,271.010009765625
2026-01-02,270.5074157714844,271.010009765625,277.8399963378906,269.0,272.260009765625,37838100,272.6109985351562,274.8154983520508,272.8269995117187,43.78829016961091,-0.30350686297856555,0.4263359004843871,-0.7298427634629526,280.6843174211362,274.8154983520508,268.94667928296536,4.316133046261254,41289540.0,-0.0031265196488491354,-0.0031314174227282093,8.839996337890625,0,267.260009765625
2026-01-05,266.7643737792969,267.260009765625,271.510009765625,266.1400146484375,270.6400146484375,45647200,272.1179992675781,274.1434982299805,273.0031994628906,36.70343305624174,-0.7544619426203667,0.19017633186343633,-0.944638274483803,280.23679631094154,274.1434982299805,268.0502001490194,4.391408908470272,40691190.0,-0.013837127282653072,-0.013933752709382118,5.3699951171875,0,262.3599853515625
2026-01-06,261.8734436035156,262.3599853515625,267.54998779296875,262.1199951171875,267.0,52352100,270.98699645996095,273.32249755859374,273.05879943847657,29.89658123761859,-1.4900616085029128,-0.1458712562098335,-1.3441903522930794,280.93189443194603,273.32249755859374,265.71310068524144,4.465593463278198,31463200.0,-0.01833429707033085,-0.01850445330052291,5.42999267578125,0,260.3299865722656
2026-01-07,259.8471984863281,260.3299865722656,263.67999267578125,259.80999755859375,263.20001220703125,48309800,269.92299499511716,272.44449615478516,273.0089990234375,27.611936432794977,-2.211342598542842,-0.5589655246764352,-1.6523770738664068,281.6318788500143,272.44449615478516,263.257113459556,4.42305072427172,32637000.0,-0.007737455757884204,-0.007767545179558986,3.8699951171875,0,259.0400085449219
2026-01-08,258.55963134765625,259.0400085449219,259.2900085449219,255.6999969482422,257.0199890136719,50419300,268.59099731445315,271.53749694824216,272.81359924316405,26.23970510279628,-2.8541525319685093,-1.0180029261348502,-1.836149605833659,282.1473264804469,271.53749694824216,260.9276674160374,4.437832074253985,34714730.0,-0.004955164959399183,-0.0049674824964186315,3.5900115966796875,0,259.3699951171875
2026-01-09,258.8890075683594,259.3699951171875,260.2099914550781,256.2200012207031,259.0799865722656,39997000,267.1469970703125,270.5669967651367,272.6209991455078,27.23590442051595,-3.298928878238428,-1.474188116555566,-1.824740761682862,281.8771627182956,270.5669967651367,259.2568308119778,4.405843371405487,36923370.0,0.00127388264893602,0.0012730719488525312,3.989990234375,0,260.25
2026-01-12,259.76739501953125,260.25,261.29998779296875,256.79998779296875,259.1600036621094,45263800,265.8319976806641,269.67799682617186,272.4319989013672,29.952889887460444,-3.5396059238012185,-1.8872716780046965,-1.652334245796522,281.29296023376713,269.67799682617186,258.0630334185766,4.412568844876524,39297570.0,0.0033928553779511983,0.003387112630019483,4.5,0,261.04998779296875
2026-01-13,260.5658874511719,261.04998779296875,261.80999755859375,258.3900146484375,258.7200012207031,45730800,264.5609954833984,268.81649627685545,272.22499877929687,32.42319609117291,-3.6240164811557065,-2.234620638634899,-1.3893958425208077,280.30685147715207,268.81649627685545,257.3261410765588,4.341669849539361,41499130.0,0.003073920434077726,0.0030692056002053552,3.41998291015625,0,259.9599914550781
2026-01-14,259.4779052734375,259.9599914550781,261.82000732421875,256.7099914550781,259.489990234375,40019400,263.2489959716797,268.10899658203124,272.0167987060547,30.827936430728215,-3.7358020504115643,-2.534856920990232,-1.2009451294213322,279.94577695386823,268.10899658203124,256.27221621019424,4.396551708082308,43287110.0,-0.004175431483854575,-0.004184172939277149,5.110015869140625,0,258.2099914550781
2026-01-15,257.73114013671875,258.2099914550781,261.0400085449219,257.04998779296875,260.6499938964844,39388600,261.8839965820313,267.288996887207,271.79999877929686,28.411027973571535,-3.920411233727009,-2.811967783537588,-1.1084434501894211,279.4777318944765,267.288996887207,255.10026187993753,4.367513782644509,44496610.0,-0.006731805114335909,-0.006754565919430446,3.990020751953125,0,255.52999877929688
2026-01-16,255.05613708496094,255.52999877929688,258.8999938964844,254.92999267578125,257.8999938964844,72142800,260.33599548339845,266.47349700927737,271.5097985839844,25.15810411050164,-4.234159596686254,-3.096406146167321,-1.1377534505189333,279.48954821439213,266.47349700927737,253.45744580416263,4.339120028220124,47927080.0,-0.010379120733008063,-0.010433359433029877,3.970001220703125,0,246.6999969482422
2026-01-20,246.2425079345703,246.6999969482422,254.7899932861328,243.4199981689453,252.72999572753906,80267500,258.27999420166014,265.19899673461913,271.04099822998046,17.8901425507091,-5.136108920608137,-3.5043467010554843,-1.631762219552653,280.51509151218556,265.19899673461913,249.8829019570527,4.894182926943799,51389110.0,-0.03455563680678142,-0.0351668036385547,11.3699951171875,0,247.64999389648438
2026-01-21,247.1907501220703,247.64999389648438,251.55999755859375,245.17999267578125,248.6999969482422,54641700,256.80899505615236,263.89799575805665,270.5985983276367,20.549504328976667,-5.708449985694472,-3.9451673579832818,-1.76328262771119,280.48275443676226,263.89799575805665,247.313237079351,5.000313066648706,51618070.0,0.0038508186461043703,0.0038434232235225268,6.3800048828125,0,248.35000610351562
2026-01-22,247.8894500732422,248.35000610351562,251.0,248.14999389648438,249.1999969482422,39708300,255.61099700927736,262.7669960021973,270.19619842529295,22.540297023516317,-6.03597035936707,-4.36332795826004,-1.67264240110703,280.3249834394491,262.7669960021973,245.20900856494546,4.882433997853487,50757920.0,0.002826619116832463,0.0028226317411110297,2.850006103515625,0,248.0399932861328
2026-01-23,247.58001708984375,248.0399932861328,249.41000366210938,244.67999267578125,247.32000732421875,41689000,254.51099548339843,261.5509963989258,269.7683984375,22.274109014349932,-6.248519020931809,-4.7403661707943945,-1.5081528501374146,279.64354004470596,261.5509963989258,243.45845275314565,4.87154663988739,49884890.0,-0.0012482899527435087,-0.0012490697156275657,4.730010986328125,0,255.41000366210938
2026-01-26,254.9363555908203,255.41000366210938,256.55999755859375,249.8000030517578,251.47999572753906,55969200,254.11499633789063,260.63099670410156,269.37159851074216,40.31848364254117,-5.755916500473802,-4.943476236730276,-0.8124402637435262,277.99303213468215,260.63099670410156,243.26896127352097,5.132150756499786,51482110.0,0.02971299216040002,0.029280115023907816,6.7599945068359375,0,258.2699890136719
2026-01-27,257.791015625,258.2699890136719,261.95001220703125,258.2099914550781,259.1700134277344,49648300,253.9169952392578,259.87449645996094,269.0675982666016,45.596639893114926,-5.0762328851701,-4.97002756641824,-0.10620531875185968,276.2347078711328,259.87449645996094,243.5142850487891,5.232712027101363,51920560.0,0.01119762464490659,0.011135395361916245,3.740020751953125,0,256.44000244140625
2026-01-28,255.96446228027344,256.44000244140625,258.8599853515625,254.50999450683594,257.6499938964844,41288000,253.45599670410155,259.00849609375,268.7373980712891,42.97753623863374,-4.631850259170733,-4.9023921049687385,0.27054184579800555,274.12320233507256,259.00849609375,243.8937898524275,5.169660514074592,51476280.0,-0.007085556394896275,-0.007110778160384995,4.3499908447265625,0,258.2799987792969
2026-01-29,257.801025390625,258.2799987792969,259.6499938964844,254.41000366210938,258.0,67253000,253.28799743652343,258.26849670410155,268.4547979736328,46.316519563544546,-4.084122280118208,-4.738738139998633,0.6546158598804244,271.9348320279841,258.26849670410155,244.60216138021903,5.174684065524621,54199640.0,0.007175153331668849,0.007149534392551532,5.239990234375,1,259.4800109863281
2026-01-30,258.9988098144531,259.4800109863281,261.8999938964844,252.17999267578125,255.1699981689453,92443400,253.41499938964844,257.64949798583984,268.2951983642578,48.437119910698215,-3.5127204990447467,-4.493534611807855,0.9808141127631087,269.8389985569198,257.64949798583984,245.45999741475984,5.4993495766088,59505120.0,0.004646167774132071,0.0046354076526533994,9.720001220703125,1,270.010009765625
2026-02-02,269.5093078613281,270.010009765625,270.489990234375,259.2099914550781,260.0299987792969,73913400,254.86300048828124,257.59949798583983,268.3465985107422,62.45300877387094,-2.1850101354787057,-4.031829716542026,1.8468195810633201,269.5757127242472,257.59949798583983,245.62328324743245,5.91225309108652,59682180.0,0.04058115590203082,0.03977936083255737,11.279998779296875,1,269.4800109863281
2026-02-03,268.98028564453125,269.4800109863281,271.8800048828125,267.6099853515625,269.20001220703125,64394700,257.14100189208983,257.710498046875,268.36499877929685,61.54619950606545,-1.1621599226517105,-3.457895757763963,2.2957358351122523,270.07757755934387,257.710498046875,245.34341853440614,5.79495069395534,58094900.0,-0.0019628856713753695,-0.001964814656119158,4.27001953125,1,276.489990234375
2026-02-04,275.97723388671875,276.489990234375,278.95001220703125,272.2900085449219,272.2900085449219,90545700,260.0250015258789,258.4169982910156,268.5697985839844,68.13621572575704,0.21166306071961571,-2.7239839940672472,2.935647054786863,273.15329376215163,258.4169982910156,243.68070281987957,6.057454303008754,61685300.0,0.026012984125945104,0.025680401762016518,6.660003662109375,1,275.9100036621094
2026-02-05,275.3983459472656,275.9100036621094,279.5,273.2300109863281,278.1300048828125,52977400,262.78100128173827,259.1959991455078,268.65819885253904,67.11143806462742,1.239341249211975,-1.9313189454114028,3.1706601946233777,275.7851575761578,259.1959991455078,242.60684071485784,6.072635353770406,63012210.0,-0.0020976765624461935,-0.002099879767540165,6.269989013671875,1,278.1199951171875
2026-02-06,277.6042175292969,278.1199951171875,280.9100036621094,276.92999267578125,277.1199951171875,50453400,265.78900146484375,260.1499984741211,268.70219848632814,69.02324859688562,2.20667429075246,-1.1037202981786303,3.31039458893109,278.67507274266205,260.1499984741211,241.62492420558016,5.996018542786806,63888650.0,0.008009827210848641,0.007977918818765313,3.980010986328125,1,274.6199951171875
2026-02-09,274.3672180175781,274.6199951171875,278.20001220703125,271.70001220703125,277.9100036621094,44623400,267.7100006103516,260.9124984741211,268.6551983642578,62.79733209040684,2.6602067387884745,-0.35093489078520934,3.0111416295736837,280.47284691625424,260.9124984741211,241.35215003198797,6.032017218302035,62754070.0,-0.01258449612198953,-0.012664351560966831,6.5,1,273.67999267578125
2026-02-10,273.4280700683594,273.67999267578125,275.3699951171875,272.94000244140625,274.8900146484375,34376900,269.2510009765625,261.58399810791013,268.5777984619141,61.20068189582043,2.9102367327923844,0.3012994339303094,2.608937298862075,281.9142117058334,261.58399810791013,241.25378450998687,5.774729750979121,61226930.0,-0.003422920610733904,-0.0034287922059860762,2.42999267578125,1,275.5
2026-02-11,275.24639892578125,275.5,280.17999267578125,274.45001220703125,274.70001220703125,51931300,271.15700073242186,262.3064987182617,268.51079833984375,63.15406319348583,3.218149856718412,0.8846695184879301,2.333480338230482,283.5174285596945,262.3064987182617,241.0955688768289,5.826534768766328,62291260.0,0.0066501292492171515,0.006628114685600525,5.72998046875,1,261.7300109863281
2026-02-12,261.4891052246094,261.7300109863281,275.7200012207031,260.17999267578125,275.5899963378906,81077200,271.502001953125,262.3949996948242,268.0833984375,44.78339095869055,2.3242575982282574,1.1725871344359957,1.1516704637922617,283.5807841598978,262.3949996948242,241.2092152297506,6.52035432420601,63673680.0,-0.049981811301894274,-0.051274148572826785,15.540008544921875,0,255.77999877929688
2026-02-13,255.5445556640625,255.77999877929688,262.2300109863281,255.4499969482422,262.010009765625,56290700,271.1320007324219,262.2735000610352,267.47519836425784,39.44419571223811,1.1227825461639895,1.1626262167815944,-0.039843670617604854,283.5814141632097,262.2735000610352,240.96558595886066,6.538901446626005,60058410.0,-0.022733396848946263,-0.022995784787441406,6.7800140380859375,0,263.8800048828125
2026-02-17,263.6371154785156,263.8800048828125,266.2900085449219,255.5399932861328,258.04998779296875,58469100,270.5190002441406,262.6910003662109,267.0697985839844,48.45383422914253,0.8148150287739213,1.0930639791800598,-0.2782489504061385,283.78012521783705,262.6910003662109,241.60187551458475,6.839695290351938,58513980.0,0.031667863563111576,0.03117677762588167,10.750015258789062,1,264.3500061035156
2026-02-18,264.106689453125,264.3500061035156,266.82000732421875,262.45001220703125,263.6000061035156,34203300,270.00599975585936,263.5735008239746,266.74279846191405,48.92865229167913,0.6017372703190063,0.9947986374078492,-0.393061367088843,283.3483328263013,263.5735008239746,243.79866882164788,6.6632881351259075,55494840.0,0.0017811172199722058,0.0017795329116435036,4.3699951171875,1,260.5799865722656
2026-02-19,260.3401184082031,260.5799865722656,264.4800109863281,260.04998779296875,262.6000061035156,30845300,268.4149993896484,264.22000045776366,266.37879821777346,45.3222695774498,0.12719630299318396,0.8212781705249163,-0.6940818675317323,282.6713620485882,264.22000045776366,245.76863886693909,6.503769210714013,49524800.0,-0.014261469431454121,-0.0143641415256223,4.430023193359375,0,264.5799865722656
2026-02-20,264.3364562988281,264.5799865722656,264.75,258.1600036621094,258.9700012207031,42070500,267.28199768066406,265.0314994812012,266.11259765625,49.569473703588756,0.07304373539608378,0.6716312834991498,-0.598587548103066,281.98653400593594,265.0314994812012,248.07646495646645,6.509928291226628,48434110.0,0.015350373037534393,0.015233748038497256,6.589996337890625,0,266.17999267578125
2026-02-23,265.9349670410156,266.17999267578125,269.42999267578125,263.3800048828125,263.489990234375,37308200,266.08799743652344,265.9384994506836,265.89259765625,51.20229400787377,0.15741991735518468,0.5687890102703569,-0.4113690929151722,280.99519731989017,265.9384994506836,250.88180158147705,6.477075398493922,47119590.0,0.006047343656806037,0.006029131859271349,6.04998779296875,1,272.1400146484375
2026-02-24,271.8895263671875,272.1400146484375,274.8900146484375,267.7099914550781,267.8599853515625,47014600,265.8399993896484,266.775,265.7597979736328,56.8117575225968,0.6971760016962776,0.594466408555541,0.10270959314073658,281.2465974060961,266.775,252.30340259390383,6.63657158236266,47358710.0,0.022390946489790453,0.022143949447182894,7.180023193359375,1,274.2300109863281
2026-02-25,273.97760009765625,274.2300109863281,274.94000244140625,271.04998779296875,271.7799987792969,33714300,265.89500122070314,267.5730010986328,265.6837982177734,58.60861736564333,1.2788401516904173,0.7313411571825164,0.547498994507901,281.8393357314735,267.5730010986328,253.30666646579206,6.440388944225149,47292450.0,0.007679856784716499,0.007650516806739749,3.8900146484375,1,272.95001220703125
2026-02-26,272.6987609863281,272.95001220703125,276.1099853515625,270.79998779296875,274.95001220703125,32345100,265.64000244140624,268.39850158691405,265.57719848632814,57.04330131830636,1.6178780856542971,0.9086485428768726,0.7092295427774246,281.8816843529817,268.39850158691405,254.9153188208464,6.359646702394335,45333830.0,-0.004667610137537803,-0.004678537445938535,5.30999755859375,1,264.17999267578125
2026-02-27,263.93682861328125,264.17999267578125,272.80999755859375,262.8900146484375,272.80999755859375,72366500,265.88500061035154,268.6935012817383,265.3785986328125,47.65251286590257,1.1654660418435583,0.9600120426702097,0.2054539991733486,281.52044409351174,268.6935012817383,255.86655846996482,6.623957477837151,44462760.0,-0.03213049693728531,-0.03265801167898957,9.91998291015625,0,264.7200012207031
2026-03-02,264.476318359375,264.7200012207031,266.5299987792969,260.20001220703125,262.4100036621094,41827900,266.7790008544922,268.955500793457,265.1807989501953,48.217791704141696,0.8408081017936411,0.9361712544948959,-0.09536315270125484,281.22073404775057,268.955500793457,256.6902675391635,6.602959556010613,43016480.0,0.002044093269336189,0.0020420069532886102,6.329986572265625,0,263.75
2026-03-03,263.5072326660156,263.75,265.55999755859375,260.1300048828125,263.4800109863281,38568900,266.76600036621096,268.64250030517576,265.0189990234375,47.2311671966049,0.49948559438462325,0.8488341224728414,-0.34934852808821815,281.10207972934705,268.64250030517576,256.18292088100446,6.5191762074228015,41026460.0,-0.0036642536122324376,-0.0036709834343797076,5.42999267578125,0,262.5199890136719
2026-03-04,262.2783508300781,262.5199890136719,266.1499938964844,261.4200134277344,264.6499938964844,39803100,266.58299865722654,268.294499206543,264.82559875488283,45.94728312128594,0.12825499742677948,0.704718297463629,-0.5764633000368495,281.02687700659845,268.294499206543,255.56212140648753,6.3913765118033155,41586440.0,-0.004663548763329417,-0.004674457034245198,4.72998046875,0,260.2900085449219
2026-03-05,260.0504150390625,260.2900085449219,261.55999755859375,257.25,260.7900085449219,49658600,266.5540008544922,267.4845001220703,264.55799865722656,43.631620784462626,-0.3419469606305938,0.49538524584478444,-0.8373322064753783,280.0888727716274,267.4845001220703,254.8801274725132,6.311277404793927,43467770.0,-0.00849451684471103,-0.008530800875914566,4.30999755859375,0,257.4599914550781
2026-03-06,257.2229919433594,257.4599914550781,258.7699890136719,254.3699951171875,258.6300048828125,41120000,265.8420013427734,266.56199951171874,264.28779846191406,40.81997375518689,-0.9321983256986073,0.2098685315361061,-1.1420668572347135,279.26501148552984,266.56199951171874,253.8589875379076,6.283329977861102,43372720.0,-0.010872553678353492,-0.01093209183794695,4.399993896484375,0,259.8800048828125
2026-03-09,259.6407775878906,259.8800048828125,261.1499938964844,253.67999267578125,255.69000244140625,38218500,265.2120025634766,265.65,264.03819885253904,44.135185086452175,-1.1909731294431367,-0.07029980065974248,-1.1206733287833943,277.49279944650885,265.65,253.8072005534911,6.368092209492675,43463750.0,0.009399570838394267,0.009355669758880348,7.470001220703125,0,260.8299865722656
2026-03-10,260.58990478515625,260.8299865722656,262.4800109863281,256.95001220703125,257.6499938964844,30590800,264.08099975585935,264.9604995727539,263.7785986328125,45.42756889425865,-1.3043625630821225,-0.3171123531442185,-0.987250209937904,276.22569370254047,264.9604995727539,253.69530544296737,6.3082283930501175,41821370.0,0.0036554627966916,0.00364879782998301,5.529998779296875,0,260.80999755859375
2026-03-11,260.5699157714844,260.80999755859375,262.1300048828125,259.54998779296875,261.0899963378906,26218900,262.73899841308594,264.3169998168945,263.5267987060547,45.40376731098786,-1.3799304730001154,-0.5296759771153978,-0.8502544958847176,274.97005817765535,264.3169998168945,253.66394145613364,6.041927585678233,41071830.0,-7.663617950748325e-05,-7.663911620952738e-05,2.58001708984375,0,255.75999450683594
2026-03-12,255.52456665039062,255.75999450683594,258.95001220703125,254.17999267578125,258.6600036621094,40794000,261.0199966430664,263.32999954223635,263.1667984008789,39.73892956956257,-1.826259643326864,-0.788992710357691,-1.037266932969173,273.29110106893944,263.32999954223635,253.3688980155333,6.083933106902109,41916720.0,-0.019362766377938656,-0.019552680241045003,4.77001953125,0,250.1199951171875
2026-03-13,249.8897705078125,250.1199951171875,256.3299865722656,249.52000427246094,255.47999572753906,36930000,259.613996887207,262.7494987487793,262.70759857177734,34.55375964531507,-2.6050501452547223,-1.1522041973370973,-1.452845947917625,274.25012784664284,262.7494987487793,251.2488696509157,6.135793763538008,38373070.0,-0.022051921765652405,-0.022298700096560726,6.8099822998046875,0,252.82000732421875
2026-03-16,252.58729553222656,252.82000732421875,253.88999938964844,249.8800048828125,252.11000061035156,32074200,258.4239974975586,262.6014991760254,262.3267990112305,38.67880557369748,-2.9701408736087274,-1.5157915325914235,-1.4543493410173038,274.52546781811964,262.6014991760254,250.6775305339312,5.983950959487861,37397700.0,0.01079486750256109,0.01073701886028607,4.0099945068359375,0,254.22999572753906
2026-03-17,253.99598693847656,254.22999572753906,255.1300048828125,252.17999267578125,252.9600067138672,32361600,257.4719970703125,262.1189987182617,261.99119873046874,40.77804195372269,-3.1098551514148767,-1.8346042563561142,-1.2752508950587624,274.56646030847463,262.1189987182617,249.67153712804878,5.767241048598103,36776970.0,0.005577044389181385,0.005561550258065924,2.95001220703125,0,249.94000244140625
2026-03-18,249.70994567871094,249.94000244140625,254.94000244140625,249.0,252.6300048828125,35757900,256.21399841308596,261.39849853515625,261.64479858398437,36.665297657026265,-3.5260996465793824,-2.172903334400768,-1.3531963121786141,274.871914184357,261.39849853515625,247.92508288595545,5.779581148084398,36372450.0,-0.016874457610149385,-0.01701845346996249,5.94000244140625,0,248.9600067138672
2026-03-19,248.73085021972656,248.9600067138672,251.8300018310547,247.3000030517578,249.39999389648438,34864100,255.08099822998048,260.8174995422363,261.37679901123045,35.77759257188346,-3.8902099541435575,-2.5163646583493264,-1.373845295794231,275.343060231174,260.8174995422363,246.29193885329863,5.690325264599575,34893000.0,-0.0039209238936004365,-0.003928630867926254,4.529998779296875,0,247.99000549316406
2026-03-20,247.76173400878906,247.99000549316406,249.1999969482422,246.0,247.97999572753906,88331100,254.13399963378907,259.9880004882813,261.12999938964845,34.877491020778095,-4.208527700420689,-2.8547972667635992,-1.3537304336570894,275.4255293576157,259.9880004882813,244.55047161894683,5.512444670574047,39614110.0,-0.003896213024359163,-0.0039038230355726406,3.1999969482421875,0,251.49000549316406
2026-03-23,251.25851440429688,251.49000549316406,254.60000610351562,250.27999877929688,253.97000122070312,40546100,253.2949996948242,259.2535011291504,260.97899932861327,40.676911480896955,-4.130759237242671,-3.109989660859414,-1.0207695763832572,274.839853194168,259.2535011291504,243.66714906413281,5.590841523415299,39846870.0,0.01411347200480817,0.014014804238242614,4.32000732421875,0,251.63999938964844
2026-03-24,251.4083709716797,251.63999938964844,254.8300018310547,249.5500030517578,250.35000610351562,45152300,252.3760009765625,258.22850036621094,260.8243994140625,40.919732429765425,-4.010790025207115,-3.2901497337289545,-0.7206402914781602,272.9632382345784,258.22850036621094,243.4937624978435,5.568638470263983,41303020.0,0.0005964209042432778,0.0005962431159833461,5.279998779296875,0,252.6199951171875
2026-03-25,252.38746643066406,252.6199951171875,255.0,251.60000610351562,254.10000610351562,28476700,251.55700073242187,257.1479995727539,260.67179931640624,42.57363160091187,-3.792913746626766,-3.3907025363085173,-0.4022112103182489,270.09110468672793,257.1479995727539,244.2048944587799,5.413735286422583,41528800.0,0.00389443542328749,0.0038868717408098437,3.399993896484375,0,252.88999938964844
2026-03-26,252.6572265625,252.88999938964844,257.0,250.77000427246094,252.1199951171875,41796700,251.27000122070314,256.14499893188474,260.5085995483398,43.04669207963657,-3.5574500679230425,-3.4240520426314225,-0.13339802529162004,266.9702158489789,256.14499893188474,245.31978201479058,5.472039603645189,41629070.0,0.0010688159198788405,0.001068245142811088,6.2299957275390625,0,248.8000030517578
2026-03-27,248.57098388671875,248.8000030517578,255.49000549316406,248.07000732421875,253.89999389648438,47900000,251.13800201416015,255.3759994506836,260.28539978027345,37.9472507706226,-3.6586967503894527,-3.4709809841830284,-0.18771576620642438,265.99190489942976,255.3759994506836,244.7600940019374,5.6111795011666254,42726070.0,-0.016173025219509918,-0.01630523602902272,7.4199981689453125,0,246.6300048828125
2026-03-30,246.40298461914062,246.6300048828125,250.8699951171875,245.50999450683594,250.07000732421875,39446200,250.51900177001954,254.47149963378905,260.0538000488281,35.54155673343824,-3.8694317914355736,-3.5506711456335376,-0.318760645802036,264.82820660088504,254.47149963378905,244.1147926666931,5.593238151822692,43463270.0,-0.008721857485242457,-0.008760115500651625,5.3600006103515625,0,253.7899932861328
2026-03-31,253.55638122558594,253.7899932861328,255.47999572753906,247.10000610351562,247.91000366210938,49598100,250.4750015258789,253.9734992980957,260.01899993896484,47.39233194831573,-3.4192743379568356,-3.5243917840981975,0.10511744614136198,263.4151166508652,253.9734992980957,244.53188194532626,5.8258633441729675,45186920.0,0.029031294901536553,0.028617869316112193,8.379989624023438,0,255.6300048828125
2026-04-01,255.3946990966797,255.6300048828125,256.17999267578125,253.3300018310547,254.0800018310547,40059400,251.04400177001952,253.62900009155274,260.1976000976563,49.939485805017185,-2.8808392332117876,-3.3956812739209155,0.5148420407091279,262.266692160713,253.62900009155274,244.99130802239253,5.613301022783938,45617070.0,0.007250134541771258,0.0072239786626750405,2.8499908447265625,1,255.9199981689453
2026-04-02,255.68443298339844,255.9199981689453,256.1300048828125,250.64999389648438,254.1999969482422,31289400,251.74000091552733,253.4104995727539,260.36300018310544,50.34752240310661,-2.4030249233842937,-3.1971500038135914,0.7941250804292976,261.5710560543748,253.4104995727539,245.249943091133,5.6037803058942375,45259600.0,0.0011344258521832629,0.0011337828774017462,5.480010986328125,1,258.8599853515625
2026-04-06,258.6217041015625,258.8599853515625,262.1600036621094,256.4599914550781,256.510009765625,29329900,252.82699890136718,253.48049926757812,260.5731997680664,54.40506072847638,-1.7667551911638384,-2.9110710412836407,1.1443158501198023,261.80124348972004,253.48049926757812,245.15975504543619,5.649224962127796,39359480.0,0.011487914987700076,0.011422429939559263,5.70001220703125,1,253.5
2026-04-07,253.26666259765625,253.5,256.20001220703125,245.6999969482422,256.1600036621094,62148000,253.0279983520508,253.1614990234375,260.6823999023438,46.88295351709388,-1.675696480960056,-2.663996129218924,0.988299648258868,260.94848055796626,253.1614990234375,245.3745174889087,6.185708065070118,41519670.0,-0.020706117804507373,-0.02092349539479067,10.500015258789062,1,258.8999938964844
2026-04-08,258.66168212890625,258.8999938964844,259.75,256.5299987792969,258.45001220703125,41032800,253.75399780273438,253.06499938964845,260.75219970703125,53.811587296784815,-1.154489186568469,-2.362094740688833,1.2076055541203639,260.50977991872367,253.06499938964845,245.62021886057323,6.190300346136539,41107720.0,0.02130175107094434,0.021078040151454248,3.220001220703125,1,260.489990234375
2026-04-09,260.2502136230469,260.489990234375,261.1199951171875,256.07000732421875,259.0,28121600,254.54099731445314,253.0489990234375,260.7965997314453,55.64614996003017,-0.606142006611492,-2.0109041938733645,1.4047621872618725,260.42821521221276,253.0489990234375,245.6697828346622,6.1088494494816965,41072210.0,0.006141353323192211,0.006122572068527736,5.04998779296875,1,260.4800109863281
2026-04-10,260.240234375,260.4800109863281,262.19000244140625,259.0199890136719,259.9800109863281,31291500,255.29999847412108,253.2849998474121,260.87739990234377,55.6312149872655,-0.17041373433426088,-1.6428061019655438,1.472392367631283,261.2727488708441,253.2849998474121,245.29725082398008,5.898932590785459,40021690.0,-3.8309525974056235e-05,-3.8310259802688224e-05,3.170013427734375,1,259.20001220703125
2026-04-13,258.96142578125,259.20001220703125,260.17999267578125,256.6600036621094,259.7300109863281,36234700,256.3399993896484,253.7390007019043,260.89580017089844,53.64249029679957,0.07080268729896488,-1.300084344112642,1.3708870314116068,261.9836165578578,253.7390007019043,245.4943848459508,5.750437928887837,38855160.0,-0.004914000020385667,-0.004926113418270593,3.519989013671875,1,258.8299865722656
2026-04-14,258.59173583984375,258.8299865722656,261.92999267578125,257.19000244140625,259.25,48370700,257.55999755859375,254.03949966430665,260.8827996826172,53.052064465845966,0.2294653295397211,-0.9941744093821694,1.2236397389218905,262.5616595881415,254.03949966430665,245.5173397404718,5.678263093565491,39747610.0,-0.001427567968129817,-0.0014285879140919877,4.739990234375,1,266.42999267578125
2026-04-15,266.18475341796875,266.42999267578125,266.55999755859375,257.80999755859375,258.1600036621094,49913500,258.8239974975586,254.64949951171874,260.81119934082034,62.24403809113433,0.9574269711251304,-0.6038541332807095,1.56128110440584,264.7409025943184,254.64949951171874,244.55809642911908,5.8976728725965275,39779150.0,0.029362927395561567,0.02894009378924964,8.75,1,263.3999938964844
2026-04-16,263.15753173828125,263.3999938964844,267.1600036621094,261.2699890136719,266.79998779296875,43323100,259.60099639892576,255.32249908447267,260.6895989990234,57.417356402759374,1.2751471356014008,-0.22805387950428746,1.5032010151056883,265.8535512797805,255.32249908447267,244.79144688916483,5.897125856585169,40105520.0,-0.011372588907376024,-0.011437751311164823,5.8900146484375,1,270.2300109863281
2026-04-17,269.98126220703125,270.2300109863281,272.29998779296875,266.7200012207031,266.9599914550781,61436200,261.03199768066406,256.3859992980957,260.5643994140625,64.16330293480993,2.054386267237305,0.2284341498440311,1.8259521173932742,268.3329424180063,256.3859992980957,244.43905617818513,6.111616430863684,43120200.0,0.025930209749845057,0.02559972274868711,5.579986572265625,1,273.04998779296875
2026-04-20,272.79864501953125,273.04998779296875,274.2799987792969,270.2900085449219,270.3299865722656,36590200,262.4509979248047,257.6389984130859,260.5071990966797,66.52152334020289,2.866444861872253,0.7560362922496755,2.1104085696225776,270.9764862911937,257.6389984130859,244.30151053497815,5.964357242442617,43846230.0,0.010435468645202839,0.010381395006123128,3.989990234375,1,266.1700134277344
2026-04-21,265.9250183105469,266.1700134277344,272.79998779296875,265.3999938964844,271.5,50209800,263.71799926757814,258.3729988098145,260.2681994628906,56.71566888648982,2.921177203326863,1.189064474465113,1.73211272886175,271.89066048701517,258.3729988098145,244.8553371326138,6.0847598605884565,42652410.0,-0.025196757637106715,-0.02551963105392037,7.399993896484375,1,273.1700134277344
2026-04-22,272.9185791015625,273.1700134277344,273.739990234375,266.8699951171875,267.82000732421875,43249200,265.14500122070314,259.4494995117187,260.23919982910155,62.734666514970144,3.4891734571351094,1.6490862709991125,1.8400871861359969,274.03769454251847,259.4494995117187,244.861304480919,6.190846785306468,42874050.0,0.026298980526972437,0.025959108321062463,6.8699951171875,1,273.42999267578125
2026-04-23,273.1783142089844,273.42999267578125,275.7699890136719,271.6499938964844,275.04998779296875,33399600,266.4390014648437,260.48999938964846,260.23419982910156,62.94078408540657,3.9151611919328957,2.1023012551858695,1.8128599367470262,275.92526051603875,260.48999938964846,245.05473826325817,6.042928809012257,43401850.0,0.0009517122497622044,0.000951259658793847,4.1199951171875,1,271.05999755859375
2026-04-24,270.81048583984375,271.05999755859375,273.05999755859375,269.6499938964844,272.760009765625,38157100,267.4970001220703,261.3984992980957,260.14539978027346,59.699096113357605,4.015235605096507,2.484888125167997,1.5303474799285097,277.07455651805884,261.3984992980957,245.7224420781326,5.881290949746872,44088410.0,-0.008667648687676,-0.008705431236900629,3.410003662109375,1,267.6099853515625
2026-04-27,267.3636474609375,267.6099853515625,268.3599853515625,265.07000732421875,266.0899963378906,41466800,268.33799743652344,262.33899841308596,260.26299926757815,55.23901411312469,3.7726691646484483,2.7424443330640873,1.030224831584361,277.10966887474916,262.33899841308596,247.56832795142276,5.889055184363166,44611620.0,-0.012727854490168666,-0.01280954755535656,3.28997802734375,1,270.7099914550781
2026-04-28,270.4608154296875,270.7099914550781,273.2300109863281,268.6600036621094,272.3399963378906,40018900,269.5259979248047,263.5429977416992,260.56159912109376,58.25679354476697,3.7869247860633664,2.951340423663943,0.8355843623994232,276.84842737432746,263.5429977416992,250.23756810907093,5.869838787963341,43776440.0,0.011584044965448959,0.01151746361085137,4.57000732421875,1,270.1700134277344
2026-04-29,269.92132568359375,270.1700134277344,271.0400085449219,267.0400085449219,267.54998779296875,30047900,269.9,264.3619987487793,260.68739929199216,57.529223872074034,3.7118627119301095,3.1034448813171767,0.6084178306129329,277.1725668590919,264.3619987487793,251.55143063846668,5.736278874537389,41789880.0,-0.0019946734305643643,-0.0019966654409926303,4.0,1,271.3500061035156
2026-04-30,271.1002502441406,271.3500061035156,276.0,268.1400146484375,270.5,91848200,270.69500122070315,265.14799880981445,260.8273992919922,58.74184660035045,3.704883434686451,3.2237325919910313,0.48115084269541963,277.6442533249914,265.14799880981445,252.65174429463752,5.887972194324896,46642390.0,0.004367593060422559,0.004358082807074243,7.8599853515625,1,280.1400146484375
2026-05-01,279.88214111328125,280.1400146484375,287.2200012207031,278.3699951171875,278.8599853515625,79915400,271.6860015869141,266.35899963378904,261.2185998535156,66.4308567298838,4.35839170898015,3.4506644153888555,0.9077272935912948,279.7085761641864,266.35899963378904,253.00942310339167,6.600973831672225,48490310.0,0.032393618379240596,0.03188000749804144,8.850006103515625,1,276.8299865722656
2026-05-04,276.5751647949219,276.8299865722656,280.6300048828125,274.8599853515625,279.6600036621094,46668400,272.0640014648437,267.2574996948242,261.46359985351563,61.76301423631731,4.556683510866321,3.6718682344843487,0.8848152763819725,280.8833301118797,267.2574996948242,253.63166927776874,6.541619953070637,49498130.0,-0.011815620415119188,-0.011885979632393856,5.77001953125,1,284.17999267578125
2026-05-05,283.9184265136719,284.17999267578125,284.57000732421875,276.5,276.92999267578125,49311700,273.86499938964846,268.79149932861327,261.82359985351565,67.2636978486554,5.246437591702943,3.986782105928068,1.259655485774875,282.77974543797166,268.79149932861327,254.80325321925488,6.650790479581217,49408320.0,0.026550613950909296,0.02620426356855262,8.07000732421875,1,287.510009765625
2026-05-06,287.245361328125,287.510009765625,288.0299987792969,281.07000732421875,281.9200134277344,58336100,275.2989990234375,270.2220001220703,262.13099975585936,69.41076246368235,5.992697136941899,4.387965112130835,1.6047320248110646,285.6490494118401,270.2220001220703,254.79495083230051,6.672876263545282,50917010.0,0.01171798569803939,0.011649861770647776,6.959991455078125,1,287.44000244140625
2026-05-07,287.1754150390625,287.44000244140625,292.1300048828125,285.7799987792969,289.2699890136719,45224300,276.7,271.5695007324219,262.39519958496095,69.30784724452889,6.503495944106646,4.811071278525997,1.6924246655806492,288.0340182076558,271.5695007324219,255.104983257188,6.649814109257449,52099480.0,-0.00024349525874178823,-0.00024352490852545526,6.350006103515625,1,293.32000732421875
2026-05-08,293.0500183105469,293.32000732421875,294.760009765625,290.0,290.010009765625,52692800,278.9260009765625,273.2115005493164,262.8025994873047,72.93731219762934,7.29864074442753,5.308585171706304,1.990055572721226,291.38613212554833,273.2115005493164,255.03686897308447,6.697685053183257,53553050.0,0.02045645989726541,0.020250036896777346,4.760009765625,1,292.67999267578125
2026-05-11,292.67999267578125,292.67999267578125,293.8800048828125,290.2300109863281,291.9800109863281,42247300,281.43300170898436,274.88549957275393,263.3725994873047,71.9401099152119,7.787386747146286,5.804345486794301,1.9830412603519845,293.74413732929213,274.88549957275393,256.0268618162157,6.4799928277047645,53631100.0,-0.0021819672455212213,-0.0021843512044963736,3.649993896484375,1,294.79998779296875
2026-05-12,294.79998779296875,294.79998779296875,295.2699890136719,292.55999755859375,292.55999755859375,45748100,283.8420013427734,276.6839996337891,263.97419921875,73.24498327716171,8.25067867603616,6.293612124642673,1.9570665513934866,295.9316300548823,276.6839996337891,257.43636921269587,6.2107070153742905,54204020.0,0.007243389265544797,0.007217281916175962,2.709991455078125,1,298.8699951171875
2026-05-13,298.8699951171875,298.8699951171875,300.9200134277344,293.5,293.5,52684300,286.7119995117188,278.3059997558594,264.6765991210938,75.59172108769937,8.844304803724697,6.8037506604590785,2.0405541432656182,299.2192129623923,278.3059997558594,257.39278654932644,6.297086044828582,56467660.0,0.013805995565634221,0.013711560991706276,7.420013427734375,1,298.2099914550781
2026-05-14,298.2099914550781,298.2099914550781,300.45001220703125,295.3800048828125,299.82000732421875,35324900,289.397998046875,280.04649963378904,265.39039916992186,74.45129423785637,9.155956836090468,7.274191895585357,1.8817649405051107,301.4950684041796,280.04649963378904,258.59793086339846,6.209437564785022,50815330.0,-0.00220833028705536,-0.002210772244144634,5.07000732421875,1,300.2300109863281
2026-05-15,300.2300109863281,300.2300109863281,303.20001220703125,296.5199890136719,297.8999938964844,54862800,291.40699768066406,281.54649963378904,266.18919921875,75.66155760406181,9.456928427062564,7.710739201880799,1.746189225181765,304.2013719249461,281.54649963378904,258.891627342632,6.243050823968905,48310070.0,0.0067738157309671365,0.006750976522238501,6.680023193359375,1,297.8399963378906
2026-05-18,297.8399963378906,297.8399963378906,300.6600036621094,294.9100036621094,300.239990234375,34483000,293.50799865722655,282.78600006103517,266.9967993164062,71.35467444894671,9.394304676785794,8.047452296861799,1.3468523799239946,306.14740536056996,282.78600006103517,259.4245947615004,6.207832907971126,47091530.0,-0.007960612067346995,-0.007992466908238653,5.75,1,298.9700012207031
2026-05-19,298.9700012207031,298.9700012207031,300.510009765625,296.3500061035156,296.9700012207031,42243600,294.98699951171875,284.4259994506836,267.7785992431641,72.16153329373176,9.328325721473789,8.303626981784197,1.0246987396895921,307.49465875122723,284.4259994506836,261.35734015014,6.061559390409572,46384720.0,0.003793999787491842,0.003786820722815226,4.160003662109375,1,302.25
2026-05-20,302.25,302.25,302.79998779296875,298.0799865722656,298.17999267578125,38229800,296.46099853515625,285.8799987792969,268.60699951171875,74.41431397539003,9.431979425814575,8.529297470590272,0.9026819552243026,309.5845582685758,285.8799987792969,262.175439290018,5.965733806859112,44374090.0,0.0109709963070026,0.010911251503184886,4.720001220703125,1,304.989990234375
2026-05-21,304.989990234375,304.989990234375,305.5400085449219,300.3999938964844,301.05999755859375,42965100,298.21599731445315,287.45799865722654,269.4905993652344,76.15056201120997,9.624277367560865,8.748293449984391,0.8759839175764732,311.8297780425913,287.45799865722654,263.0862192718618,5.9067538669718544,44148170.0,0.009065310949131433,0.009024467670268961,5.1400146484375,1,308.82000732421875
2026-05-22,308.82000732421875,308.82000732421875,311.3999938964844,305.8399963378906,306.1199951171875,43670200,299.7659973144531,289.3459991455078,270.551799621582,78.36104586942288,9.970788202391702,8.992792400465854,0.9779958019258483,314.18978391927885,289.3459991455078,264.5022143717367,5.942700280910249,43245910.0,0.012557845216167651,0.012479649444335736,5.55999755859375,1,308.3299865722656
2026-05-26,308.3299865722656,308.3299865722656,311.82000732421875,307.6700134277344,309.55999755859375,48000500,301.33099670410155,291.38199920654296,271.71599945068357,77.37295513502431,10.089553859697162,9.212144692312116,0.8774091673850464,315.42820376121335,291.38199920654296,267.33579465187256,5.8146498248798295,43821230.0,-0.001586751960143129,-0.0015880121843198519,4.149993896484375,1,310.8500061035156
2026-05-27,310.8500061035156,310.8500061035156,313.260009765625,308.29998779296875,308.3299865722656,50430900,302.9359985351563,293.38899993896484,272.87659942626954,78.84995996187695,10.268650404412881,9.42344583473227,0.845204569680611,316.893085186812,293.38899993896484,269.8849146911177,5.753604978292431,44289510.0,0.008173125031610828,0.008139905925081868,4.96002197265625,1,312.510009765625
2026-05-28,312.510009765625,312.510009765625,312.79998779296875,309.57000732421875,310.67999267578125,48220400,304.3,295.50599975585936,274.0421997070313,79.78600357416732,10.4243684976272,9.623630367311256,0.8007381303159438,317.86251126538696,295.50599975585936,273.14948824633177,5.573346084753687,43843120.0,0.005340207912225559,0.005325999563197865,3.22998046875,1,312.05999755859375
2026-05-29,312.05999755859375,312.05999755859375,315.0,309.5299987792969,311.7799987792969,70026800,305.68500061035155,297.54149932861327,275.284599609375,78.7682653098836,10.39167522083676,9.777239338016356,0.6144358828204037,318.06819257465463,297.54149932861327,277.0148060825719,5.565964308750075,47313310.0,-0.001439992937726231,-0.0014410307239461104,5.470001220703125,1,306.30999755859375
2026-06-01,306.30999755859375,306.30999755859375,310.94000244140625,305.0199890136719,309.6300048828125,48849900,306.2929992675781,298.8499984741211,276.43159942626954,67.0069135621108,9.788947722259195,9.779581014864924,0.009366707394271145,318.06747577965865,298.8499984741211,279.63252116858354,5.671253182762347,46712020.0,-0.018425943872925732,-0.0185978161231111,5.920013427734375,1,315.20001220703125
2026-06-02,315.20001220703125,315.20001220703125,315.45001220703125,306.69000244140625,307.4599914550781,44534700,308.0290008544922,300.76849975585935,277.7757995605469,73.5762284398113,9.914345321001122,9.806533876092164,0.10781144490895755,318.40588193968745,300.76849975585935,283.13111757203126,5.919021858882,47717190.0,0.029022933365852488,0.02860974364520492,8.760009765625,1,310.260009765625
2026-06-03,310.260009765625,310.260009765625,316.94000244140625,308.8500061035156,314.17999267578125,50836700,309.1580017089844,302.07250061035154,278.9511996459961,65.74275453854747,9.505533041829153,9.746333709239563,-0.24080066741040973,318.4205162822391,302.07250061035154,285.724484938464,6.074091464525473,48576500.0,-0.015672595971098935,-0.0157967095998125,8.089996337890625,1,311.2300109863281
2026-06-04,311.2300109863281,311.2300109863281,313.5400085449219,309.6499938964844,313.2300109863281,44869100,310.0560028076172,303.25850067138674,280.1429998779297,66.49703001496388,9.154292372997418,9.627925441991135,-0.47363306899371693,318.6204667944404,303.25850067138674,287.8965345483331,5.918085977662047,49240430.0,0.0031264139436979477,0.0031215368741391546,3.8900146484375,1,307.3399963378906
2026-06-05,307.3399963378906,307.3399963378906,315.1700134277344,307.1499938964844,312.8599853515625,65310500,310.29100341796874,304.2535003662109,281.2373999023437,60.72281339292542,8.46446683574112,9.395233720741132,-0.9307668850000113,317.86660617347627,304.2535003662109,290.64039455894556,6.068224088632616,51474970.0,-0.012498841728371679,-0.012577609274253502,8.02001953125,1,301.5400085449219
2026-06-08,301.5400085449219,301.5400085449219,317.3999938964844,301.1700134277344,308.739990234375,77949100,309.56300354003906,304.6645004272461,282.21040008544924,53.29234515524703,7.364866983058619,8.98916037320463,-1.6242933901460113,317.40048562950267,304.6645004272461,291.9285152249895,6.794063830069573,54902860.0,-0.01887156849768501,-0.01905190902330898,16.22998046875,0,290.54998779296875
2026-06-09,290.54998779296875,290.54998779296875,300.75,287.7799987792969,300.2799987792969,70108800,307.7850036621094,304.5580001831055,283.04539978027344,42.64407400074755,5.542730206777662,8.299874339919237,-2.7571441331415745,317.72151635606406,304.5580001831055,291.3944840101469,7.291631396894961,57113690.0,-0.03644631040831148,-0.03712706918079524,12.970001220703125,0,291.5799865722656
2026-06-10,291.5799865722656,291.5799865722656,294.75,287.3800048828125,290.739990234375,52793300,305.8580017089844,304.3970001220703,283.9443994140625,43.77789437649025,4.134130296566639,7.466725531248718,-3.3325952346820795,318.1016154122762,304.3970001220703,290.69238483186444,7.297228805487285,57349930.0,0.003544996808021894,0.0035387281174611347,7.3699951171875,0,295.6300048828125
2026-06-11,295.6300048828125,295.6300048828125,297.0,289.5899963378906,293.7200012207031,42572500,304.1700012207031,304.23500061035156,284.7811996459961,48.12065052144339,3.3064921660852633,6.634678858216028,-3.328186692130765,318.26974282834726,304.23500061035156,290.20025839235586,7.305284152388864,56785140.0,0.013889904990249002,0.013794324313997033,7.410003662109375,0,291.1300048828125
2026-06-12,291.1300048828125,291.1300048828125,297.1400146484375,289.6199951171875,296.0299987792969,38742100,302.077001953125,303.8810012817383,285.4911996459961,44.049308031469515,2.261402551991978,5.760023596971219,-3.4986210449792408,318.8329497355852,303.8810012817383,288.9290528278914,7.3206223937360875,53656670.0,-0.015221729613622226,-0.015338769356976291,7.52001953125,0,296.4200134277344
2026-06-15,296.4200134277344,296.4200134277344,297.7799987792969,291.70001220703125,294.1199951171875,45732600,301.08800354003904,303.6905014038086,286.3011999511719,49.46244389559298,1.8388241621748875,4.975783710011952,-3.1369595478370647,318.9182039119552,303.6905014038086,288.462798895662,7.272720358218108,53344940.0,0.018170605764429082,0.018007493246393634,6.079986572265625,0,299.239990234375
2026-06-16,299.239990234375,299.239990234375,300.4800109863281,293.9700012207031,295.25,39874400,299.49200134277345,303.7605010986328,287.10880004882813,52.121676033854975,1.7117443808003259,4.322975844169627,-2.6112314633693012,318.89255488772886,303.7605010986328,288.62844730953674,7.218241030175743,52878910.0,0.009513449426140408,0.009468481540986734,6.510009765625,0,295.95001220703125
2026-06-17,295.95001220703125,295.95001220703125,302.07000732421875,294.3599853515625,300.8500061035156,42745100,298.0610015869141,303.60950164794923,287.9578002929687,48.88953665797738,1.3302250014077117,3.7244256756172445,-2.3942006742095328,318.98801971923126,303.60950164794923,288.2309835766672,7.253368240352922,52069750.0,-0.010994446379867018,-0.011055331985774613,7.71002197265625,0,298.010009765625
2026-06-18,298.010009765625,298.010009765625,300.57000732421875,295.6199951171875,298.1099853515625,85962200,296.73900146484374,303.39750213623046,288.74000061035156,50.94093212487923,1.1804848370259151,3.2156375078989785,-2.0351526708730634,318.9609290024049,303.39750213623046,287.834075270056,7.088842809401373,56179060.0,0.006960626705947437,0.0069365133751416366,4.95001220703125,0,297.010009765625
2026-06-22,297.010009765625,297.010009765625,302.4200134277344,296.760009765625,297.30999755859375,44879900,295.7060028076172,302.99850311279295,289.47040100097655,49.8940298732601,0.9699421459914674,2.766498435517476,-1.7965562895260088,318.78572145626015,302.99850311279295,287.21128476932574,6.986782870309087,54136000.0,-0.0033555919842641613,-0.0033612346094813285,5.660003662109375,0,294.29998779296875
2026-06-23,294.29998779296875,294.29998779296875,301.6400146484375,294.17999267578125,297.5400085449219,52010900,294.98200073242185,302.27250213623046,290.14680053710936,47.070787239818,0.5777494854422685,2.328748645502435,-1.7509991600601666,318.2563316163502,302.27250213623046,286.2886726561107,7.020585663333884,51542180.0,-0.00912434558954689,-0.009166227388095017,7.46002197265625,0,293.0799865722656
2026-06-24,293.0799865722656,293.0799865722656,299.70001220703125,292.94000244140625,295.3599853515625,53081900,295.23500061035156,301.51000213623047,290.82440002441405,45.813976886246614,0.16656995902485505,1.8963129082069192,-1.7297429491820642,317.71861172464776,301.51000213623047,285.3013925478132,7.001973099211821,49839490.0,-0.004145434153267291,-0.004154050285409865,6.760009765625,0,275.1499938964844
2026-06-25,275.1499938964844,275.1499938964844,288.79998779296875,273.75,287.3999938964844,107013700,293.5920013427734,299.7250015258789,291.15080017089844,32.20454522937402,-1.5877902817807126,1.1994922702093929,-2.7872825519901054,318.9992586615517,299.7250015258789,280.45074439020607,7.882545490144237,55261530.0,-0.06117781321571136,-0.06312918215256177,15.04998779296875,0,281.1606140136719
